Index,demand
0,0.024928944
1,0.006437375
2,0.0
3,0.06396457
4,0.076565236
5,0.05568127
6,0.03558486
7,0.1348751
8,0.06293125
9,0.043759592
10,0.032112207
11,0.15663499
12,0.08534919
13,0.0435478
14,0.16416116
15,0.027622301
16,0.19913435
17,0.055155143
18,0.11845695
19,0.0
20,0.0
21,0.010802541
22,0.1136679
23,0.0
24,0.49366695
25,0.13049558
26,0.0
27,0.13496158
28,0.044604693
29,0.0
30,0.017866384
31,0.044424903
32,0.03763499
33,0.07168088
34,0.2944414
35,0.3482675
36,0.030829774
37,0.024516856
38,0.09503868
39,0.15729532
40,0.0
41,0.0
42,0.008358913
43,0.04556851
44,0.032780744
45,0.08651207
46,0.0
47,0.20076117
48,0.07208128
49,0.1240146
50,0.32543048
51,0.04469212
52,0.0
53,0.31356502
54,0.0
55,0.063633
56,0.26637024
57,0.02573041
58,0.042756163
59,0.05113152
60,0.03803608
61,0.053783346
62,0.059499733
63,0.07666801
64,0.0
65,0.21598192
66,0.013959195
67,0.043114744
68,0.038293455
69,0.056687463
70,0.025712064
71,0.04863053
72,0.0
73,0.02787695
74,0.019820873
75,0.011414737
76,0.033766355
77,0.1419959
78,0.18837655
79,0.034350365
80,0.026898177
81,0.0037463075
82,0.01571042
83,0.22656965
84,0.056961674
85,0.04117954
86,0.18760182
87,0.23782262
88,0.03880441
89,0.0
90,0.0
91,0.0050266376
92,0.08697566
93,0.15690954
94,0.25080687
95,0.021847239
96,0.015234911
97,0.019153241
98,0.0
99,0.0
100,0.020949991
101,0.030159783
102,0.060988635
103,0.1869859
104,0.04159632
105,0.03249438
106,0.035480585
107,0.10466904
108,0.34062907
109,0.08598994
110,0.02014179
111,0.014336417
112,0.037279118
113,0.055403
114,0.019626547
115,0.12690271
116,0.15073892
117,0.109440185
118,0.09368824
119,0.08510113
120,0.03377876
121,0.02618579
122,0.022760665
123,0.024683936
124,0.0
125,0.06637888
126,0.04701216
127,0.037982948
128,0.00553307
129,0.017851012
130,0.01024083
131,0.012032094
132,0.019880667
133,0.0
134,0.036122527
135,0.02673965
136,0.06173101
137,0.22052252
138,0.20557831
139,0.03016565
140,0.04362987
141,0.08480162
142,0.0687196
143,0.041926388
144,0.05965837
145,0.03687842
146,0.0
147,0.02575505
148,0.15302168
149,0.028255852
150,0.024092807
151,0.027540827
152,0.04567916
153,0.0637883
154,0.08372673
155,0.10065966
156,0.09974121
157,0.047006365
158,0.038456727
159,0.030196713
160,0.029347852
161,0.04234735
162,0.11419705
163,0.040167157
164,0.38656393
165,0.10111146
166,0.024692763
167,0.102749586
168,0.062132977
169,0.070473984
170,0.0294562
171,0.038143057
172,0.0022017763
173,0.059769694
174,0.018966144
175,0.017621655
176,0.062718466
177,0.029052807
178,0.05463756
179,0.054284036
180,0.052861296
181,0.112623185
182,0.21142693
183,0.04878455
184,0.02345233
185,0.08008961
186,0.0
187,0.03606999
188,0.019061316
189,0.073223665
190,0.04275666
191,0.09245525
192,0.038344603
193,0.10596397
194,0.034059547
195,0.044776976
196,0.04000985
197,0.024981553
198,0.13189194
199,0.023288675
200,0.06263835
201,0.03479624
202,0.017379856
203,0.02484873
204,0.030330783
205,0.043383453
206,0.054948486
207,0.1051854
208,0.051800065
209,0.14913684
210,0.10091988
211,0.107338026
212,0.011444556
213,0.091898695
214,0.050101466
215,0.019303815
216,0.046514638
217,0.0748889
218,0.018140014
219,0.019547025
220,0.05968879
221,0.03747184
222,0.01725148
223,0.062508
224,0.097768426
225,0.0427293
226,0.07524965
227,0.024083547
228,0.033702437
229,0.056459814
230,0.024281427
231,0.07357866
232,0.034851465
233,0.10305524
234,0.32783657
235,0.07644836
236,0.07722694
237,0.039665
238,0.057219606
239,0.070560694
240,0.044192806
241,0.042225305
242,0.005869096
243,0.22521825
244,0.054397784
245,0.06382925
246,0.055472616
247,0.08470205
248,0.02829656
249,0.038792405
250,0.0
251,0.005825378
252,0.007405797
253,0.021077517
254,0.18539353
255,0.03198944
256,0.023033984
257,0.082557276
258,0.46153158
259,0.067100525
260,0.0
261,0.074686825
262,0.044325378
263,0.17663091
264,0.16533405
265,0.051049106
266,0.010234417
267,0.03576355
268,0.04077244
269,0.08868499
270,0.13476717
271,0.023529712
272,0.15918678
273,0.08544135
274,0.058729168
275,0.0029075935
276,0.0054872925
277,0.031074394
278,0.033913236
279,0.0
280,0.08864823
281,0.07825305
282,0.10679039
283,0.042643953
284,0.0095382845
285,0.08201363
286,0.14899832
287,0.13728106
288,0.041116178
289,0.039332334
290,0.004710326
291,0.038322665
292,0.3976086
293,0.019394796
294,0.14376119
295,0.25758347
296,0.15833844
297,0.00042811193
298,0.0
299,0.043251522
300,0.051811628
301,0.13937178
302,0.13524143
303,0.04020103
304,0.07930532
305,0.13485397
306,0.125238
307,0.12475969
308,0.19875176
309,0.18835394
310,0.07994224
311,0.02214336
312,0.050493468
313,0.07445836
314,0.064033024
315,0.21329021
316,0.6695563
317,0.0076256273
318,0.054862887
319,0.25474834
320,0.020457016
321,0.040266518
322,0.22337738
323,0.00586457
324,0.037591044
325,0.057908397
326,0.0
327,0.023835486
328,0.18403667
329,0.02373349
330,0.055302355
331,0.15388596
332,0.119714744
333,0.19545503
334,0.18361165
335,0.17040186
336,0.017372947
337,0.14357963
338,0.087749556
339,0.08805238
340,0.6270647
341,0.27093208
342,0.29711333
343,0.013323827
344,0.15326162
345,0.022475556
346,0.0053513595
347,0.0116244545
348,0.0
349,0.041416235
350,0.0
351,0.0
352,0.0
353,0.045008894
354,0.066849805
355,0.07293219
356,0.08923661
357,0.08276052
358,0.09332516
359,0.08472847
360,0.018131405
361,0.083579764
362,0.15655833
363,0.0038423652
364,0.02487778
365,0.6784289
366,0.6886625
367,0.42660806
368,0.004417067
369,0.034610167
370,0.020315643
371,0.06045178
372,0.2753178
373,0.06618844
374,0.0060343277
375,0.054016605
376,0.0
377,0.03462262
378,0.045579035
379,0.023916144
380,0.0
381,0.17976476
382,0.0
383,0.0
384,0.06879145
385,0.06699
386,0.04003716
387,0.034208935
388,0.08164733
389,0.046540685
390,0.0016680049
391,0.08599748
392,0.077478915
393,0.06437829
394,0.68094563
395,0.68121564
396,0.42208862
397,0.03484067
398,0.039678115
399,0.1995814
400,0.06250787
401,0.17092629
402,0.023527907
403,0.07294149
404,0.0210869
405,0.07904446
406,0.09569632
407,0.12063725
408,0.14465627
409,0.3256643
410,0.22918895
411,0.11771901
412,0.11457366
413,0.069437616
414,0.052359086
415,0.1094825
416,0.011932942
417,0.021913452
418,0.009546187
419,0.116018124
420,0.12668301
421,0.06834365
422,0.08229665
423,0.003790885
424,0.6863702
425,0.9952031
426,0.73072386
427,0.061553314
428,0.030747378
429,0.12493407
430,0.21105611
431,0.012026625
432,0.009444539
433,0.012213982
434,0.010221518
435,0.023666851
436,0.06256666
437,0.030237881
438,0.19990352
439,0.53717947
440,0.054764874
441,0.07769825
442,0.06375751
443,0.13397841
444,0.06862295
445,0.088360526
446,0.08023658
447,0.019571358
448,0.0810936
449,0.0947477
450,0.09336834
451,0.03969645
452,0.021459132
453,0.29013056
454,0.24839024
455,0.17184865
456,0.063777
457,0.016159303
458,0.09826293
459,0.07710427
460,0.17157389
461,0.024633205
462,0.03945821
463,0.02508046
464,0.0010005574
465,0.0
466,0.014569713
467,0.013885689
468,0.14571285
469,0.38648975
470,0.18179986
471,0.14599615
472,0.083725005
473,0.14389008
474,0.13600373
475,0.3294314
476,0.0503613
477,0.006534829
478,0.020710537
479,0.023820154
480,0.12120414
481,0.1341347
482,0.09212659
483,0.2843247
484,0.19844225
485,0.14609763
486,0.8934656
487,0.118682034
488,0.010242806
489,0.11729308
490,0.1319548
491,0.010098224
492,0.030572034
493,0.2538713
494,0.0
495,0.04976969
496,0.021612642
497,0.016448919
498,0.029017182
499,0.11141831
500,0.17085198
501,0.20426798
502,0.2655249
503,0.2041111
504,0.13000056
505,0.14063518
506,0.18371235
507,0.0077681867
508,0.018449815
509,0.134551
510,0.07694087
511,0.048572227
512,0.24959269
513,0.20897652
514,0.3627903
515,0.19685197
516,0.0
517,0.0707568
518,0.113360494
519,0.062901236
520,0.024800053
521,0.004517378
522,0.011152866
523,0.015330463
524,0.026983796
525,0.05112219
526,0.07277409
527,0.08878529
528,0.08591164
529,0.23751011
530,0.589839
531,0.2412872
532,0.20476598
533,0.38505137
534,0.07844106
535,0.025157224
536,0.07525547
537,0.07791883
538,0.1296107
539,0.18629448
540,0.08824271
541,0.022044288
542,0.06544987
543,0.119827524
544,0.03250798
545,0.038718987
546,0.053596266
547,0.106975324
548,0.01614709
549,0.0072024837
550,0.03400127
551,0.023437938
552,0.0
553,0.01214454
554,0.03810315
555,0.02840951
556,0.0644319
557,0.1192649
558,0.14181994
559,0.082347505
560,0.43190083
561,0.40479404
562,0.234704
563,0.07469935
564,0.029285908
565,0.01433251
566,0.035488576
567,0.074451685
568,0.0
569,0.010558829
570,0.5883119
571,0.034869492
572,0.02412423
573,0.048206232
574,0.050459303
575,0.07976049
576,0.0083713345
577,0.030852351
578,0.0009933595
579,0.035296474
580,0.00505272
581,0.0
582,0.006104326
583,0.05777338
584,0.085110664
585,0.30736694
586,0.20662613
587,0.1004732
588,0.63378435
589,0.23504218
590,0.30958802
591,0.10156492
592,0.024151405
593,0.016703831
594,0.01939649
595,0.027517935
596,0.02694183
597,0.022867935
598,0.033626664
599,0.2932171
600,0.089615
601,0.2043469
602,0.027580895
603,0.06487289
604,0.093627915
605,0.11075729
606,0.15090671
607,0.042620882
608,0.0
609,0.0010298255
610,0.10926468
611,0.50272954
612,0.14007539
613,0.33621988
614,0.11976451
615,0.1903105
616,0.13090415
617,0.042220786
618,0.005118372
619,0.013566393
620,0.0
621,0.07838122
622,0.10250194
623,0.05766861
624,0.17640972
625,0.001118173
626,0.01989952
627,0.16879511
628,0.0033083942
629,0.0
630,0.09368785
631,0.08748356
632,0.022361182
633,0.09280755
634,0.14984287
635,0.07440475
636,0.066278644
637,0.035223227
638,0.083133355
639,0.06260013
640,0.03262379
641,0.10599434
642,0.10184354
643,0.036081593
644,0.030890953
645,0.039207056
646,0.10697538
647,0.030698273
648,0.0059625846
649,0.083968475
650,0.015406925
651,0.00515478
652,0.09515322
653,0.0
654,0.023362093
655,0.0
656,0.019532315
657,0.15431556
658,0.22866906
659,0.32121238
660,0.07937523
661,0.012262131
662,0.0
663,0.0060362476
664,0.03079446
665,0.0028543712
666,0.050403565
667,0.11804589
668,0.02118207
669,0.019615583
670,0.021725824
671,0.0018187633
672,0.035525788
673,0.059290674
674,0.15817484
675,0.0
676,0.0
677,0.00070631265
678,0.04958224
679,0.07807789
680,0.19863138
681,0.07948368
682,0.0
683,0.001988953
684,0.102769375
685,0.0
686,0.0
687,0.08431481
688,0.114510775
689,0.035060346
690,0.007125937
691,0.0145330485
692,0.17514592
693,0.0031320124
694,0.0061579067
695,0.09918865
696,0.008097386
697,0.025581924
698,0.0
699,0.0077059735
700,0.05235724
701,0.23478399
702,0.0063360687
703,0.019094631
704,0.022664089
705,0.024690956
706,0.04972282
707,0.18872842
708,0.05331225
709,0.15077808
710,0.087377355
711,0.046655137
712,0.05788306
713,0.032069523
714,0.022741942
715,0.183676
716,0.020300688
717,0.020099996
718,0.11560406
719,0.0
720,0.04672089
721,0.0
722,0.0
723,0.20466076
724,0.45152742
725,0.08975437
726,0.037303038
727,0.057862125
728,0.028090373
729,0.05754199
730,0.048470743
731,0.08309445
732,0.86397314
733,0.045745153
734,0.0
735,0.059154063
736,0.070718855
737,0.032640267
738,0.09331212
739,0.325741
740,0.040920973
741,0.11220397
742,0.021304186
743,0.00866606
744,0.009016662
745,0.019691361
746,0.011463363
747,0.0
748,0.0
749,0.04873814
750,0.018319258
751,0.014039862
752,0.044647627
753,0.010006803
754,0.16010831
755,0.038695868
756,0.037981384
757,0.0031548925
758,0.018369436
759,0.07047789
760,0.1067672
761,0.01993544
762,0.02935438
763,0.5842376
764,0.043124944
765,0.089890376
766,0.0
767,0.036046643
768,0.0
769,0.2471449
770,0.029859489
771,0.023619553
772,0.0117078405
773,0.042489734
774,0.12769286
775,0.021950746
776,0.10543596
777,0.060523152
778,0.029994935
779,0.03390014
780,0.2049226
781,0.022226937
782,0.02088414
783,0.0
784,0.0
785,0.008075537
786,0.12653261
787,0.058809306
788,0.0
789,0.01930574
790,0.049832962
791,0.15177129
792,0.08332494
793,0.055599615
794,0.06260356
795,0.047412757
796,0.048341904
797,0.03861224
798,0.16708644
799,0.10310178
800,0.021667028
801,0.0
802,0.010500032
803,0.0
804,0.00037081077
805,0.009005158
806,0.02796167
807,0.0
808,0.016716657
809,0.024877237
810,0.026534805
811,0.026344009
812,0.05276866
813,0.060358074
814,0.09924579
815,0.018908223
816,0.033050504
817,0.110117845
818,0.18426327
819,0.0
820,0.0
821,0.0
822,0.0001448082
823,0.014662547
824,0.013513975
825,0.0
826,0.011733941
827,0.016332319
828,0.006326369
829,0.0
830,0.05951755
831,0.045579314
832,0.035126645
833,0.017981082
834,0.030276831
835,0.0
836,0.0
837,0.06787072
838,0.0
839,0.019217847
840,0.0
841,0.02087316
842,0.0045304745
843,0.06661369
844,0.021809692
845,0.0060773385
846,0.022162037
847,0.16310643
848,0.03704078
849,0.043573257
850,0.05041685
851,0.0
852,0.058121726
853,0.0027104774
854,0.0
855,0.06867767
856,0.08593875
857,0.1130498
858,0.043556437
859,0.019433042
860,0.02149544
861,0.025817296
862,0.022880098
863,0.0
864,0.0
865,0.0
866,0.036218055
867,0.0
868,0.071149446
869,0.054500073
870,0.015052412
871,0.14853515
872,0.012977328
873,0.023406254
874,0.03178368
875,0.0
876,0.0017558745
877,0.046255253
878,0.02565205
879,0.0
880,0.022807658
881,0.020874973
882,0.019113803
883,0.12310575
884,0.12935624
885,0.041423563
886,0.074705936
887,0.0
888,0.06384611
889,0.04351808
890,0.081697345
891,0.073100604
892,0.052292675
893,0.03300481
894,0.05140152
895,0.015543166
896,0.054777164
897,0.09839196
898,0.030679148
899,0.12961967
900,0.040237222
901,0.1535464
902,0.08605775
903,0.0
904,0.046952445
905,0.1885932
906,0.05348265
907,0.22173001
908,0.079346955
909,0.14148621
910,0.024779571
911,0.0
912,0.0017564909
913,0.10044701
914,0.0
915,0.47860977
916,0.11703441
917,0.0
918,0.12426218
919,0.036593243
920,0.0052643945
921,0.027582116
922,0.01279746
923,0.0
924,0.0655123
925,0.11196599
926,0.2864362
927,0.34185857
928,0.023258485
929,0.020742765
930,0.0
931,0.09139162
932,0.1563361
933,0.0060457326
934,0.035777967
935,0.028175391
936,0.07217578
937,0.0
938,0.19724455
939,0.06529998
940,0.11882961
941,0.31908292
942,0.04214173
943,0.31114167
944,0.0
945,0.059306975
946,0.26528087
947,0.017163616
948,0.039374575
949,0.03801897
950,0.029438749
951,0.06972046
952,0.07217217
953,0.09093659
954,0.00081422366
955,0.055092826
956,0.23301235
957,0.029815169
958,0.029813094
959,0.058242533
960,0.056657765
961,0.06757443
962,0.041784238
963,0.054971736
964,0.03243806
965,0.014556735
966,0.013098104
967,0.036877964
968,0.14184284
969,0.18865727
970,0.006774702
971,0.0
972,0.018957054
973,0.24470724
974,0.07183456
975,0.0
976,0.056486312
977,0.20670563
978,0.25417376
979,0.050526984
980,0.014394488
981,0.0
982,0.012090669
983,0.0050646523
984,0.018083537
985,0.0073104734
986,0.088050775
987,0.16178182
988,0.25292653
989,0.01272588
990,0.01937876
991,0.0
992,0.0
993,0.034200862
994,0.055298768
995,0.1858112
996,0.030690683
997,0.038607683
998,0.027196454
999,0.016792221
1000,0.09901973
1001,0.33222726
1002,0.0
1003,0.08178777
1004,0.010323279
1005,0.0013058012
1006,0.02698299
1007,0.048704144
1008,0.007960787
1009,0.11069123
1010,0.13904254
1011,0.08701909
1012,0.08017799
1013,0.07146514
1014,0.0010813762
1015,0.019143537
1016,0.016190596
1017,0.027481373
1018,0.0
1019,0.07282131
1020,0.047388084
1021,0.02853363
1022,0.0030312515
1023,0.016777422
1024,0.005902542
1025,0.009289982
1026,0.015976202
1027,0.0
1028,0.033262525
1029,0.028079519
1030,0.05745452
1031,0.21303387
1032,0.20082416
1033,0.029008834
1034,0.041746944
1035,0.031306546
1036,0.07867788
1037,0.06778106
1038,0.0312569
1039,0.053504094
1040,0.019999256
1041,0.017661048
1042,0.14243475
1043,0.03018524
1044,0.026494367
1045,0.039309952
1046,0.06109324
1047,0.07313582
1048,0.08324903
1049,0.10712945
1050,0.10763921
1051,0.05163972
1052,0.04468623
1053,0.03526389
1054,0.038212217
1055,0.048459005
1056,0.118892126
1057,0.04165019
1058,0.39078167
1059,0.10892623
1060,0.019805584
1061,0.10559742
1062,0.070166074
1063,0.06877611
1064,0.0322736
1065,0.03023555
1066,0.003205158
1067,0.058678422
1068,0.042886723
1069,0.0
1070,0.019183787
1071,0.018311473
1072,0.07277581
1073,0.041986514
1074,0.068339914
1075,0.061919868
1076,0.050671887
1077,0.11738125
1078,0.2176132
1079,0.051706146
1080,0.027970113
1081,0.08344501
1082,0.0
1083,0.040469896
1084,0.036783207
1085,0.07620703
1086,0.042527948
1087,0.09496099
1088,0.044447694
1089,0.11134091
1090,0.04267307
1091,0.045913134
1092,0.04440189
1093,0.03660027
1094,0.026087176
1095,0.12227282
1096,0.0028694354
1097,0.022454565
1098,0.059835345
1099,0.031469155
1100,0.026302267
1101,0.016245222
1102,0.02418627
1103,0.039035864
1104,0.05496491
1105,0.067298606
1106,0.11146895
1107,0.048258416
1108,0.15254249
1109,0.1057539
1110,0.108907335
1111,0.0146100605
1112,0.09390183
1113,0.0
1114,0.053149104
1115,0.027800176
1116,0.048145775
1117,0.07330787
1118,0.019293508
1119,0.02429784
1120,0.06371345
1121,0.04473308
1122,0.01703535
1123,0.0674772
1124,0.093006566
1125,0.042482667
1126,0.06427817
1127,0.021897161
1128,0.02954714
1129,0.051618956
1130,0.0026621802
1131,0.029280214
1132,0.0814539
1133,0.043495256
1134,0.1056325
1135,0.32058862
1136,0.07614789
1137,0.07835468
1138,0.03752808
1139,0.056678858
1140,0.06885755
1141,0.046286874
1142,0.041566677
1143,0.015175126
1144,0.006913631
1145,0.2255367
1146,0.05795273
1147,0.059906896
1148,0.056735445
1149,0.076233916
1150,0.024343649
1151,0.024114631
1152,0.0
1153,0.0114019485
1154,0.025545843
1155,0.19922945
1156,0.048701663
1157,0.040514804
1158,0.09397156
1159,0.46312058
1160,0.07563707
1161,0.0023234964
1162,0.08138688
1163,0.052621648
1164,0.18376483
1165,0.17626512
1166,0.059227496
1167,0.04252543
1168,0.05065403
1169,0.09784042
1170,0.14715914
1171,0.028444346
1172,0.16928656
1173,0.08581023
1174,0.06179931
1175,0.018748492
1176,0.0
1177,0.0114355115
1178,0.014487395
1179,0.049442027
1180,0.05515722
1181,0.013379884
1182,0.10459433
1183,0.08437391
1184,0.119858764
1185,0.05714055
1186,0.020770175
1187,0.09484168
1188,0.16066399
1189,0.15274392
1190,0.053826366
1191,0.021838022
1192,0.05062601
1193,0.012791875
1194,0.052736033
1195,0.41129592
1196,0.03631858
1197,0.15320757
1198,0.27221507
1199,0.16323905
1200,0.004461607
1201,0.019482497
1202,0.052289043
1203,0.07021656
1204,0.1606531
1205,0.15729134
1206,0.04635927
1207,0.09241107
1208,0.14938794
1209,0.1365072
1210,0.137625
1211,0.21045478
1212,0.20385411
1213,0.09268985
1214,0.039090794
1215,0.061824463
1216,0.082577296
1217,0.07488644
1218,0.22774093
1219,0.68328077
1220,0.01710946
1221,0.06953185
1222,0.25968635
1223,0.029910328
1224,0.047905844
1225,0.23089086
1226,0.03259925
1227,0.0039055084
1228,0.036104184
1229,0.065789044
1230,0.0075029773
1231,0.035361055
1232,0.0
1233,0.17967065
1234,0.026314838
1235,0.05931191
1236,0.1546309
1237,0.12205574
1238,0.19663379
1239,0.18858756
1240,0.1726251
1241,0.025044892
1242,0.15000282
1243,0.08855621
1244,0.08564692
1245,0.62739354
1246,0.2748585
1247,0.30031356
1248,0.0005013669
1249,0.017468488
1250,0.14767532
1251,0.019590506
1252,0.0023405645
1253,0.0
1254,0.00473835
1255,0.064673
1256,0.01216402
1257,0.0
1258,0.06296639
1259,0.086235486
1260,0.08905318
1261,0.10695378
1262,0.099315315
1263,0.113677144
1264,0.10232778
1265,0.041298274
1266,0.1066278
1267,0.17835747
1268,0.020025138
1269,0.037848424
1270,0.694134
1271,0.70796496
1272,0.4451844
1273,0.023937803
1274,0.04439996
1275,0.023895824
1276,0.07294285
1277,0.28768292
1278,0.076584816
1279,0.015906643
1280,0.06250659
1281,0.0034509788
1282,0.044496264
1283,0.064820126
1284,0.04603364
1285,0.0034079917
1286,0.19658445
1287,0.0
1288,0.011857235
1289,0.08416154
1290,0.0790954
1291,0.053738687
1292,0.046748124
1293,0.097983725
1294,0.060124386
1295,0.020819344
1296,0.105029926
1297,0.09526247
1298,0.07654542
1299,0.6926352
1300,0.6965024
1301,0.43664932
1302,0.011219412
1303,0.050345816
1304,0.045452308
1305,0.20805685
1306,0.07085754
1307,0.17730705
1308,0.029384594
1309,0.0774159
1310,0.017633438
1311,0.076063186
1312,0.10208251
1313,0.12989981
1314,0.15468743
1315,0.3296291
1316,0.22332847
1317,0.118806
1318,0.11708886
1319,0.06868811
1320,0.053205717
1321,0.109166816
1322,0.015414402
1323,0.022642218
1324,0.013154684
1325,0.12231455
1326,0.13286059
1327,0.07327231
1328,0.08160889
1329,0.0
1330,0.6852049
1331,0.9976349
1332,0.7324296
1333,0.02821238
1334,0.12758423
1335,0.2066766
1336,0.007521416
1337,0.010109701
1338,0.008589416
1339,0.031402282
1340,0.07317853
1341,0.041618273
1342,0.2052175
1343,0.532668
1344,0.057201017
1345,0.08156262
1346,0.064357184
1347,0.13617429
1348,0.069656424
1349,0.09319121
1350,0.08231457
1351,0.024529038
1352,0.08873921
1353,0.102274425
1354,0.099646166
1355,0.04035793
1356,0.2903145
1357,0.25217167
1358,0.17490375
1359,0.07006857
1360,0.014973513
1361,0.10226235
1362,0.013678494
1363,0.06516317
1364,0.1685436
1365,0.02147721
1366,0.034333277
1367,0.02489813
1368,0.0012904053
1369,0.008879902
1370,0.027103435
1371,0.027188003
1372,0.15294872
1373,0.3839003
1374,0.18615788
1375,0.15178248
1376,0.0862466
1377,0.14800787
1378,0.13895917
1379,0.336184
1380,0.054361243
1381,0.013414463
1382,0.030278087
1383,0.033268835
1384,0.12940386
1385,0.13671808
1386,0.091497876
1387,0.2864306
1388,0.20414537
1389,0.1510746
1390,0.90167934
1391,0.1194182
1392,0.016164169
1393,0.107273936
1394,0.13084643
1395,0.008864168
1396,0.027369052
1397,0.2479789
1398,0.045369666
1399,0.02658014
1400,0.024292791
1401,0.03762965
1402,0.11396427
1403,0.16357277
1404,0.20393613
1405,0.26662135
1406,0.20194286
1407,0.12942849
1408,0.13890074
1409,0.18577507
1410,0.023327492
1411,0.13930975
1412,0.080450766
1413,0.046465743
1414,0.24427426
1415,0.2063924
1416,0.045656126
1417,0.3663141
1418,0.19289827
1419,0.0
1420,0.0667726
1421,0.09865146
1422,0.05710302
1423,0.018876133
1424,0.0
1425,0.0
1426,0.0041951803
1427,0.02521602
1428,0.052230768
1429,0.074651286
1430,0.08459599
1431,0.07189714
1432,0.23044297
1433,0.5842004
1434,0.23238382
1435,0.19745867
1436,0.3765817
1437,0.07376854
1438,0.023299647
1439,0.073279
1440,0.074693464
1441,0.120769046
1442,0.1742406
1443,0.078923345
1444,0.016322274
1445,0.062238235
1446,0.10913854
1447,0.027004205
1448,0.04287677
1449,0.08553103
1450,0.0
1451,0.019373162
1452,0.008285722
1453,0.021083018
1454,0.0
1455,0.02239443
1456,0.0512294
1457,0.04230435
1458,0.07226027
1459,0.11726799
1460,0.14677043
1461,0.08872639
1462,0.43501496
1463,0.40950438
1464,0.23825194
1465,0.08204449
1466,0.039327074
1467,0.023124808
1468,0.0386645
1469,0.07441549
1470,0.0
1471,0.019364852
1472,0.5896407
1473,0.04138339
1474,0.020907167
1475,0.04950439
1476,0.041032605
1477,0.07924471
1478,0.0077297827
1479,0.02824185
1480,0.0
1481,0.030779617
1482,0.0044817934
1483,0.056919437
1484,0.07819025
1485,0.29062122
1486,0.19682787
1487,0.09210327
1488,0.6221498
1489,0.22500363
1490,0.29838714
1491,0.09416128
1492,0.01944379
1493,0.010747353
1494,0.007823621
1495,0.0127329575
1496,0.014891373
1497,0.01692517
1498,0.020206535
1499,0.28498212
1500,0.07164919
1501,0.19089618
1502,0.0034054318
1503,0.049608283
1504,0.07823758
1505,0.093398035
1506,0.1330234
1507,0.023355225
1508,0.008854777
1509,0.111023165
1510,0.4946623
1511,0.138956
1512,0.33652866
1513,0.11680874
1514,0.18895085
1515,0.12838219
1516,0.04349607
1517,0.0
1518,0.013066036
1519,0.0
1520,0.073640026
1521,0.10294595
1522,0.048381682
1523,0.17163791
1524,0.0
1525,0.013313837
1526,0.1601147
1527,0.0
1528,0.0
1529,0.09161528
1530,0.07558578
1531,0.0174109
1532,0.08602077
1533,0.14465229
1534,0.06805177
1535,0.06372286
1536,0.034114614
1537,0.07640833
1538,0.052663047
1539,0.025421193
1540,0.10238902
1541,0.10074865
1542,0.027509367
1543,0.027503913
1544,0.09837265
1545,0.01137071
1546,0.0
1547,0.07145707
1548,0.00020606187
1549,0.014720893
1550,0.09865285
1551,0.0
1552,0.023983987
1553,0.0
1554,0.018317752
1555,0.15469714
1556,0.22788829
1557,0.32422885
1558,0.079638965
1559,0.0
1560,0.0327614
1561,0.0040951464
1562,0.054880906
1563,0.11504583
1564,0.013636305
1565,0.01658502
1566,0.007970425
1567,0.0
1568,0.0063484614
1569,0.0513685
1570,0.06906686
1571,0.15812582
1572,0.0
1573,0.0
1574,0.005768303
1575,0.056240387
1576,0.083573684
1577,0.20792432
1578,0.08602399
1579,0.011492202
1580,0.012729106
1581,0.10789313
1582,0.0014341398
1583,0.0017639726
1584,0.09183215
1585,0.12526466
1586,0.038336877
1587,0.0094917985
1588,0.016286902
1589,0.17657788
1590,0.009445696
1591,0.0022725961
1592,0.015172774
1593,0.102137074
1594,0.001220562
1595,0.025652573
1596,0.0
1597,0.005940168
1598,0.05218757
1599,0.23345199
1600,0.008801231
1601,0.017390588
1602,0.017747948
1603,0.022509303
1604,0.05113844
1605,0.18941794
1606,0.057238337
1607,0.14722683
1608,0.0890113
1609,0.038558092
1610,0.016292257
1611,0.043576382
1612,0.026673693
1613,0.17566158
1614,0.010903877
1615,0.01241278
1616,0.10542416
1617,0.0
1618,0.05417858
1619,0.0
1620,0.0
1621,0.0
1622,0.20740421
1623,0.45586693
1624,0.092931695
1625,0.044277508
1626,0.067651555
1627,0.0377609
1628,0.0337032
1629,0.060347274
1630,0.04806391
1631,0.08542212
1632,0.86989814
1633,0.05418054
1634,0.0
1635,0.06529733
1636,0.0671312
1637,0.022842959
1638,0.092425704
1639,0.3247285
1640,0.037939828
1641,0.1086988
1642,0.016416693
1643,0.0012163331
1644,0.002995485
1645,0.009309909
1646,0.010159395
1647,0.008878875
1648,0.0
1649,0.044751003
1650,0.018129304
1651,0.0072612045
1652,0.047153678
1653,0.016451094
1654,0.0056476295
1655,0.15527146
1656,0.0360158
1657,0.004425822
1658,0.0121630225
1659,0.06945664
1660,0.09601502
1661,0.013698499
1662,0.021303466
1663,0.5760611
1664,0.032979377
1665,0.07922069
1666,0.0
1667,0.041397315
1668,0.0
1669,0.0070925197
1670,0.0038251788
1671,0.24937741
1672,0.030929804
1673,0.02993421
1674,0.04630767
1675,0.13078462
1676,0.028279113
1677,0.012147351
1678,0.109472215
1679,0.05482842
1680,0.02881543
1681,0.030906618
1682,0.20180327
1683,0.015271949
1684,0.010972691
1685,0.0
1686,0.0075382893
1687,0.0
1688,0.0
1689,0.0138925
1690,0.13068096
1691,0.061795395
1692,0.0
1693,0.025524067
1694,0.02753616
1695,0.055566676
1696,0.15677884
1697,0.09156909
1698,0.056366403
1699,0.06855557
1700,0.043633815
1701,0.0490782
1702,0.020479722
1703,0.03753454
1704,0.16588293
1705,0.099929415
1706,0.016588278
1707,0.0
1708,0.0063567343
1709,0.0
1710,0.0
1711,0.0046215653
1712,0.02241571
1713,0.0
1714,0.02582449
1715,0.023545723
1716,0.049244255
1717,0.060070198
1718,0.09148057
1719,0.016328186
1720,0.014529867
1721,0.10050815
1722,0.0015766353
1723,0.17255884
1724,0.0023612345
1725,0.0
1726,0.0
1727,0.013710505
1728,0.011399565
1729,0.0
1730,0.013845882
1731,0.006959629
1732,0.0
1733,0.062661216
1734,0.0412151
1735,0.020037541
1736,0.035212938
1737,0.009184175
1738,0.0062983744
1739,0.006095901
1740,0.0
1741,0.07300599
1742,0.002448447
1743,0.022516627
1744,0.0
1745,0.0
1746,0.031217845
1747,0.007007689
1748,0.013507399
1749,0.005622898
1750,0.07309394
1751,0.018777264
1752,0.007560131
1753,0.012919961
1754,0.16277517
1755,0.036583863
1756,0.04114741
1757,0.04746695
1758,0.0020012634
1759,0.065711
1760,0.011727962
1761,0.0
1762,0.07486427
1763,0.0
1764,0.09873748
1765,0.121984065
1766,0.02714397
1767,0.036768366
1768,0.021555848
1769,0.021523582
1770,0.025321376
1771,0.0
1772,0.0037197466
1773,0.0
1774,0.0
1775,0.0036329376
1776,0.041482832
1777,0.0
1778,0.00908119
1779,0.082907446
1780,0.06251247
1781,0.02233875
1782,0.002375398
1783,0.14973602
1784,0.02198852
1785,0.02898362
1786,0.0075087645
1787,0.0017964327
1788,0.006458611
1789,0.052554145
1790,0.03078859
1791,0.0
1792,0.028988691
1793,0.0501873
1794,0.029494684
1795,0.0270464
1796,0.12739246
1797,0.13724042
1798,0.008161747
1799,0.033585474
1800,0.07577874
1801,0.023575366
1802,0.06567408
1803,0.047968064
1804,0.0451742
1805,0.05494946
1806,0.05400049
1807,0.03544599
1808,0.049358405
1809,0.04950417
1810,0.07467813
1811,0.1080081
1812,0.07995171
1813,0.07648146
1814,0.027314706
1815,0.017996848
1816,0.13687296
1817,0.074658036
1818,0.17116535
1819,0.048961803
1820,0.20692419
1821,0.0652745
1822,0.12292966
1823,0.01149652
1824,0.024726398
1825,0.021962427
1826,0.10050776
1827,0.0
1828,0.48129252
1829,0.12045053
1830,0.0
1831,0.13678823
1832,0.03445846
1833,0.0
1834,0.035524
1835,0.005992022
1836,0.035420448
1837,0.023767436
1838,0.009731329
1839,0.0
1840,0.10857819
1841,0.16793892
1842,0.33212414
1843,0.38828003
1844,0.0651955
1845,0.14692281
1846,0.19720651
1847,0.036333308
1848,0.026583906
1849,0.0866215
1850,0.11211481
1851,0.009130739
1852,0.23631567
1853,0.09408604
1854,0.14834891
1855,0.3441184
1856,0.07245063
1857,0.3497712
1858,0.0008436352
1859,0.08613791
1860,0.29132605
1861,0.051105265
1862,0.06326791
1863,0.06105612
1864,0.05509393
1865,0.03086997
1866,0.093338855
1867,0.085505605
1868,0.10500337
1869,0.07045663
1870,0.25618908
1871,0.0412256
1872,0.069620766
1873,0.06725007
1874,0.08606345
1875,0.050224956
1876,0.06255624
1877,0.04968137
1878,0.023264702
1879,0.15463142
1880,0.059286237
1881,0.197695
1882,0.019713052
1883,0.03446036
1884,0.02685298
1885,0.25015646
1886,0.06699883
1887,0.047899622
1888,0.20339268
1889,0.25136864
1890,0.0026242046
1891,0.0437682
1892,0.004233257
1893,0.0
1894,0.0023622052
1895,0.010116927
1896,0.0
1897,0.04979516
1898,0.07889308
1899,0.15789783
1900,0.24955025
1901,0.017235842
1902,0.00539605
1903,0.008646456
1904,0.023901332
1905,0.044143025
1906,0.1772735
1907,0.026132615
1908,0.03440893
1909,0.02448338
1910,0.029799145
1911,0.10241181
1912,0.3361271
1913,0.07974326
1914,0.012284896
1915,0.0012520723
1916,0.02352681
1917,0.05560381
1918,0.014985638
1919,0.10681161
1920,0.13778104
1921,0.08973716
1922,0.08325534
1923,0.07601963
1924,0.001955452
1925,0.028079899
1926,0.02309544
1927,0.023625722
1928,0.079382315
1929,0.050860986
1930,0.035543453
1931,0.0
1932,0.02608068
1933,0.0049208114
1934,0.009041629
1935,0.01124357
1936,0.0
1937,0.034311235
1938,0.023183957
1939,0.056565084
1940,0.21012914
1941,0.19451696
1942,0.03305741
1943,0.03881003
1944,0.027583702
1945,0.08285169
1946,0.06190652
1947,0.024526231
1948,0.049391452
1949,0.019866295
1950,0.019364515
1951,0.14533776
1952,0.030389098
1953,0.024666723
1954,0.02672175
1955,0.0589217
1956,0.06787625
1957,0.08152635
1958,0.09479318
1959,0.108209975
1960,0.041925482
1961,0.035705358
1962,0.021798726
1963,0.030020714
1964,0.04077519
1965,0.109270215
1966,0.030012868
1967,0.37574217
1968,0.10424233
1969,0.020112041
1970,0.101038754
1971,0.0555591
1972,0.053312935
1973,0.019428425
1974,0.021370074
1975,0.0
1976,0.05396082
1977,0.033275373
1978,0.022428246
1979,0.019524427
1980,0.06322823
1981,0.03660625
1982,0.069208995
1983,0.059700828
1984,0.051989768
1985,0.10808557
1986,0.22122459
1987,0.045032512
1988,0.022029862
1989,0.07302049
1990,0.0
1991,0.008650422
1992,0.026975043
1993,0.069625676
1994,0.03393125
1995,0.082961805
1996,0.042804345
1997,0.102712095
1998,0.03325827
1999,0.04439503
2000,0.03283552
2001,0.024177676
2002,0.01628264
2003,0.116447955
2004,0.0
2005,0.058158334
2006,0.028680284
2007,0.02161306
2008,0.027522612
2009,0.031611666
2010,0.051708028
2011,0.07029108
2012,0.111373365
2013,0.05169966
2014,0.14537027
2015,0.111488655
2016,0.10435712
2017,0.01079321
2018,0.085600704
2019,0.0
2020,0.05062928
2021,0.0436878
2022,0.066834584
2023,0.009417767
2024,0.024777917
2025,0.057208043
2026,0.03744167
2027,0.017640648
2028,0.05803416
2029,0.0827074
2030,0.03480149
2031,0.060576655
2032,0.020032117
2033,0.029993545
2034,0.058748968
2035,0.007760687
2036,0.023618238
2037,0.07995921
2038,0.048249897
2039,0.1072991
2040,0.32579207
2041,0.07073779
2042,0.08585161
2043,0.03474
2044,0.054624155
2045,0.062318604
2046,0.04502157
2047,0.040809035
2048,0.004963073
2049,0.009155897
2050,0.22079346
2051,0.05242354
2052,0.062274348
2053,0.04905463
2054,0.06769692
2055,0.018424673
2056,0.022175323
2057,0.019134944
2058,0.03124733
2059,0.19417048
2060,0.047809936
2061,0.045872428
2062,0.09624114
2063,0.46892703
2064,0.07082995
2065,0.010423368
2066,0.07920184
2067,0.051169932
2068,0.17782885
2069,0.1756028
2070,0.059072852
2071,0.04043264
2072,0.05349925
2073,0.09370016
2074,0.14223291
2075,0.031414803
2076,0.16220874
2077,0.07787623
2078,0.060822297
2079,0.016666299
2080,0.017222254
2081,0.018242616
2082,0.04243675
2083,0.052319266
2084,0.016791258
2085,0.10491765
2086,0.08823413
2087,0.11310538
2088,0.063294165
2089,0.01663881
2090,0.09144373
2091,0.15278178
2092,0.15013537
2093,0.05172547
2094,0.013792848
2095,0.04658697
2096,0.0067374897
2097,0.05363504
2098,0.40520942
2099,0.0294461
2100,0.1542318
2101,0.26319084
2102,0.15335883
2103,0.003015464
2104,0.0104152085
2105,0.024007188
2106,0.054782223
2107,0.061949316
2108,0.15655316
2109,0.15944071
2110,0.048957404
2111,0.08439562
2112,0.1542795
2113,0.13111381
2114,0.13296495
2115,0.20131053
2116,0.19998354
2117,0.08932686
2118,0.05652346
2119,0.07526085
2120,0.06416749
2121,0.22737788
2122,0.6759326
2123,0.027952485
2124,0.016871609
2125,0.059245717
2126,0.24854414
2127,0.043720495
2128,0.22818269
2129,0.011168466
2130,0.041335642
2131,0.06025996
2132,0.006141237
2133,0.04024864
2134,0.185007
2135,0.02103768
2136,0.06694178
2137,0.15197578
2138,0.12013397
2139,0.19022778
2140,0.1874552
2141,0.17200045
2142,0.019255254
2143,0.14343385
2144,0.08599336
2145,0.08106873
2146,0.6194131
2147,0.27723378
2148,0.29570332
2149,0.0030017802
2150,0.009920613
2151,0.13927129
2152,0.019715462
2153,0.018143445
2154,0.0023706234
2155,0.0
2156,0.0021861186
2157,0.056869745
2158,0.013289376
2159,0.011689398
2160,0.0
2161,0.055415053
2162,0.09159122
2163,0.08412394
2164,0.1027579
2165,0.090635166
2166,0.11027066
2167,0.099428944
2168,0.031551447
2169,0.09856403
2170,0.16951439
2171,0.015188191
2172,0.03099614
2173,0.68387944
2174,0.7080664
2175,0.4383
2176,0.014115846
2177,0.033721767
2178,0.01981535
2179,0.06922163
2180,0.28543878
2181,0.07665221
2182,0.0148621565
2183,0.008876382
2184,0.04789018
2185,0.057453573
2186,0.042834334
2187,0.006458028
2188,0.19654638
2189,0.0
2190,0.0047425213
2191,0.089953825
2192,0.074602716
2193,0.049979392
2194,0.038504545
2195,0.09501379
2196,0.057662174
2197,0.011509105
2198,0.09740271
2199,0.08685593
2200,0.07214502
2201,0.68281704
2202,0.6970403
2203,0.43020144
2204,0.011882264
2205,0.04096042
2206,0.035210695
2207,0.0017866652
2208,0.20477231
2209,0.06905002
2210,0.17781106
2211,0.028776664
2212,0.073026106
2213,0.031978473
2214,0.08837671
2215,0.10363553
2216,0.13562024
2217,0.16665712
2218,0.33851072
2219,0.23574686
2220,0.12061088
2221,0.13180065
2222,0.07311506
2223,0.058366064
2224,0.109842844
2225,0.021364134
2226,0.029099606
2227,0.027424894
2228,0.121923886
2229,0.13415302
2230,0.0737854
2231,0.08612814
2232,0.0023949365
2233,0.684306
2234,1.0
2235,0.73490125
2236,0.068181455
2237,0.03779492
2238,0.12711848
2239,0.21231164
2240,0.014633517
2241,0.005593871
2242,0.022801517
2243,0.019249722
2244,0.03130206
2245,0.0772456
2246,0.051934727
2247,0.21244584
2248,0.54343325
2249,0.057352714
2250,0.09462131
2251,0.06713091
2252,0.13968143
2253,0.068679236
2254,0.09748769
2255,0.08711871
2256,0.037146077
2257,0.08669532
2258,0.101913616
2259,0.09850604
2260,0.043223966
2261,0.019759161
2262,0.2877628
2263,0.25997576
2264,0.17572235
2265,0.070101105
2266,0.02290279
2267,0.10014332
2268,0.010703314
2269,0.06878564
2270,0.17252548
2271,0.026936114
2272,0.04210366
2273,0.0374795
2274,0.011840306
2275,0.008669305
2276,0.031060096
2277,0.037394002
2278,0.16006662
2279,0.39455524
2280,0.18619914
2281,0.16473079
2282,0.08890989
2283,0.15140454
2284,0.13787158
2285,0.34037012
2286,0.059054974
2287,0.025921032
2288,0.028123813
2289,0.03279759
2290,0.12815332
2291,0.13947369
2292,0.09223811
2293,0.2837686
2294,0.21183898
2295,0.15178275
2296,0.90160125
2297,0.12723696
2298,0.013934758
2299,0.11078596
2300,0.13471788
2301,0.035028994
2302,0.2573162
2303,0.05517313
2304,0.025623078
2305,0.027503021
2306,0.047089234
2307,0.12033579
2308,0.17348108
2309,0.20323093
2310,0.27882308
2311,0.2038597
2312,0.1320787
2313,0.13706669
2314,0.18921469
2315,0.020426786
2316,0.13809212
2317,0.07845381
2318,0.048474945
2319,0.24426804
2320,0.20298372
2321,0.052603327
2322,0.36548975
2323,0.19997069
2324,0.06555857
2325,0.101417094
2326,0.060227986
2327,0.023478165
2328,0.003538026
2329,0.013553036
2330,0.0161713
2331,0.026431618
2332,0.057613682
2333,0.08628356
2334,0.09314017
2335,0.08397816
2336,0.23191042
2337,0.5985748
2338,0.23647325
2339,0.20228148
2340,0.37692037
2341,0.07938084
2342,0.074234016
2343,0.07486916
2344,0.12495089
2345,0.176407
2346,0.07768733
2347,0.02544209
2348,0.01335747
2349,0.06358661
2350,0.11838362
2351,0.043835364
2352,0.09046932
2353,0.0013179813
2354,0.028459325
2355,0.016260011
2356,0.025275443
2357,0.0032028588
2358,0.016793627
2359,0.049795907
2360,0.047120187
2361,0.07398797
2362,0.122532606
2363,0.14142151
2364,0.09628443
2365,0.43228802
2366,0.40751082
2367,0.23177415
2368,0.08084031
2369,0.033465695
2370,0.016484117
2371,0.036029927
2372,0.069765516
2373,0.0
2374,0.0
2375,0.013896831
2376,0.59206957
2377,0.033763785
2378,0.012431384
2379,0.043646596
2380,0.0391545
2381,0.0777258
2382,0.007688097
2383,0.030511634
2384,0.028155645
2385,0.005991062
2386,0.0
2387,0.012693374
2388,0.071380384
2389,0.08956304
2390,0.30553108
2391,0.201124
2392,0.10930641
2393,0.629068
2394,0.23265532
2395,0.30155462
2396,0.10260219
2397,0.023227472
2398,0.013751721
2399,0.017728085
2400,0.016484026
2401,0.032280285
2402,0.2870077
2403,0.07281839
2404,0.19468345
2405,0.011172398
2406,0.057734534
2407,0.08784091
2408,0.10531284
2409,0.14382632
2410,0.030376328
2411,0.0044570705
2412,0.02739766
2413,0.12647787
2414,0.51365435
2415,0.14733411
2416,0.35781357
2417,0.1278089
2418,0.2006844
2419,0.13563146
2420,0.056018982
2421,0.014927133
2422,0.0
2423,0.0
2424,0.006553661
2425,0.022110969
2426,0.0040473198
2427,0.0897957
2428,0.10905335
2429,0.05363291
2430,0.17950715
2431,0.0
2432,0.025522025
2433,0.17611152
2434,0.008988902
2435,0.0017881047
2436,0.005393133
2437,0.095769286
2438,0.08327669
2439,0.0144881895
2440,0.085720144
2441,0.14508502
2442,0.064000234
2443,0.06494498
2444,0.07619999
2445,0.050439347
2446,0.019795017
2447,0.1071187
2448,0.09770684
2449,0.032364253
2450,0.022310544
2451,0.020039506
2452,0.0949411
2453,0.011918823
2454,0.0
2455,0.07615308
2456,0.0
2457,0.0065793986
2458,0.028161801
2459,0.10900567
2460,0.0
2461,0.0272601
2462,0.0
2463,0.024215914
2464,0.16132867
2465,0.23003559
2466,0.3316498
2467,0.08756757
2468,0.043689847
2469,0.008038145
2470,0.058037966
2471,0.12609951
2472,0.013785557
2473,0.019352298
2474,0.014717373
2475,0.0069264597
2476,0.005431855
2477,0.003365612
2478,0.016131394
2479,0.059132826
2480,0.0737431
2481,0.16633897
2482,0.0
2483,0.005989926
2484,0.057195388
2485,0.08004438
2486,0.20966877
2487,0.08827599
2488,0.008579293
2489,0.10820703
2490,0.00701589
2491,0.09009856
2492,0.122745074
2493,0.04371404
2494,0.0048207073
2495,0.0074626775
2496,0.008124598
2497,0.17800768
2498,0.008815403
2499,0.006948929
2500,0.022914235
2501,0.1067904
2502,0.009410812
2503,0.023229223
2504,0.007823811
2505,0.0061388807
2506,0.053119674
2507,0.22989976
2508,0.0105227465
2509,0.017681614
2510,0.01602363
2511,0.017382523
2512,0.056367435
2513,0.1876615
2514,0.054695904
2515,0.15258107
2516,0.08431725
2517,0.033007883
2518,0.04462386
2519,0.028080473
2520,0.020104324
2521,0.17974499
2522,0.011205497
2523,0.017066197
2524,0.11229686
2525,0.012987486
2526,0.06646708
2527,0.0
2528,0.0
2529,0.21523808
2530,0.46443415
2531,0.09701459
2532,0.053634085
2533,0.006124504
2534,0.07066777
2535,0.042460177
2536,0.037623163
2537,0.0682734
2538,0.053974677
2539,0.08793035
2540,0.88276243
2541,0.059273172
2542,0.010561991
2543,0.06823838
2544,0.069216035
2545,0.008148315
2546,0.03152555
2547,0.10146752
2548,0.3352476
2549,0.05077025
2550,0.12041733
2551,0.024353404
2552,0.017503256
2553,0.008581698
2554,0.01296809
2555,0.0010739809
2556,0.0
2557,0.0
2558,0.035817247
2559,0.01446923
2560,0.0388363
2561,0.00055708777
2562,0.14476308
2563,0.037303835
2564,0.028877763
2565,0.0
2566,0.0121357385
2567,0.05938103
2568,0.08508326
2569,0.0053847707
2570,0.01732868
2571,0.57356364
2572,0.03279315
2573,0.07792261
2574,0.028191255
2575,0.0
2576,0.039446414
2577,0.0
2578,0.0
2579,0.0077046156
2580,0.2437053
2581,0.020773347
2582,0.019614855
2583,0.04493246
2584,0.122424066
2585,0.019132448
2586,0.010897356
2587,0.09817396
2588,0.042673964
2589,0.019278994
2590,0.025709141
2591,0.19808292
2592,0.0127511835
2593,0.009021875
2594,0.0
2595,0.009343242
2596,0.0
2597,0.0
2598,0.021527808
2599,0.12876463
2600,0.055394836
2601,0.020972673
2602,0.057947323
2603,0.15217403
2604,0.08617826
2605,0.0588723
2606,0.06101322
2607,0.043297622
2608,0.018678831
2609,0.036092933
2610,0.16591841
2611,0.10227641
2612,0.014041547
2613,0.0
2614,0.0022131123
2615,0.00425024
2616,0.0
2617,0.0038333747
2618,0.017143248
2619,0.0
2620,0.021168413
2621,0.020797804
2622,0.027054459
2623,0.045767505
2624,0.055807494
2625,0.095114514
2626,0.0026966094
2627,0.01385706
2628,0.10019459
2629,0.0027402793
2630,0.17603399
2631,0.021379955
2632,0.010351678
2633,0.0
2634,0.0011323999
2635,0.017979708
2636,0.0111845
2637,0.04658744
2638,0.024010764
2639,0.017474001
2640,0.0
2641,0.06345586
2642,0.042738285
2643,0.04162002
2644,0.02442213
2645,0.043745417
2646,0.01660474
2647,0.0060583157
2648,0.0
2649,0.065891735
2650,0.00824122
2651,0.018024417
2652,0.0
2653,0.0
2654,0.021908069
2655,0.07363206
2656,0.008536139
2657,0.0
2658,0.15949108
2659,0.04165187
2660,0.046859514
2661,0.0068489336
2662,0.0027783203
2663,0.059411332
2664,0.01833537
2665,0.0
2666,0.067435786
2667,0.0
2668,0.0902423
2669,0.1233368
2670,0.02151125
2671,0.019552473
2672,0.033939548
2673,0.019086342
2674,0.02284266
2675,0.025528565
2676,0.009554474
2677,0.0
2678,0.0
2679,0.0044775624
2680,0.0010980665
2681,0.034463678
2682,0.0
2683,0.007843384
2684,0.06427457
2685,0.1476759
2686,0.0
2687,0.030709404
2688,0.004459561
2689,0.0
2690,0.008440985
2691,0.022791602
2692,0.0
2693,0.002545208
2694,0.099488884
2695,0.11969264
2696,0.011856082
2697,0.05440862
2698,0.065772004
2699,0.057649206
2700,0.05429414
2701,0.07404699
2702,0.080203734
2703,0.077388294
2704,0.11208745
2705,0.07642485
2706,0.131297
2707,0.028328152
2708,0.05076473
2709,0.154422
2710,0.098707266
2711,0.008026172
2712,0.007688475
2713,0.037931994
2714,0.17842004
2715,0.22040701
2716,0.07115105
2717,0.13051127
2718,0.025578545
2719,0.0
2720,0.07935875
2721,0.0
2722,0.00996022
2723,0.121159635
2724,0.015305037
2725,0.5081723
2726,0.13972434
2727,0.0060126083
2728,0.13838139
2729,0.046652786
2730,0.0
2731,0.029390717
2732,0.0500595
2733,0.041531894
2734,0.02311862
2735,0.0070537324
2736,0.11037848
2737,0.16886157
2738,0.34015256
2739,0.38870224
2740,0.0673229
2741,0.07658118
2742,0.12966451
2743,0.19054931
2744,0.0311311
2745,0.08240896
2746,0.06788351
2747,0.1066505
2748,0.0
2749,0.21301278
2750,0.077888966
2751,0.12454563
2752,0.32202014
2753,0.05685274
2754,0.30828738
2755,0.0
2756,0.0
2757,0.06645956
2758,0.26283357
2759,0.022667238
2760,0.037955295
2761,0.031366322
2762,0.028239742
2763,0.0
2764,0.08207592
2765,0.081348404
2766,0.093239985
2767,0.012112441
2768,0.067980304
2769,0.2267451
2770,0.028861225
2771,0.045241132
2772,0.050797563
2773,0.069665335
2774,0.044906367
2775,0.05637892
2776,0.06813156
2777,0.16991714
2778,0.06696575
2779,0.2070797
2780,0.04153895
2781,0.0034574512
2782,0.0024599452
2783,0.29537487
2784,0.1193227
2785,0.09432266
2786,0.25631618
2787,0.30537343
2788,0.08788504
2789,0.05134486
2790,0.028900582
2791,0.037918027
2792,0.024135021
2793,0.04557065
2794,0.033311266
2795,0.05178379
2796,0.0023274114
2797,0.0685745
2798,0.078226
2799,0.101422906
2800,0.18692793
2801,0.2796622
2802,0.025619753
2803,0.031864874
2804,0.043216642
2805,0.059081182
2806,0.19504729
2807,0.054317005
2808,0.038666494
2809,0.036376026
2810,0.11719418
2811,0.35199094
2812,0.07579652
2813,0.013898991
2814,0.0072280467
2815,0.032497536
2816,0.0710084
2817,0.016927795
2818,0.017760625
2819,0.10750203
2820,0.14130712
2821,0.09218321
2822,0.08891572
2823,0.07771445
2824,0.02978488
2825,0.028659971
2826,0.02558796
2827,0.08887852
2828,0.05376826
2829,0.041003447
2830,0.0046947883
2831,0.03047037
2832,0.016416254
2833,0.012930834
2834,0.016837962
2835,0.010970217
2836,0.04748754
2837,0.018971913
2838,0.055491537
2839,0.21341749
2840,0.20080002
2841,0.045774356
2842,0.046824254
2843,0.02678383
2844,0.0821062
2845,0.06428642
2846,0.022528965
2847,0.050229818
2848,0.019624671
2849,0.01837164
2850,0.14355357
2851,0.031581126
2852,0.029718312
2853,0.02817102
2854,0.005054703
2855,0.067904994
2856,0.07027056
2857,0.086473405
2858,0.09954754
2859,0.11208669
2860,0.052907947
2861,0.0390816
2862,0.026880162
2863,0.041602448
2864,0.053438496
2865,0.10768371
2866,0.032788232
2867,0.3815122
2868,0.11644624
2869,0.0060373633
2870,0.09978029
2871,0.057426017
2872,0.05080272
2873,0.0197538
2874,0.05103375
2875,0.028714472
2876,0.0
2877,0.025728408
2878,0.026684148
2879,0.06678566
2880,0.039816845
2881,0.080300346
2882,0.06420328
2883,0.059044886
2884,0.114948064
2885,0.22720934
2886,0.058123123
2887,0.027514238
2888,0.08021007
2889,0.0035710726
2890,0.050598133
2891,0.007055387
2892,0.023652205
2893,0.070147306
2894,0.03881473
2895,0.09084002
2896,0.05711645
2897,0.11232144
2898,0.034053568
2899,0.045244724
2900,0.036810584
2901,0.023775611
2902,0.018716164
2903,0.11780149
2904,0.0019716963
2905,0.019068431
2906,0.05733941
2907,0.028491266
2908,0.019150516
2909,0.028919619
2910,0.02940636
2911,0.04915591
2912,0.07561974
2913,0.11011306
2914,0.05299211
2915,0.14647003
2916,0.111710764
2917,0.11168499
2918,0.010514861
2919,0.08702756
2920,0.059638016
2921,0.038446695
2922,0.06595532
2923,0.011533276
2924,0.06105468
2925,0.032474253
2926,0.056246504
2927,0.076542586
2928,0.0314723
2929,0.056167483
2930,0.014871704
2931,0.023411887
2932,0.021657381
2933,0.062875465
2934,0.0157467
2935,0.028001932
2936,0.083996065
2937,0.06016761
2938,0.112627834
2939,0.33367357
2940,0.078426585
2941,0.09266276
2942,0.0486569
2943,0.060934804
2944,0.07033449
2945,0.059537694
2946,0.056406777
2947,0.006755993
2948,0.006310989
2949,0.02429426
2950,0.23122916
2951,0.054045126
2952,0.06395036
2953,0.05385598
2954,0.068121135
2955,0.021684501
2956,0.024355158
2957,0.0
2958,0.018260749
2959,0.034232732
2960,0.19355352
2961,0.04684617
2962,0.052789506
2963,0.09656922
2964,0.47180796
2965,0.07351809
2966,0.012233857
2967,0.08811807
2968,0.052479938
2969,0.18084405
2970,0.18511827
2971,0.06966994
2972,0.0073001916
2973,0.0367799
2974,0.099135146
2975,0.13885386
2976,0.028090127
2977,0.16200942
2978,0.07329977
2979,0.06121576
2980,0.010039179
2981,0.0
2982,0.014915121
2983,0.019795032
2984,0.04038687
2985,0.049922578
2986,0.02227538
2987,0.1038128
2988,0.089682035
2989,0.11436059
2990,0.06367174
2991,0.024122138
2992,0.091320835
2993,0.15436396
2994,0.15821779
2995,0.060889643
2996,0.0031463362
2997,0.041501276
2998,0.0060136667
2999,0.06233978
3000,0.40921152
3001,0.024634082
3002,0.1494741
3003,0.26155868
3004,0.1473494
3005,0.0039045047
3006,0.009017904
3007,0.022118522
3008,0.056753106
3009,0.06031788
3010,0.15457483
3011,0.16534323
3012,0.050823744
3013,0.08606933
3014,0.15507542
3015,0.13901551
3016,0.13326047
3017,0.20331119
3018,0.20848447
3019,0.098909535
3020,0.0056025786
3021,0.019555531
3022,0.05185623
3023,0.07495557
3024,0.06685691
3025,0.23650111
3026,0.6803529
3027,0.012532459
3028,0.05803199
3029,0.2429532
3030,0.018630696
3031,0.043099493
3032,0.22359608
3033,0.010067263
3034,0.044094004
3035,0.059416007
3036,0.0049504563
3037,0.046938702
3038,0.18766071
3039,0.02349879
3040,0.068525285
3041,0.16066493
3042,0.121217
3043,0.19301589
3044,0.19674358
3045,0.18237042
3046,0.011531029
3047,0.13399318
3048,0.08211364
3049,0.08155089
3050,0.62289006
3051,0.28714457
3052,0.30091134
3053,0.0
3054,0.009494307
3055,0.13446777
3056,0.017747615
3057,0.01830991
3058,0.0
3059,0.002267745
3060,0.04521368
3061,0.009167332
3062,0.0009783629
3063,0.0
3064,0.04706405
3065,0.08236259
3066,0.08200106
3067,0.09302881
3068,0.08261128
3069,0.10874705
3070,0.09898694
3071,0.0147429565
3072,0.08002771
3073,0.14926161
3074,0.0004963258
3075,0.020666147
3076,0.676544
3077,0.7071649
3078,0.43269587
3079,0.0028773963
3080,0.018106226
3081,0.058575973
3082,0.27082762
3083,0.06061983
3084,0.040013988
3085,0.004363871
3086,0.047237217
3087,0.0531983
3088,0.038232237
3089,0.009736775
3090,0.19323607
3091,0.0
3092,0.0037923441
3093,0.08812601
3094,0.07988064
3095,0.04765109
3096,0.037881445
3097,0.100890994
3098,0.06462091
3099,0.0021013832
3100,0.08626719
3101,0.07400402
3102,0.064854
3103,0.68288225
3104,0.70353943
3105,0.43199804
3106,0.00491928
3107,0.037122793
3108,0.0
3109,0.20152742
3110,0.061839715
3111,0.16917941
3112,0.020774981
3113,0.06276068
3114,0.032805305
3115,0.0930631
3116,0.10471959
3117,0.13635749
3118,0.17527525
3119,0.3405398
3120,0.24032876
3121,0.12500004
3122,0.1353122
3123,0.08373232
3124,0.061377145
3125,0.1145591
3126,0.032580666
3127,0.041397717
3128,0.117855504
3129,0.12835687
3130,0.066272825
3131,0.08417644
3132,0.6897109
3133,1.0
3134,0.74203736
3135,0.06650339
3136,0.036171306
3137,0.12862022
3138,0.015096374
3139,0.21440618
3140,0.0127625
3141,0.026474746
3142,0.026782507
3143,0.035232577
3144,0.080829255
3145,0.06339917
3146,0.21732128
3147,0.5508615
3148,0.064588286
3149,0.10097926
3150,0.0805946
3151,0.14553888
3152,0.07624192
3153,0.11155064
3154,0.102263264
3155,0.025322925
3156,0.085473366
3157,0.098963864
3158,0.09383989
3159,0.04411866
3160,0.29601407
3161,0.27466094
3162,0.18570477
3163,0.07126947
3164,0.024125552
3165,0.10449149
3166,0.010674305
3167,0.07051227
3168,0.17746633
3169,0.027911501
3170,0.041657813
3171,0.039475504
3172,0.01769582
3173,0.010922509
3174,0.032966547
3175,0.047181264
3176,0.16326489
3177,0.4003061
3178,0.19175752
3179,0.16941138
3180,0.10069633
3181,0.1555848
3182,0.143757
3183,0.3527557
3184,0.0725223
3185,0.012420653
3186,0.025224583
3187,0.02817058
3188,0.12180994
3189,0.13869111
3190,0.09581745
3191,0.29034248
3192,0.22484696
3193,0.160088
3194,0.9010923
3195,0.12678263
3196,0.016605614
3197,0.11083533
3198,0.13798155
3199,0.013510763
3200,0.03290591
3201,0.2619475
3202,0.06268658
3203,0.029534219
3204,0.031067349
3205,0.0585344
3206,0.12519196
3207,0.18089004
3208,0.2104472
3209,0.2851618
3210,0.21730408
3211,0.13791685
3212,0.14461003
3213,0.20325829
3214,0.009875606
3215,0.019185469
3216,0.135123
3217,0.073768295
3218,0.049350284
3219,0.24950518
3220,0.21121575
3221,0.06726913
3222,0.36663875
3223,0.20117411
3224,0.0683458
3225,0.103124365
3226,0.06514955
3227,0.024434201
3228,0.025804292
3229,0.038940098
3230,0.069775455
3231,0.106326014
3232,0.1065937
3233,0.09998446
3234,0.24772409
3235,0.61351067
3236,0.2585151
3237,0.21671699
3238,0.39306104
3239,0.1020218
3240,0.07986226
3241,0.078781
3242,0.13442346
3243,0.19024163
3244,0.094516635
3245,0.04870532
3246,0.07333297
3247,0.12818441
3248,0.10077395
3249,0.022430137
3250,0.0108714
3251,0.03659149
3252,0.025022093
3253,0.03177379
3254,0.011363172
3255,0.02135164
3256,0.054007094
3257,0.059212234
3258,0.079490975
3259,0.1305885
3260,0.14928465
3261,0.10326985
3262,0.44637936
3263,0.41399604
3264,0.23996443
3265,0.09553076
3266,0.031143462
3267,0.012445495
3268,0.037552148
3269,0.0756496
3270,0.0
3271,0.011453323
3272,0.015692716
3273,0.5939197
3274,0.03873944
3275,0.013029907
3276,0.047080718
3277,0.041508652
3278,0.08329424
3279,0.00929099
3280,0.030693315
3281,0.0
3282,0.026703479
3283,0.00901015
3284,0.0
3285,0.011763316
3286,0.07833113
3287,0.089924864
3288,0.30844557
3289,0.20384589
3290,0.111150585
3291,0.6380178
3292,0.23399918
3293,0.3046035
3294,0.11215144
3295,0.015764015
3296,0.011215107
3297,0.018470941
3298,0.020221606
3299,0.017756864
3300,0.028989317
3301,0.28684202
3302,0.06827568
3303,0.19297642
3304,0.00838531
3305,0.05816176
3306,0.0843026
3307,0.10035331
3308,0.13949671
3309,0.023782907
3310,0.001688413
3311,0.0
3312,0.03216304
3313,0.12465433
3314,0.51438355
3315,0.1478706
3316,0.3574724
3317,0.13457349
3318,0.19984278
3319,0.13649501
3320,0.06338277
3321,0.0035618595
3322,0.0
3323,0.0
3324,0.008105828
3325,0.025394272
3326,0.08431929
3327,0.10670234
3328,0.046904776
3329,0.17561468
3330,0.0
3331,0.023763804
3332,0.16896656
3333,0.002473821
3334,0.0
3335,0.010892264
3336,0.09467942
3337,0.08473956
3338,0.015758403
3339,0.09321843
3340,0.14497715
3341,0.06559751
3342,0.07304254
3343,0.019268617
3344,0.071129315
3345,0.04973054
3346,0.022080949
3347,0.11583844
3348,0.0929098
3349,0.027621632
3350,0.02069331
3351,0.014045126
3352,0.091782294
3353,0.007680094
3354,0.069741875
3355,0.0069224252
3356,0.029388629
3357,0.10364353
3358,0.0
3359,0.024258023
3360,0.027441936
3361,0.15694854
3362,0.22736056
3363,0.33547485
3364,0.092474446
3365,0.0
3366,0.0
3367,0.0029921362
3368,0.048137356
3369,0.048968624
3370,0.117084645
3371,0.0035188938
3372,0.011921255
3373,0.006206333
3374,0.001629713
3375,0.0
3376,0.0060777883
3377,0.06730217
3378,0.075323544
3379,0.17047212
3380,0.0
3381,0.0047379932
3382,0.016158508
3383,0.059757706
3384,0.08431197
3385,0.22043654
3386,0.10012546
3387,0.002334432
3388,0.0010756644
3389,0.10580666
3390,0.0012864805
3391,0.018405939
3392,0.0967859
3393,0.12061835
3394,0.041641716
3395,0.0069741765
3396,0.006556134
3397,0.1796535
3398,0.008236901
3399,0.032320008
3400,0.1096072
3401,0.014780338
3402,0.028406076
3403,0.012122984
3404,0.017543823
3405,0.056918405
3406,0.23540366
3407,0.022526894
3408,0.01651757
3409,0.01922145
3410,0.023575092
3411,0.06899384
3412,0.19558522
3413,0.053805526
3414,0.15174505
3415,0.08660669
3416,0.030920146
3417,0.014107956
3418,0.04429177
3419,0.030962676
3420,0.019020978
3421,0.17787029
3422,0.0070670657
3423,0.116546504
3424,0.0058171763
3425,0.052707754
3426,0.0
3427,0.0
3428,0.0
3429,0.2100669
3430,0.45165688
3431,0.08594247
3432,0.049062233
3433,0.050811
3434,0.02087566
3435,0.014322258
3436,0.05053329
3437,0.040596448
3438,0.07754687
3439,0.8788129
3440,0.04180682
3441,0.053951748
3442,0.0505522
3443,0.014617361
3444,0.08777369
3445,0.31758812
3446,0.031689662
3447,0.10196662
3448,0.0036389034
3449,0.010835003
3450,0.017774083
3451,0.005687347
3452,0.0
3453,0.0
3454,0.04075769
3455,0.025909955
3456,0.03326434
3457,6.608721e-05
3458,0.0
3459,0.1503922
3460,0.04936681
3461,0.036237996
3462,0.010736266
3463,0.061106972
3464,0.08243203
3465,0.0055691605
3466,0.019647373
3467,0.57191664
3468,0.029725093
3469,0.07548447
3470,0.030152103
3471,0.0
3472,0.03996168
3473,0.0
3474,0.0009402675
3475,0.24520251
3476,0.023975765
3477,0.0017898136
3478,0.00312471
3479,0.010588492
3480,0.05525739
3481,0.12804614
3482,0.015940571
3483,0.09816187
3484,0.038284704
3485,0.026289808
3486,0.1946981
3487,0.010923825
3488,0.0
3489,0.0
3490,0.0
3491,0.022424243
3492,0.12916063
3493,0.057495978
3494,0.0
3495,0.011328638
3496,0.010845038
3497,0.00021061486
3498,0.067171015
3499,0.15669505
3500,0.08188515
3501,0.05463357
3502,0.059899848
3503,0.029744718
3504,0.04064272
3505,0.014943964
3506,0.035572343
3507,0.16143233
3508,0.096369125
3509,0.0065003466
3510,0.0
3511,0.009286814
3512,0.006171287
3513,0.009528949
3514,0.024544021
3515,0.0
3516,0.01396287
3517,0.018056769
3518,0.015969777
3519,0.041577775
3520,0.055588074
3521,0.05681398
3522,0.096175425
3523,0.10497369
3524,0.17542627
3525,0.010313846
3526,0.0
3527,0.013608002
3528,0.014840061
3529,0.024081122
3530,0.018991109
3531,0.0085168835
3532,0.03500825
3533,0.02303276
3534,0.019443821
3535,0.0648682
3536,0.042953204
3537,0.04467056
3538,0.043543495
3539,0.01703275
3540,0.008504324
3541,0.07069779
3542,0.012169609
3543,0.02905858
3544,0.0
3545,0.018256573
3546,0.0
3547,0.0
3548,0.08588766
3549,0.00079752767
3550,0.0
3551,0.00031409948
3552,0.16200253
3553,0.033322696
3554,0.038776465
3555,0.044614024
3556,0.0023397012
3557,0.06156242
3558,0.019608755
3559,0.0
3560,0.0
3561,0.069913924
3562,0.0
3563,0.08393581
3564,0.0
3565,0.1329373
3566,0.026409158
3567,0.01727454
3568,0.017312262
3569,0.020628083
3570,0.010262969
3571,0.0
3572,0.0022921201
3573,0.0
3574,0.0
3575,0.033482973
3576,0.0
3577,0.06501156
3578,0.07041634
3579,0.14407349
3580,0.0048228498
3581,0.0142457215
3582,0.0
3583,0.0
3584,0.025401354
3585,0.0008566921
3586,0.0
3587,0.012419983
3588,0.0
3589,0.010404105
3590,0.09657465
3591,0.12321225
3592,0.0024171888
3593,0.04818401
3594,0.0
3595,0.060357403
3596,0.048389576
3597,0.039047733
3598,0.040649764
3599,0.029652853
3600,0.046713263
3601,0.03930814
3602,0.075189024
3603,0.039751187
3604,0.017917536
3605,0.017617993
3606,0.11451866
3607,0.0156144705
3608,0.03349631
3609,0.13669978
3610,0.08945867
3611,0.0
3612,0.022614352
3613,0.18130873
3614,0.062292207
3615,0.22280574
3616,0.07377453
3617,0.13245617
3618,0.03599713
3619,0.007951629
3620,0.083708264
3621,0.019421123
3622,0.014313958
3623,0.105986215
3624,0.004196417
3625,0.49250928
3626,0.12428567
3627,0.13092822
3628,0.044642013
3629,0.022176567
3630,0.03951609
3631,0.029524287
3632,0.00941027
3633,0.0
3634,0.09882779
3635,0.16137561
3636,0.32811192
3637,0.3768863
3638,0.054828413
3639,0.07256034
3640,0.125834
3641,0.19216117
3642,0.027539602
3643,0.07548824
3644,0.059498638
3645,0.096564874
3646,0.0
3647,0.21103105
3648,0.071352445
3649,0.11823394
3650,0.3150297
3651,0.058336135
3652,0.3099609
3653,0.0
3654,0.06837224
3655,0.2659165
3656,0.021250699
3657,0.035074618
3658,0.02678488
3659,0.029803095
3660,0.006989757
3661,0.07264576
3662,0.06736349
3663,0.07947987
3664,0.022993185
3665,0.062874384
3666,0.22097033
3667,0.017974408
3668,0.024059307
3669,0.056446653
3670,0.04643212
3671,0.060800344
3672,0.02662304
3673,0.032876477
3674,0.06445609
3675,0.05226373
3676,0.030290283
3677,0.07016427
3678,0.16739511
3679,0.06466852
3680,0.20410389
3681,0.042115055
3682,0.008387134
3683,0.034156974
3684,0.029197428
3685,0.32627502
3686,0.14566801
3687,0.120214015
3688,0.29068148
3689,0.34059775
3690,0.06867173
3691,0.11732861
3692,0.089234464
3693,0.04804926
3694,0.0727127
3695,0.055600427
3696,0.075572
3697,0.061611883
3698,0.08622919
3699,0.035989575
3700,0.059419807
3701,0.064516604
3702,0.087259665
3703,0.18123844
3704,0.2748317
3705,0.015008473
3706,0.029699624
3707,0.027155073
3708,0.033163056
3709,0.047326848
3710,0.18943773
3711,0.029832792
3712,0.04792435
3713,0.04388584
3714,0.13043302
3715,0.3660891
3716,0.08191914
3717,0.015545471
3718,0.049260978
3719,0.06903087
3720,0.027267087
3721,0.11467639
3722,0.15462624
3723,0.09811833
3724,0.10145173
3725,0.08969961
3726,0.033448227
3727,0.019398177
3728,0.022327572
3729,0.023563134
3730,0.078206904
3731,0.05758006
3732,0.04441457
3733,0.0
3734,0.028237717
3735,0.009628849
3736,0.0063682077
3737,0.009596735
3738,0.012202662
3739,0.04957911
3740,0.014135335
3741,0.04865116
3742,0.20972817
3743,0.20555674
3744,0.03179009
3745,0.048486054
3746,0.029615905
3747,0.080438755
3748,0.061154813
3749,0.017696586
3750,0.05154225
3751,0.013553061
3752,0.018350095
3753,0.14082366
3754,0.017969953
3755,0.020161444
3756,0.022921732
3757,0.054008894
3758,0.07085787
3759,0.08666005
3760,0.09002561
3761,0.106629536
3762,0.042896062
3763,0.0292945
3764,0.016414437
3765,0.03961044
3766,0.05230559
3767,0.097618826
3768,0.02587443
3769,0.38304433
3770,0.09923748
3771,0.026050575
3772,0.005644972
3773,0.09488834
3774,0.05106994
3775,0.042745885
3776,0.017841758
3777,0.011319393
3778,0.048071448
3779,0.0
3780,0.018314462
3781,0.023324508
3782,0.0677336
3783,0.039874732
3784,0.07260148
3785,0.070987836
3786,0.06542895
3787,0.11162339
3788,0.22794947
3789,0.054308478
3790,0.023924364
3791,0.07594157
3792,0.007776306
3793,0.05566247
3794,0.066279665
3795,0.038098205
3796,0.09856951
3797,0.046104953
3798,0.11695595
3799,0.039858423
3800,0.046550047
3801,0.021915998
3802,0.023001347
3803,0.11470261
3804,0.0054737628
3805,0.02201965
3806,0.060574356
3807,0.011888152
3808,0.025711553
3809,0.030505879
3810,0.049365364
3811,0.06807244
3812,0.1170492
3813,0.05952767
3814,0.14329691
3815,0.112602435
3816,0.10802191
3817,0.0070765615
3818,0.082910635
3819,0.06485392
3820,0.034730665
3821,0.06539036
3822,0.019414306
3823,0.022467341
3824,0.06584078
3825,0.03843068
3826,0.014184516
3827,0.05623924
3828,0.074834555
3829,0.035909075
3830,0.053220198
3831,0.017974494
3832,0.026798394
3833,0.053959113
3834,0.010884699
3835,0.027447525
3836,0.082551554
3837,0.050966393
3838,0.11791003
3839,0.33855507
3840,0.07359953
3841,0.091900475
3842,0.043339886
3843,0.055842582
3844,0.06456362
3845,0.06224056
3846,0.05996874
3847,0.0
3848,0.0009410056
3849,0.011780396
3850,0.23436137
3851,0.058347605
3852,0.06375324
3853,0.05219477
3854,0.064759165
3855,0.02446731
3856,0.019753931
3857,0.0
3858,0.004777114
3859,0.024803359
3860,0.18843177
3861,0.040834337
3862,0.039020937
3863,0.09728409
3864,0.47212225
3865,0.06412372
3866,0.006904264
3867,0.07823373
3868,0.042820383
3869,0.17050594
3870,0.18325385
3871,0.06866456
3872,0.0
3873,0.026842557
3874,0.04655575
3875,0.09769998
3876,0.13858896
3877,0.023325732
3878,0.15578088
3879,0.06537048
3880,0.058648128
3881,0.0
3882,0.0
3883,0.017580379
3884,0.04247978
3885,0.051125407
3886,0.015721496
3887,0.111742355
3888,0.09721092
3889,0.1121809
3890,0.06555682
3891,0.021452457
3892,0.088875964
3893,0.15124047
3894,0.16356802
3895,0.06709891
3896,0.038778637
3897,0.05247327
3898,0.414991
3899,0.031583905
3900,0.1519244
3901,0.26254484
3902,0.14663473
3903,0.008714326
3904,0.0021066526
3905,0.0008912787
3906,0.05214543
3907,0.060017757
3908,0.1533846
3909,0.15639624
3910,0.055959567
3911,0.0814966
3912,0.15456742
3913,0.13395278
3914,0.12842248
3915,0.19779463
3916,0.2114416
3917,0.10272579
3918,0.015396158
3919,0.046740558
3920,0.07299096
3921,0.07333835
3922,0.2242415
3923,0.68373954
3924,0.01258973
3925,0.056625087
3926,0.23984542
3927,0.021667842
3928,0.04535352
3929,0.22529922
3930,0.0140665695
3931,0.052147616
3932,0.071777195
3933,0.01642156
3934,0.05065309
3935,0.009948611
3936,0.20545773
3937,0.031587355
3938,0.080678634
3939,0.1682635
3940,0.12904024
3941,0.20016064
3942,0.21236204
3943,0.19884798
3944,0.021080462
3945,0.14249505
3946,0.08965926
3947,0.09224758
3948,0.64203304
3949,0.28754625
3950,0.31695905
3951,0.01216867
3952,0.020748707
3953,0.14402135
3954,0.03322522
3955,0.012936013
3956,0.002587029
3957,0.0
3958,0.00894663
3959,0.060254436
3960,0.021855773
3961,0.0
3962,0.057832226
3963,0.09719552
3964,0.09227924
3965,0.103531785
3966,0.09243561
3967,0.12704486
3968,0.11814408
3969,0.03867369
3970,0.0922567
3971,0.16044311
3972,0.010721516
3973,0.034042418
3974,0.6983665
3975,0.710246
3976,0.45142308
3977,0.03033942
3978,0.0761709
3979,0.2878717
3980,0.077947564
3981,0.04994861
3982,0.000618511
3983,0.047546174
3984,0.057814833
3985,0.0419587
3986,0.005706512
3987,0.20368925
3988,0.0
3989,0.0041362783
3990,0.09253473
3991,0.0797346
3992,0.04772983
3993,0.037281577
3994,0.10876478
3995,0.073353834
3996,0.015607899
3997,0.08807198
3998,0.07476129
3999,0.064654976
4000,0.6942805
4001,0.6961964
4002,0.44030112
4003,0.009893181
4004,0.040632535
4005,0.028804902
4006,0.20869808
4007,0.06845948
4008,0.17608292
4009,0.024686432
4010,0.06227111
4011,0.032920007
4012,0.09723212
4013,0.11319619
4014,0.14394404
4015,0.175105
4016,0.354853
4017,0.2542413
4018,0.12920393
4019,0.14358094
4020,0.08744635
4021,0.06531598
4022,0.117819265
4023,0.044314567
4024,0.05399069
4025,0.024679579
4026,0.13522209
4027,0.13402165
4028,0.070890136
4029,0.08783747
4030,0.011617219
4031,0.70496947
4032,1.0
4033,0.7542008
4034,0.0798369
4035,0.045005236
4036,0.13598996
4037,0.019526146
4038,0.2254369
4039,0.023242334
4040,0.018230448
4041,0.02259252
4042,0.035350155
4043,0.08005679
4044,0.054870024
4045,0.22327554
4046,0.5564155
4047,0.06043326
4048,0.10088901
4049,0.07594961
4050,0.14111866
4051,0.07114308
4052,0.114925474
4053,0.106497236
4054,0.028888142
4055,0.09448097
4056,0.0962697
4057,0.0900982
4058,0.039420675
4059,0.302913
4060,0.26281896
4061,0.18950899
4062,0.07624397
4063,0.024600497
4064,0.103502296
4065,0.06658307
4066,0.18013808
4067,0.030032344
4068,0.044062383
4069,0.03877049
4070,0.018579401
4071,0.039733365
4072,0.046191353
4073,0.17675845
4074,0.41339895
4075,0.19514179
4076,0.17686048
4077,0.10359069
4078,0.15870388
4079,0.14619751
4080,0.36366975
4081,0.08429556
4082,0.023525195
4083,0.041771486
4084,0.033015735
4085,0.12560754
4086,0.14153242
4087,0.10180985
4088,0.30478075
4089,0.22054441
4090,0.17143153
4091,0.9136062
4092,0.13479681
4093,0.023155725
4094,0.114445426
4095,0.14819257
4096,0.023170937
4097,0.04284978
4098,0.27399206
4099,0.07214872
4100,0.043303896
4101,0.04394695
4102,0.063657306
4103,0.14479817
4104,0.20009553
4105,0.21994424
4106,0.29872358
4107,0.2263111
4108,0.14714864
4109,0.15316325
4110,0.22028522
4111,0.027092906
4112,0.041845135
4113,0.14608091
4114,0.08367871
4115,0.05830445
4116,0.2616102
4117,0.23176691
4118,0.0690794
4119,0.38526538
4120,0.21530111
4121,0.08545275
4122,0.112847276
4123,0.081473365
4124,0.040207144
4125,0.019129487
4126,0.020569427
4127,0.031101549
4128,0.04206713
4129,0.07201247
4130,0.10080627
4131,0.11555739
4132,0.10854743
4133,0.24657848
4134,0.61643016
4135,0.25687954
4136,0.21530616
4137,0.39097154
4138,0.10840612
4139,0.08017757
4140,0.07804879
4141,0.13273494
4142,0.19170418
4143,0.104425274
4144,0.039872903
4145,0.08131694
4146,0.13166879
4147,0.041147433
4148,0.06168431
4149,0.099854216
4150,0.028111298
4151,0.04200551
4152,0.027444053
4153,0.0034412115
4154,0.017737268
4155,0.04950261
4156,0.04695103
4157,0.08171323
4158,0.13241008
4159,0.14139764
4160,0.09944763
4161,0.43800235
4162,0.40584368
4163,0.23113358
4164,0.09517363
4165,0.0
4166,0.024717342
4167,0.004971863
4168,0.029122224
4169,0.070370734
4170,0.0
4171,0.016935233
4172,0.59066254
4173,0.034018263
4174,0.006607981
4175,0.04680356
4176,0.033847433
4177,0.08223397
4178,0.0076798853
4179,0.029365912
4180,0.0099525135
4181,0.01612318
4182,0.07493425
4183,0.10101142
4184,0.31913158
4185,0.20482329
4186,0.11619272
4187,0.63850504
4188,0.23471127
4189,0.30463699
4190,0.120658614
4191,0.018202217
4192,0.0059625525
4193,0.011649477
4194,0.022056395
4195,0.032253113
4196,0.02786372
4197,0.034596663
4198,0.29098526
4199,0.070718065
4200,0.20156361
4201,0.009588461
4202,0.06596578
4203,0.09155578
4204,0.10789021
4205,0.1440416
4206,0.02392671
4207,0.008097941
4208,0.0
4209,0.029925726
4210,0.13690044
4211,0.5262293
4212,0.15000749
4213,0.36367422
4214,0.1362204
4215,0.20171444
4216,0.13768809
4217,0.07304953
4218,0.0061121117
4219,0.0
4220,0.0
4221,1.2552757e-05
4222,0.03549043
4223,0.091086164
4224,0.11200506
4225,0.050506737
4226,0.1853614
4227,0.0
4228,0.032727476
4229,0.17766304
4230,0.008178268
4231,0.006876756
4232,0.010605889
4233,0.10887653
4234,0.09853602
4235,0.019846223
4236,0.09681633
4237,0.14879969
4238,0.06874157
4239,0.08466027
4240,0.02376978
4241,0.07467424
4242,0.056426473
4243,0.037222926
4244,0.11223948
4245,0.10612719
4246,0.036339454
4247,0.027946934
4248,0.019597983
4249,0.10348002
4250,0.011993714
4251,0.08038933
4252,0.019670805
4253,0.024906164
4254,0.11364453
4255,0.0
4256,0.024149774
4257,0.0
4258,0.026843699
4259,0.15657501
4260,0.22630851
4261,0.3428965
4262,0.10075519
4263,0.0
4264,0.007105629
4265,0.0
4266,0.013938012
4267,0.04034225
4268,0.015633859
4269,0.05798987
4270,0.1216064
4271,0.0048757014
4272,0.019422835
4273,0.006323875
4274,0.0083482135
4275,0.0023371938
4276,0.0642116
4277,0.08671636
4278,0.18146414
4279,0.0
4280,0.010086349
4281,0.016952101
4282,0.06077608
4283,0.08465173
4284,0.22925001
4285,0.10979804
4286,0.0050788643
4287,0.10654729
4288,0.013624171
4289,0.0120026795
4290,0.10602869
4291,0.1310314
4292,0.047555275
4293,0.010184139
4294,0.015867578
4295,0.008065501
4296,0.18776375
4297,0.023771543
4298,0.115542196
4299,0.02031464
4300,0.02423184
4301,0.012013528
4302,0.012879612
4303,0.05247897
4304,0.23028556
4305,0.025882514
4306,0.011800362
4307,0.017655328
4308,0.030454967
4309,0.057132784
4310,0.19937016
4311,0.058760814
4312,0.15220071
4313,0.08559827
4314,0.028210947
4315,0.040343326
4316,0.033615187
4317,0.021122606
4318,0.17726351
4319,0.0020592844
4320,0.12103282
4321,0.0
4322,0.059174407
4323,0.0
4324,0.0
4325,0.2059343
4326,0.44774908
4327,0.08135607
4328,0.052949555
4329,0.06033103
4330,0.018693913
4331,0.01109299
4332,0.046347722
4333,0.039561965
4334,0.08495846
4335,0.867483
4336,0.047293726
4337,0.053474944
4338,0.048374653
4339,0.011200568
4340,0.09095781
4341,0.3202215
4342,0.03460664
4343,0.10189156
4344,0.0
4345,0.01019484
4346,0.008266155
4347,0.024744015
4348,0.0312824
4349,0.009487092
4350,0.0015138712
4351,0.043613635
4352,0.03723957
4353,0.019782575
4354,0.03852494
4355,0.0020863607
4356,0.16524604
4357,0.04547971
4358,0.019165985
4359,0.068072565
4360,0.087696835
4361,0.016978746
4362,0.030273883
4363,0.58199227
4364,0.04008443
4365,0.08285173
4366,0.03208718
4367,0.0017245804
4368,0.04607788
4369,0.0
4370,0.009774052
4371,0.24094427
4372,0.019038936
4373,0.0053266576
4374,0.007008802
4375,0.04357752
4376,0.13201228
4377,0.02107705
4378,0.09733463
4379,0.035756744
4380,0.021342175
4381,0.006545171
4382,0.029123537
4383,0.19698094
4384,0.013490381
4385,0.008149486
4386,0.0033870025
4387,0.0
4388,0.0019527068
4389,0.0
4390,0.02748181
4391,0.12988818
4392,0.05754493
4393,0.024030712
4394,0.013782257
4395,0.012251147
4396,0.06047693
4397,0.165647
4398,0.09200739
4399,0.0602563
4400,0.06405842
4401,0.032202553
4402,0.049245358
4403,0.016162537
4404,0.043391865
4405,0.16870098
4406,0.10392143
4407,0.0066595864
4408,0.020881006
4409,0.0
4410,0.008305246
4411,0.0046997443
4412,0.022618663
4413,0.00041362597
4414,0.026143901
4415,0.018536055
4416,0.015401556
4417,0.032909345
4418,0.06256569
4419,0.064961895
4420,0.099823795
4421,0.110818796
4422,0.18100433
4423,0.019738095
4424,0.0
4425,0.0077656973
4426,0.008507766
4427,0.017973613
4428,0.010204441
4429,0.030353043
4430,0.012227386
4431,0.0082612615
4432,0.068155386
4433,0.046438113
4434,0.044260792
4435,0.014757989
4436,0.017017217
4437,0.0
4438,0.06910141
4439,0.014638058
4440,0.026972253
4441,0.0
4442,0.003266308
4443,0.029822838
4444,0.0
4445,0.07660445
4446,0.0063276016
4447,0.007203073
4448,0.16723292
4449,0.03800221
4450,0.043739714
4451,0.04658521
4452,0.05807606
4453,0.020187248
4454,0.0
4455,0.0
4456,0.06548377
4457,0.0011798269
4458,0.09361207
4459,0.008549204
4460,0.12176423
4461,0.030882064
4462,0.021398092
4463,0.020385565
4464,0.022630088
4465,0.0031558787
4466,0.0391734
4467,0.007961047
4468,0.029467758
4469,0.073106654
4470,0.0693637
4471,0.03314783
4472,0.1575345
4473,0.01801665
4474,0.024447462
4475,0.0
4476,0.0
4477,0.037700213
4478,0.012476972
4479,0.0
4480,0.03337307
4481,0.03613078
4482,0.0067017414
4483,0.00014849653
4484,0.0011672569
4485,0.011808485
4486,0.12019292
4487,0.12808958
4488,0.015207076
4489,0.06757489
4490,0.010032144
4491,0.011828838
4492,0.0601036
4493,0.04979496
4494,0.049644206
4495,0.042560387
4496,0.051921513
4497,0.020033218
4498,0.037073206
4499,0.04799443
4500,0.052266873
4501,0.09590683
4502,0.054516647
4503,0.038141996
4504,0.03340954
4505,0.059050433
4506,0.03639875
4507,0.15840259
4508,0.11481893
4509,0.01648949
4510,0.04173373
4511,0.19286573
4512,0.067598626
4513,0.23587126
4514,0.080887675
4515,0.14167033
4516,0.048868746
4517,0.090339035
4518,0.017027136
4519,0.037344713
4520,0.12056053
4521,0.012520123
4522,0.5085919
4523,0.13441615
4524,0.13931617
4525,0.054640524
4526,0.03637602
4527,0.049155135
4528,0.047956623
4529,0.02002394
4530,0.0060346695
4531,0.080409124
4532,0.13670647
4533,0.31120184
4534,0.35402384
4535,0.034066916
4536,0.055456325
4537,0.10122892
4538,0.16916671
4539,0.05213431
4540,0.04493796
4541,0.074185565
4542,0.020540258
4543,0.22421369
4544,0.0922941
4545,0.13322328
4546,0.33212
4547,0.07908395
4548,0.32320753
4549,0.087430604
4550,0.29005057
4551,0.035748646
4552,0.05836576
4553,0.042257417
4554,0.04120647
4555,0.030223563
4556,0.089628965
4557,0.092105746
4558,0.09826975
4559,0.030695844
4560,0.077626064
4561,0.23801771
4562,0.042382337
4563,0.07930555
4564,0.07436702
4565,0.07909896
4566,0.05371491
4567,0.05214963
4568,0.07541276
4569,0.08005381
4570,0.047533505
4571,0.08115689
4572,0.18614681
4573,0.07746782
4574,0.21900423
4575,0.08257925
4576,0.030160692
4577,0.021766916
4578,0.0552582
4579,0.3120593
4580,0.13921136
4581,0.048613697
4582,0.109906174
4583,0.28403097
4584,0.32415053
4585,0.059912805
4586,0.109829254
4587,0.081707254
4588,0.035173275
4589,0.07146481
4590,0.070234224
4591,0.024382621
4592,0.056471992
4593,0.069327794
4594,0.08821954
4595,0.18585582
4596,0.2696524
4597,0.021844346
4598,0.018777046
4599,0.033440296
4600,0.0
4601,0.0035848059
4602,0.04032381
4603,0.046668947
4604,0.18471074
4605,0.027408917
4606,0.047585305
4607,0.058452703
4608,0.038673755
4609,0.14480604
4610,0.37066546
4611,0.0921702
4612,0.031330008
4613,0.029069679
4614,0.062757365
4615,0.077178404
4616,0.038844258
4617,0.03539028
4618,0.043552168
4619,0.123774104
4620,0.1596549
4621,0.10545005
4622,0.11086829
4623,0.093150295
4624,0.043462045
4625,0.019800562
4626,0.01685964
4627,0.024511881
4628,0.084887564
4629,0.057066526
4630,0.06073442
4631,0.0041703586
4632,0.02776013
4633,0.0169103
4634,0.0076973354
4635,0.013026858
4636,0.019290281
4637,0.04687001
4638,0.013631187
4639,0.053630423
4640,0.215967
4641,0.21176763
4642,0.03265228
4643,0.053884216
4644,0.04008998
4645,0.08127653
4646,0.07078591
4647,0.019508945
4648,0.04928544
4649,0.013599423
4650,0.01451542
4651,0.009030141
4652,0.14793229
4653,0.017475825
4654,0.013796996
4655,0.022973962
4656,0.05979305
4657,0.06944777
4658,0.10208336
4659,0.09490209
4660,0.105255425
4661,0.049281027
4662,0.029727122
4663,0.018948046
4664,0.04580154
4665,0.04869998
4666,0.10170154
4667,0.031216761
4668,0.3883587
4669,0.09920314
4670,0.03055224
4671,0.09482961
4672,0.05980443
4673,0.043661732
4674,0.014688447
4675,0.010469257
4676,0.0
4677,0.048474085
4678,0.0
4679,0.01755973
4680,0.016699448
4681,0.06752519
4682,0.038024105
4683,0.07812503
4684,0.06931714
4685,0.08059164
4686,0.11623926
4687,0.2263148
4688,0.060432866
4689,0.024096377
4690,0.07821458
4691,0.0137068
4692,0.05179625
4693,0.07010179
4694,0.043179896
4695,0.103623345
4696,0.045810033
4697,0.12119699
4698,0.04917539
4699,0.046230678
4700,0.02257123
4701,0.019587431
4702,0.113591865
4703,0.0064478326
4704,0.017027866
4705,0.060716365
4706,0.034685627
4707,0.011506243
4708,0.019459318
4709,0.030670328
4710,0.047887567
4711,0.0739688
4712,0.11575131
4713,0.075063184
4714,0.14828564
4715,0.11134053
4716,0.11451906
4717,0.0076213907
4718,0.08555645
4719,0.013218984
4720,0.06136052
4721,0.038925633
4722,0.07084489
4723,0.024840932
4724,0.022545224
4725,0.07045462
4726,0.048120454
4727,0.014238004
4728,0.06508601
4729,0.07586258
4730,0.032867968
4731,0.052482277
4732,0.0025150331
4733,0.013355532
4734,0.027313253
4735,0.057574786
4736,0.008630071
4737,0.031609565
4738,0.08507135
4739,0.060860332
4740,0.120609745
4741,0.3580881
4742,0.08258582
4743,0.09463617
4744,0.05383468
4745,0.06038497
4746,0.07120704
4747,0.0725415
4748,0.060472935
4749,0.0026498297
4750,0.015855879
4751,0.24297287
4752,0.07203493
4753,0.067804374
4754,0.065039106
4755,0.06978479
4756,0.025423821
4757,0.02301361
4758,0.0051931213
4759,0.0020859318
4760,0.01966777
4761,0.0338237
4762,0.2038688
4763,0.054629117
4764,0.060189836
4765,0.11125878
4766,0.50293034
4767,0.08438498
4768,0.10000345
4769,0.058637742
4770,0.18842432
4771,0.20482972
4772,0.08044374
4773,0.046310097
4774,0.061906185
4775,0.1175864
4776,0.16355133
4777,0.038651746
4778,0.17990018
4779,0.08167109
4780,0.07526758
4781,0.009833986
4782,0.012897885
4783,0.044213973
4784,0.051217347
4785,0.0231876
4786,0.1120142
4787,0.114316165
4788,0.118739314
4789,0.06586464
4790,0.029519364
4791,0.09099048
4792,0.15545608
4793,0.17144112
4794,0.06517524
4795,0.04454333
4796,0.013466361
4797,0.0
4798,0.05412088
4799,0.42117447
4800,0.04284342
4801,0.15354767
4802,0.27296132
4803,0.14923263
4804,0.011630964
4805,0.0
4806,0.04815843
4807,0.06244745
4808,0.15417215
4809,0.16455792
4810,0.073760405
4811,0.088750556
4812,0.15557082
4813,0.14271525
4814,0.13123262
4815,0.20270576
4816,0.22001024
4817,0.10149766
4818,0.05320076
4819,0.08071073
4820,0.081030264
4821,0.22658469
4822,0.6906186
4823,0.014908479
4824,0.067737035
4825,0.24313888
4826,0.020892
4827,0.048965674
4828,0.22294563
4829,0.016362287
4830,0.022049114
4831,0.054259825
4832,0.08030613
4833,0.02330824
4834,0.06491396
4835,0.22935782
4836,0.044940542
4837,0.08778123
4838,0.18312517
4839,0.13794956
4840,0.21117096
4841,0.22702983
4842,0.20371899
4843,0.15304092
4844,0.10221868
4845,0.106066585
4846,0.65582407
4847,0.29598844
4848,0.3299373
4849,0.020586623
4850,0.0379599
4851,0.15341397
4852,0.04293661
4853,0.026323708
4854,0.010787694
4855,0.026192283
4856,0.0780465
4857,0.03818548
4858,0.0
4859,0.08044862
4860,0.11356119
4861,0.11640396
4862,0.121704146
4863,0.11270901
4864,0.15097563
4865,0.13227803
4866,0.056714147
4867,0.1099467
4868,0.18025212
4869,0.032544054
4870,0.05712451
4871,0.72142076
4872,0.72795165
4873,0.47366452
4874,0.043285638
4875,0.048995044
4876,0.09514535
4877,0.30088034
4878,0.09608998
4879,0.06741246
4880,0.010614638
4881,0.051671967
4882,0.068357214
4883,0.050858945
4884,0.021980885
4885,0.21276952
4886,0.0
4887,0.019502945
4888,0.10165083
4889,0.09660975
4890,0.05865262
4891,0.05030543
4892,0.12544611
4893,0.08023844
4894,0.026398778
4895,0.098512396
4896,0.08732067
4897,0.079227895
4898,0.71008515
4899,0.7066525
4900,0.45529306
4901,0.020324696
4902,0.059857238
4903,0.040210996
4904,0.0055373744
4905,0.22042309
4906,0.074218474
4907,0.18697584
4908,0.041388776
4909,0.07248526
4910,0.036275722
4911,0.09471747
4912,0.11709822
4913,0.14620389
4914,0.18473898
4915,0.3572928
4916,0.27351424
4917,0.13793027
4918,0.1460567
4919,0.097681075
4920,0.06959836
4921,0.12420269
4922,0.05435554
4923,0.054234914
4924,0.13937256
4925,0.13782172
4926,0.076809116
4927,0.095769994
4928,0.020809332
4929,0.71413356
4930,1.0
4931,0.7625522
4932,0.09326425
4933,0.048796304
4934,0.14857426
4935,0.23052143
4936,0.022361005
4937,0.025813153
4938,0.024304897
4939,0.043479245
4940,0.08654359
4941,0.06873094
4942,0.22994235
4943,0.5799154
4944,0.073386565
4945,0.107591726
4946,0.09041137
4947,0.14962807
4948,0.08175353
4949,0.1291933
4950,0.110968456
4951,0.035655085
4952,0.10285844
4953,0.10429673
4954,0.1002442
4955,0.051580247
4956,0.036887977
4957,0.31630418
4958,0.27086136
4959,0.20208749
4960,0.09389837
4961,0.0326186
4962,0.1203136
4963,0.016976994
4964,0.07380974
4965,0.18944962
4966,0.033378053
4967,0.052541845
4968,0.04149505
4969,0.017899375
4970,0.021850325
4971,0.041362036
4972,0.0551942
4973,0.17856713
4974,0.43204078
4975,0.20323697
4976,0.17870513
4977,0.11319434
4978,0.1623552
4979,0.15194984
4980,0.37307954
4981,0.08390865
4982,0.025433972
4983,0.045290835
4984,0.036184628
4985,0.13089536
4986,0.14883389
4987,0.11037083
4988,0.31331372
4989,0.2237288
4990,0.17915188
4991,0.9264024
4992,0.1379568
4993,0.035108946
4994,0.11681396
4995,0.15264599
4996,0.02165846
4997,0.046471104
4998,0.26730433
4999,0.060873836
5000,0.03844571
5001,0.03744652
5002,0.06453101
5003,0.13847777
5004,0.21060853
5005,0.21991031
5006,0.29243913
5007,0.22778566
5008,0.14267085
5009,0.15078647
5010,0.22156593
5011,0.037235375
5012,0.14112067
5013,0.08083745
5014,0.057476733
5015,0.26204216
5016,0.2321709
5017,0.06413462
5018,0.3899325
5019,0.21033204
5020,0.077388994
5021,0.10708669
5022,0.07779761
5023,0.030565564
5024,0.018300273
5025,0.022962071
5026,0.040344328
5027,0.068647385
5028,0.104815364
5029,0.11237224
5030,0.122195736
5031,0.24967994
5032,0.6132809
5033,0.26148957
5034,0.21396378
5035,0.3917303
5036,0.11282216
5037,0.040470265
5038,0.078352705
5039,0.07834289
5040,0.13504264
5041,0.19527148
5042,0.10796466
5043,0.03806352
5044,0.08911945
5045,0.12983502
5046,0.04810688
5047,0.056755953
5048,0.097229004
5049,0.027570948
5050,0.040633097
5051,0.03188107
5052,0.0
5053,0.02002507
5054,0.05014817
5055,0.054970745
5056,0.08253871
5057,0.150069
5058,0.14850968
5059,0.10030908
5060,0.44662297
5061,0.40851197
5062,0.23590274
5063,0.10360029
5064,0.001893014
5065,0.02690308
5066,0.009276596
5067,0.035440486
5068,0.07794859
5069,0.0
5070,0.028748324
5071,0.59283924
5072,0.044988304
5073,0.009759364
5074,0.045885798
5075,0.03523285
5076,0.085704215
5077,0.0051842597
5078,0.032004084
5079,0.0039564595
5080,0.0111860735
5081,0.0060743103
5082,0.02213118
5083,0.08831643
5084,0.10719935
5085,0.34215286
5086,0.21729772
5087,0.12241663
5088,0.652488
5089,0.24274202
5090,0.3147688
5091,0.13444762
5092,0.01562974
5093,0.023330221
5094,0.034996763
5095,0.04516553
5096,0.0421359
5097,0.30731794
5098,0.07923191
5099,0.20600834
5100,0.016336309
5101,0.07479848
5102,0.094422616
5103,0.11589087
5104,0.15785171
5105,0.031248702
5106,0.008635199
5107,0.0
5108,0.03619492
5109,0.13597544
5110,0.54213756
5111,0.15536898
5112,0.36278513
5113,0.14309038
5114,0.20263205
5115,0.14070672
5116,0.07972566
5117,0.00866634
5118,0.0
5119,0.0
5120,0.04047711
5121,0.019845532
5122,0.09151247
5123,0.12122457
5124,0.0519076
5125,0.18269318
5126,0.0
5127,0.034447182
5128,0.17855074
5129,0.014875358
5130,0.006707532
5131,0.017810823
5132,0.108887225
5133,0.1153801
5134,0.026143517
5135,0.10462205
5136,0.15065311
5137,0.07269596
5138,0.092272155
5139,0.027259763
5140,0.08017775
5141,0.06318962
5142,0.04395812
5143,0.11362592
5144,0.11712555
5145,0.03770149
5146,0.038102247
5147,0.021934614
5148,0.10174748
5149,0.012564366
5150,0.0
5151,0.08221274
5152,0.011185122
5153,0.036241993
5154,0.11778613
5155,0.011917362
5156,0.034577932
5157,0.0
5158,0.03878037
5159,0.16255935
5160,0.23439385
5161,0.3546394
5162,0.10270128
5163,0.02480411
5164,0.045859646
5165,0.07311911
5166,0.1270993
5167,0.011343221
5168,0.021821203
5169,0.011025437
5170,0.015134568
5171,0.0031576997
5172,0.0050877803
5173,0.070007816
5174,0.08531836
5175,0.19689958
5176,0.0038259476
5177,0.008724317
5178,0.023349125
5179,0.061220746
5180,0.08719743
5181,0.23545323
5182,0.10620451
5183,0.0048538493
5184,0.11064209
5185,0.01895064
5186,0.011980438
5187,0.11054242
5188,0.1406211
5189,0.047508575
5190,0.012726345
5191,0.18901059
5192,0.009336042
5193,0.009499775
5194,0.022319058
5195,0.106895484
5196,0.028501304
5197,0.021871682
5198,0.0034027686
5199,0.012027916
5200,0.04567493
5201,0.22558257
5202,0.024837
5203,0.008646452
5204,0.015760984
5205,0.028532743
5206,0.04986184
5207,0.19663519
5208,0.061101753
5209,0.14490542
5210,0.087096125
5211,0.021890135
5212,0.032256555
5213,0.027613191
5214,0.009154797
5215,0.176239
5216,0.0
5217,0.008146875
5218,0.10388971
5219,0.007560799
5220,0.06174061
5221,0.0056476416
5222,0.0
5223,0.0
5224,0.2162956
5225,0.45215797
5226,0.087865956
5227,0.06311693
5228,0.0077512767
5229,0.06460795
5230,0.022620399
5231,0.01713847
5232,0.05440676
5233,0.048880555
5234,0.09424917
5235,0.87142485
5236,0.022288363
5237,0.06084751
5238,0.0
5239,0.066185735
5240,0.053266782
5241,0.0
5242,0.014326703
5243,0.096168764
5244,0.31946668
5245,0.038985536
5246,0.11207994
5247,0.0
5248,0.0042646187
5249,0.023720086
5250,0.04709188
5251,0.014749735
5252,0.008284966
5253,0.046533376
5254,0.0438168
5255,0.025600387
5256,0.020469384
5257,0.038861282
5258,0.0065552266
5259,0.17094661
5260,0.045831516
5261,0.017940925
5262,0.019493397
5263,0.0771932
5264,0.08899882
5265,0.014211572
5266,0.031894714
5267,0.5776471
5268,0.040873185
5269,0.08944999
5270,0.052866984
5271,0.023388531
5272,0.016599117
5273,0.24957593
5274,0.029771712
5275,0.017277127
5276,0.05174237
5277,0.14471313
5278,0.038853798
5279,0.11426827
5280,0.04487175
5281,0.026388034
5282,0.03855739
5283,0.20044902
5284,0.022560727
5285,0.004967379
5286,0.0
5287,0.01999008
5288,0.018916879
5289,0.00055808737
5290,0.027648538
5291,0.13186173
5292,0.06161936
5293,0.015273324
5294,0.01586118
5295,0.06198346
5296,0.17168957
5297,0.103125826
5298,0.06173847
5299,0.07433374
5300,0.034659225
5301,0.047632873
5302,0.016853249
5303,0.046167392
5304,0.16551076
5305,0.10586492
5306,0.014400196
5307,0.0070581487
5308,0.016199246
5309,0.015172881
5310,0.014102189
5311,0.011732276
5312,0.02816974
5313,0.009622216
5314,0.029462045
5315,0.02150376
5316,0.020488232
5317,0.035892494
5318,0.07008485
5319,0.07755692
5320,0.1027826
5321,0.028036408
5322,0.006922531
5323,0.016833374
5324,0.115071
5325,0.007134373
5326,0.18442445
5327,0.017523086
5328,0.027804287
5329,0.0
5330,0.008183479
5331,0.00741264
5332,0.010434034
5333,0.013947519
5334,0.031117575
5335,0.026195012
5336,0.011851427
5337,0.07327425
5338,0.03503308
5339,0.038826082
5340,0.040204704
5341,0.016511377
5342,0.0
5343,0.07468316
5344,0.0139692
5345,0.034062438
5346,0.030828748
5347,0.002336854
5348,0.07727538
5349,0.0038795427
5350,0.0070581962
5351,0.16917288
5352,0.033976283
5353,0.044847578
5354,0.05350253
5355,0.000339068
5356,0.06843318
5357,0.024293747
5358,0.007043428
5359,0.07349803
5360,0.012851564
5361,0.09939335
5362,0.12721057
5363,0.04086432
5364,0.023725389
5365,0.02899846
5366,0.026268827
5367,0.03240205
5368,0.0018255743
5369,0.0054102186
5370,0.0
5371,0.035500187
5372,0.007945371
5373,0.019655354
5374,0.066850044
5375,0.063122585
5376,0.03144267
5377,0.0019407622
5378,0.015172833
5379,0.15256238
5380,0.012212515
5381,0.014513107
5382,0.0077093914
5383,0.04120449
5384,0.018082272
5385,0.0053426856
5386,0.03283913
5387,0.0035344653
5388,0.039503105
5389,0.0052893776
5390,0.008321687
5391,0.020222457
5392,0.12857892
5393,0.1311269
5394,0.017428633
5395,0.07188127
5396,0.0
5397,0.019315926
5398,0.00568314
5399,0.039528854
5400,0.058560655
5401,0.04598817
5402,0.055127915
5403,0.062492225
5404,0.026204476
5405,0.043827288
5406,0.056509163
5407,0.041777313
5408,0.08342043
5409,0.037630815
5410,0.124341555
5411,0.021614755
5412,0.045258813
5413,0.1407944
5414,0.091786854
5415,0.0017053194
5416,0.024204327
5417,0.20414379
5418,0.081304744
5419,0.24758054
5420,0.0881975
5421,0.14956294
5422,0.05133753
5423,0.09831049
5424,0.027678648
5425,0.045649845
5426,0.030359633
5427,0.029946975
5428,0.13713676
5429,0.031524412
5430,0.5255995
5431,0.14702418
5432,0.022025028
5433,0.15533109
5434,0.07267912
5435,0.05232575
5436,0.012374774
5437,0.06275843
5438,0.04877832
5439,0.019372165
5440,0.101284824
5441,0.16001013
5442,0.33250874
5443,0.37093124
5444,0.06752266
5445,0.12154315
5446,0.19150473
5447,0.023413915
5448,0.028995147
5449,0.07003707
5450,0.05005898
5451,0.09181978
5452,0.028853597
5453,0.24491596
5454,0.110999554
5455,0.1475293
5456,0.3470089
5457,0.0885489
5458,0.022552377
5459,0.3409204
5460,0.105078325
5461,0.29313982
5462,0.051049944
5463,0.060885422
5464,0.05729023
5465,0.05624194
5466,0.08632884
5467,0.08680881
5468,0.016158445
5469,0.07027316
5470,0.23172821
5471,0.029977133
5472,0.036176328
5473,0.07295086
5474,0.0534538
5475,0.070397854
5476,0.03223217
5477,0.04318007
5478,0.056969512
5479,0.059535258
5480,0.036975883
5481,0.07302726
5482,0.17602047
5483,0.06294193
5484,0.20506123
5485,0.07039684
5486,0.043297626
5487,0.019220358
5488,0.028945882
5489,0.019924054
5490,0.2971095
5491,0.08914302
5492,0.25784388
5493,0.30514792
5494,0.03652009
5495,0.086482674
5496,0.063946754
5497,0.022349343
5498,0.038332414
5499,0.029066764
5500,0.049617596
5501,0.00018397665
5502,0.064296186
5503,0.07515517
5504,0.090230286
5505,0.18244274
5506,0.27342364
5507,0.021225542
5508,0.018204387
5509,0.038453728
5510,0.008354381
5511,0.027945781
5512,0.029965332
5513,0.048823632
5514,0.1868681
5515,0.026413912
5516,0.046160556
5517,0.037260912
5518,0.07277188
5519,0.060354378
5520,0.14988482
5521,0.3829286
5522,0.10020457
5523,0.039203122
5524,0.036988936
5525,0.07626268
5526,0.09058852
5527,0.03754719
5528,0.04630534
5529,0.041685574
5530,0.1344207
5531,0.17030415
5532,0.11294691
5533,0.117935404
5534,0.09983386
5535,0.054046694
5536,0.013364347
5537,0.007960652
5538,0.022200203
5539,0.07153117
5540,0.049983043
5541,0.0515756
5542,0.0049725273
5543,0.03099026
5544,0.018143665
5545,0.0045312047
5546,0.0104435645
5547,0.011283112
5548,0.04604738
5549,0.012477565
5550,0.008579684
5551,0.04841763
5552,0.21080035
5553,0.21218719
5554,0.032976534
5555,0.05405979
5556,0.025706999
5557,0.0791057
5558,0.055833362
5559,0.017069645
5560,0.04684881
5561,0.008113116
5562,0.01227883
5563,0.14075433
5564,0.017885681
5565,0.011744067
5566,0.027508363
5567,0.053282727
5568,0.06921038
5569,0.099770635
5570,0.102550335
5571,0.11533166
5572,0.05736043
5573,0.033407077
5574,0.023210838
5575,0.044640444
5576,0.05472342
5577,0.103334814
5578,0.032896176
5579,0.39562416
5580,0.10637345
5581,0.09950484
5582,0.05169806
5583,0.048068505
5584,0.019097872
5585,0.011726308
5586,0.0
5587,0.0
5588,0.058568865
5589,0.018998869
5590,0.0
5591,0.01723838
5592,0.013915338
5593,0.07132835
5594,0.038997393
5595,0.07088354
5596,0.06834854
5597,0.077547714
5598,0.12315631
5599,0.23565981
5600,0.06778104
5601,0.027045125
5602,0.08174616
5603,0.011814508
5604,0.057088487
5605,0.071003854
5606,0.04412811
5607,0.11015763
5608,0.05224914
5609,0.12748742
5610,0.040907312
5611,0.05017472
5612,0.036288038
5613,0.026246808
5614,0.11411771
5615,0.0065439446
5616,0.01674043
5617,0.07007997
5618,0.033622563
5619,0.007392411
5620,0.01288274
5621,0.030681051
5622,0.04506837
5623,0.062934846
5624,0.11099025
5625,0.068226784
5626,0.15141025
5627,0.11689308
5628,0.11807479
5629,0.006777675
5630,0.08529555
5631,0.007534207
5632,0.062860295
5633,0.036035225
5634,0.068000615
5635,0.027582774
5636,0.025191871
5637,0.07295261
5638,0.0360599
5639,0.05245588
5640,0.07574568
5641,0.04921565
5642,0.0
5643,0.009275635
5644,0.03288437
5645,0.061590232
5646,0.03974955
5647,0.09038139
5648,0.057955597
5649,0.12397795
5650,0.35938108
5651,0.09383966
5652,0.10831799
5653,0.065519676
5654,0.0676706
5655,0.07907541
5656,0.07498599
5657,0.070102006
5658,0.015397009
5659,0.026631813
5660,0.25359994
5661,0.068103604
5662,0.076085195
5663,0.06053825
5664,0.07779714
5665,0.03343882
5666,0.02787626
5667,0.009626031
5668,0.0061352765
5669,0.0064812107
5670,0.01817434
5671,0.19480687
5672,0.042737186
5673,0.04008313
5674,0.09742498
5675,0.48702106
5676,0.07843682
5677,0.01739476
5678,0.09448644
5679,0.04872133
5680,0.1790908
5681,0.19007236
5682,0.072870776
5683,0.0039713047
5684,0.034346964
5685,0.111011654
5686,0.1424181
5687,0.029730609
5688,0.15819743
5689,0.07248143
5690,0.062498514
5691,0.0062427237
5692,0.006843845
5693,0.044747252
5694,0.048920706
5695,0.012676187
5696,0.107775696
5697,0.10800236
5698,0.122386456
5699,0.07193976
5700,0.033597656
5701,0.090669334
5702,0.15571783
5703,0.16627906
5704,0.06719758
5705,0.042175494
5706,0.011144665
5707,0.057290085
5708,0.42419505
5709,0.031305432
5710,0.15422189
5711,0.2608539
5712,0.1496384
5713,0.008457162
5714,0.01606324
5715,0.046418957
5716,0.06729526
5717,0.1561902
5718,0.15836115
5719,0.07176117
5720,0.096712284
5721,0.1659606
5722,0.15110826
5723,0.13522615
5724,0.20728216
5725,0.21916278
5726,0.1078346
5727,0.05514752
5728,0.08270362
5729,0.08860926
5730,0.23406856
5731,0.6979533
5732,0.019897176
5733,0.059944104
5734,0.24785927
5735,0.02561489
5736,0.050106466
5737,0.22370292
5738,0.022003148
5739,0.049859747
5740,0.082493365
5741,0.022665594
5742,0.05605646
5743,0.014430683
5744,0.22469802
5745,0.05024167
5746,0.095510334
5747,0.18885748
5748,0.13928239
5749,0.21308665
5750,0.2235217
5751,0.20739537
5752,0.031501822
5753,0.1524884
5754,0.101504825
5755,0.10539887
5756,0.6607426
5757,0.30081162
5758,0.33461183
5759,0.02750635
5760,0.15547366
5761,0.04141679
5762,0.023974331
5763,0.023644708
5764,0.013767938
5765,0.0
5766,0.02686319
5767,0.082841896
5768,0.032835905
5769,0.038209103
5770,0.0
5771,0.08835791
5772,0.123898454
5773,0.12474435
5774,0.12564512
5775,0.11723283
5776,0.15007563
5777,0.13856252
5778,0.06608577
5779,0.1145493
5780,0.18230769
5781,0.05906494
5782,0.72894776
5783,0.7353831
5784,0.4809473
5785,0.035440285
5786,0.05366283
5787,0.03535709
5788,0.0962337
5789,0.30158535
5790,0.10644577
5791,0.07300085
5792,0.013366469
5793,0.051960997
5794,0.075233564
5795,0.0549054
5796,0.017812567
5797,0.21487406
5798,0.0
5799,0.029493181
5800,0.114069045
5801,0.10703116
5802,0.06467459
5803,0.0569102
5804,0.12662704
5805,0.088603884
5806,0.03785129
5807,0.105195954
5808,0.091457225
5809,0.08320316
5810,0.71969306
5811,0.7161648
5812,0.4646567
5813,0.02734192
5814,0.054092843
5815,0.046959743
5816,0.2235923
5817,0.07700427
5818,0.19941254
5819,0.080154605
5820,0.0317328
5821,0.087711774
5822,0.11667981
5823,0.14295563
5824,0.1732759
5825,0.3521025
5826,0.26624888
5827,0.14062576
5828,0.15118018
5829,0.10080773
5830,0.068325564
5831,0.12351271
5832,0.048241638
5833,0.055305585
5834,0.14353046
5835,0.13721058
5836,0.07365092
5837,0.0924505
5838,0.017535985
5839,0.71644676
5840,1.0
5841,0.76462096
5842,0.0807746
5843,0.04851879
5844,0.13551517
5845,0.226396
5846,0.017852014
5847,0.023714678
5848,0.019743644
5849,0.04550531
5850,0.08573971
5851,0.059712317
5852,0.2271966
5853,0.5750944
5854,0.07852649
5855,0.11515963
5856,0.09598245
5857,0.15079972
5858,0.08350797
5859,0.1255239
5860,0.11448357
5861,0.04023355
5862,0.109460644
5863,0.10612996
5864,0.09953043
5865,0.0507052
5866,0.32106122
5867,0.27552328
5868,0.2066008
5869,0.083853126
5870,0.034785528
5871,0.10969889
5872,0.07255846
5873,0.18776856
5874,0.03131347
5875,0.06012831
5876,0.03885726
5877,0.0127988225
5878,0.023337094
5879,0.040018898
5880,0.045636248
5881,0.1752821
5882,0.4266804
5883,0.20783755
5884,0.18573366
5885,0.118226126
5886,0.16298749
5887,0.15316498
5888,0.36887076
5889,0.086884476
5890,0.02947313
5891,0.051353734
5892,0.03747856
5893,0.12964238
5894,0.14741956
5895,0.10900262
5896,0.3175315
5897,0.22785144
5898,0.18312591
5899,0.9158178
5900,0.13958439
5901,0.023954898
5902,0.11502339
5903,0.15042567
5904,0.019054597
5905,0.053518273
5906,0.25379068
5907,0.061039746
5908,0.045198943
5909,0.041369844
5910,0.06023951
5911,0.14045922
5912,0.21051471
5913,0.2297774
5914,0.30473408
5915,0.23808397
5916,0.14856966
5917,0.15726814
5918,0.22262375
5919,0.1476811
5920,0.08485087
5921,0.061328866
5922,0.2659405
5923,0.24165535
5924,0.073523775
5925,0.38461447
5926,0.21722616
5927,0.08401727
5928,0.11056259
5929,0.08084377
5930,0.033228166
5931,0.03088094
5932,0.03307995
5933,0.057049546
5934,0.08252264
5935,0.11047585
5936,0.124305606
5937,0.13205378
5938,0.26949906
5939,0.6355279
5940,0.2817397
5941,0.22981462
5942,0.40816385
5943,0.12383185
5944,0.09486508
5945,0.09230827
5946,0.14884672
5947,0.2091218
5948,0.12740093
5949,0.057404652
5950,0.06065069
5951,0.093753345
5952,0.14668116
5953,0.052171316
5954,0.073336266
5955,0.110656865
5956,0.040569052
5957,0.06289873
5958,0.043720044
5959,0.0
5960,0.023021828
5961,0.050315026
5962,0.046922773
5963,0.08076369
5964,0.14621869
5965,0.15462026
5966,0.10884769
5967,0.45316476
5968,0.41065428
5969,0.2386279
5970,0.100901574
5971,0.009465922
5972,0.029707026
5973,0.00953354
5974,0.035536136
5975,0.07809038
5976,0.0037134078
5977,0.019673845
5978,0.5959768
5979,0.0353443
5980,0.012628503
5981,0.048757594
5982,0.03495228
5983,0.0849939
5984,0.004090387
5985,0.04056124
5986,0.0020869658
5987,0.023732217
5988,0.0022215112
5989,0.0036970777
5990,0.016924025
5991,0.07489448
5992,0.10005033
5993,0.33292854
5994,0.21803431
5995,0.12558119
5996,0.6536558
5997,0.23951018
5998,0.31211993
5999,0.12637493
6000,0.023180371
6001,0.010512697
6002,0.018051865
6003,0.02976454
6004,0.045519408
6005,0.030590799
6006,0.03989954
6007,0.29229984
6008,0.07672704
6009,0.20350611
6010,0.010681759
6011,0.068714164
6012,0.08795475
6013,0.11907398
6014,0.1506082
6015,0.02966444
6016,0.006733128
6017,0.023248125
6018,0.12930158
6019,0.5333883
6020,0.15658075
6021,0.3664248
6022,0.14473335
6023,0.19987555
6024,0.13853309
6025,0.07212814
6026,0.04106229
6027,0.0058722035
6028,0.08975129
6029,0.10668177
6030,0.049877893
6031,0.18066612
6032,0.0
6033,0.028838024
6034,0.18220903
6035,0.00810704
6036,0.0049222102
6037,0.10227152
6038,0.106689066
6039,0.02741348
6040,0.001127006
6041,0.106323145
6042,0.14795472
6043,0.07058043
6044,0.08473274
6045,0.022676047
6046,0.0754327
6047,0.058490675
6048,0.044845343
6049,0.11441792
6050,0.10321032
6051,0.035998434
6052,0.023617558
6053,0.019963108
6054,0.09977859
6055,0.0074431254
6056,0.0
6057,0.08592918
6058,0.0
6059,0.027095232
6060,0.114912264
6061,0.0069681774
6062,0.039589707
6063,0.005552822
6064,0.04422333
6065,0.16360281
6066,0.23602018
6067,0.35084185
6068,0.10608826
6069,0.015736863
6070,0.029433161
6071,0.050393485
6072,0.030072415
6073,0.06294572
6074,0.12913807
6075,0.0131135285
6076,0.023594173
6077,0.009646023
6078,0.013325412
6079,0.000964996
6080,0.06318117
6081,0.0847646
6082,0.19427055
6083,0.011157853
6084,0.018484183
6085,0.03111217
6086,0.06458439
6087,0.09114385
6088,0.23397583
6089,0.111911595
6090,0.111958995
6091,0.025899818
6092,0.01883439
6093,0.11724772
6094,0.13276781
6095,0.05186748
6096,0.016819423
6097,0.008168136
6098,0.18952152
6099,0.00946346
6100,0.013528282
6101,0.015693242
6102,0.10654259
6103,0.0260731
6104,0.029404445
6105,0.013363499
6106,0.019991849
6107,0.04923935
6108,0.2297299
6109,0.023560384
6110,0.0
6111,0.0101642385
6112,0.017324897
6113,0.03568274
6114,0.056916624
6115,0.20354138
6116,0.053449273
6117,0.14946519
6118,0.07887424
6119,0.026181422
6120,0.033398077
6121,0.028325023
6122,0.009483066
6123,0.17579164
6124,0.09330807
6125,0.0
6126,0.053421892
6127,0.0
6128,0.0
6129,0.0
6130,0.21629374
6131,0.44775662
6132,0.08404743
6133,0.05387455
6134,0.0656372
6135,0.018880665
6136,0.010851713
6137,0.047958717
6138,0.04247865
6139,0.09343335
6140,0.87051386
6141,0.045229368
6142,0.0
6143,0.049998023
6144,0.049592238
6145,0.0
6146,0.0075024436
6147,0.08891477
6148,0.31182915
6149,0.040999018
6150,0.10366674
6151,0.0
6152,0.00093784276
6153,0.01649439
6154,0.03779087
6155,0.015409686
6156,0.00937611
6157,0.043807868
6158,0.035667423
6159,0.024635557
6160,0.022591611
6161,0.036214586
6162,0.0012002254
6163,0.17122391
6164,0.046013556
6165,0.052918106
6166,0.003415735
6167,0.017180363
6168,0.06209851
6169,0.086417265
6170,0.011632717
6171,0.025733719
6172,0.5711025
6173,0.043979697
6174,0.08212979
6175,0.04294188
6176,0.011388147
6177,0.016987642
6178,0.24356833
6179,0.024346786
6180,0.010281708
6181,0.016799433
6182,0.003395783
6183,0.049224984
6184,0.14204712
6185,0.02162922
6186,0.011524799
6187,0.09647419
6188,0.039590817
6189,0.029697001
6190,0.19120507
6191,0.02249926
6192,0.012541182
6193,0.0
6194,0.02398905
6195,0.020840533
6196,0.012442711
6197,0.041961104
6198,0.13977799
6199,0.07011849
6200,0.023851264
6201,0.021892112
6202,0.0733901
6203,0.18294755
6204,0.09982527
6205,0.070650056
6206,0.07046373
6207,0.04330235
6208,0.056278646
6209,0.022346674
6210,0.051231056
6211,0.17019086
6212,0.12019603
6213,0.006067586
6214,0.025169613
6215,0.026571235
6216,0.023503741
6217,0.016734375
6218,0.033754624
6219,0.009783251
6220,0.028286748
6221,0.039894655
6222,0.023604944
6223,0.044384934
6224,0.07842864
6225,0.071342126
6226,0.108779944
6227,0.021252155
6228,0.012651445
6229,0.117220424
6230,0.008900265
6231,0.19584131
6232,0.023119634
6233,0.0
6234,0.014882018
6235,0.01653917
6236,0.017563738
6237,0.016677763
6238,0.009826052
6239,0.037254646
6240,0.01253501
6241,0.06478761
6242,0.038490143
6243,0.042285804
6244,0.015774721
6245,0.049349785
6246,0.015229782
6247,0.014867701
6248,0.013646915
6249,0.07990332
6250,0.02161734
6251,0.039713755
6252,0.0
6253,0.0111273965
6254,0.0065734787
6255,0.037511136
6256,0.0
6257,0.0
6258,0.0015420287
6259,0.0820176
6260,0.00954608
6261,0.0058871517
6262,0.16757207
6263,0.03199195
6264,0.052514262
6265,0.050742574
6266,0.0032383348
6267,0.08011075
6268,0.038399212
6269,0.019152159
6270,0.081790134
6271,0.0157198
6272,0.11253321
6273,0.13841012
6274,0.05191525
6275,0.013968142
6276,0.032164108
6277,0.037237946
6278,0.04039292
6279,0.03609947
6280,0.02050439
6281,0.0
6282,0.0052398327
6283,0.011252465
6284,0.0013711522
6285,0.0
6286,0.035528984
6287,0.00255029
6288,0.066957675
6289,0.06605892
6290,0.1491557
6291,0.019886913
6292,0.0
6293,0.013026133
6294,0.04212175
6295,0.019582361
6296,0.0014189042
6297,0.036099833
6298,0.007858589
6299,0.045850944
6300,0.011302539
6301,0.0043212594
6302,0.019139199
6303,0.13308188
6304,0.13553458
6305,0.015922995
6306,0.06994589
6307,0.016221363
6308,0.028555509
6309,0.05153064
6310,0.049413122
6311,0.06398015
6312,0.02948819
6313,0.044456925
6314,0.054709293
6315,0.05623005
6316,0.05506077
6317,0.10390667
6318,0.059912764
6319,0.038108908
6320,0.14963533
6321,0.043430254
6322,0.07427703
6323,0.0490217
6324,0.16895436
6325,0.122040965
6326,0.055316724
6327,0.2259353
6328,0.09961785
6329,0.27309656
6330,0.11550913
6331,0.17422058
6332,0.07808927
6333,0.12592056
6334,0.048818786
6335,0.055906903
6336,0.041874964
6337,0.17252739
6338,0.063436605
6339,0.56471443
6340,0.18793494
6341,0.2048192
6342,0.10854792
6343,0.08706507
6344,0.041115213
6345,0.08661466
6346,0.044897918
6347,0.021543762
6348,0.13778478
6349,0.19303188
6350,0.3727335
6351,0.4129517
6352,0.09092341
6353,0.10898314
6354,0.17214087
6355,0.22848308
6356,0.066966824
6357,0.06484408
6358,0.06412743
6359,0.09500287
6360,0.076283105
6361,0.11991989
6362,0.08230778
6363,0.08461362
6364,0.29557207
6365,0.16885826
6366,0.20718376
6367,0.4040094
6368,0.1476434
6369,0.077123344
6370,0.40915242
6371,0.0656405
6372,0.15856154
6373,0.34062412
6374,0.09364986
6375,0.104743704
6376,0.10302454
6377,0.10051146
6378,0.0477548
6379,0.10610991
6380,0.11379265
6381,0.060896013
6382,0.093969144
6383,0.26908508
6384,0.054852746
6385,0.06648836
6386,0.09555898
6387,0.07006299
6388,0.08212285
6389,0.04521539
6390,0.055038575
6391,0.06334123
6392,0.04146204
6393,0.07403515
6394,0.18423101
6395,0.21241346
6396,0.07531965
6397,0.049400046
6398,0.016666027
6399,0.02315594
6400,0.014564017
6401,0.019235726
6402,0.3132486
6403,0.14560673
6404,0.11162651
6405,0.2824218
6406,0.32520214
6407,0.10771641
6408,0.088826835
6409,0.030432424
6410,0.047673777
6411,0.040284183
6412,0.059370257
6413,0.03655062
6414,0.07349632
6415,0.09155808
6416,0.10577482
6417,0.20008144
6418,0.28653887
6419,0.029948266
6420,0.032499082
6421,0.056394733
6422,0.020381555
6423,0.032367654
6424,0.053101994
6425,0.1896817
6426,0.031120086
6427,0.055382155
6428,0.035350032
6429,0.0674421
6430,0.05360985
6431,0.15641248
6432,0.3849327
6433,0.040752746
6434,0.08504665
6435,0.098156266
6436,0.08309272
6437,0.09920875
6438,0.036338363
6439,0.03297687
6440,0.12758802
6441,0.16200672
6442,0.10654208
6443,0.11604601
6444,0.09910612
6445,0.046629027
6446,0.013557347
6447,0.014908704
6448,0.027013915
6449,0.0741638
6450,0.054650135
6451,0.061979648
6452,0.016056733
6453,0.03859618
6454,0.03295235
6455,0.021135623
6456,0.024393907
6457,0.02732765
6458,0.05756819
6459,0.016367376
6460,0.025550023
6461,0.029380359
6462,0.016048122
6463,0.05554613
6464,0.22350082
6465,0.22853392
6466,0.05111348
6467,0.064492725
6468,0.030141052
6469,0.07865553
6470,0.056641445
6471,0.019753769
6472,0.048068136
6473,0.011122367
6474,0.0
6475,0.016902125
6476,0.1401109
6477,0.016023668
6478,0.016637104
6479,0.030267065
6480,0.053860318
6481,0.07182249
6482,0.10811965
6483,0.11157959
6484,0.12088256
6485,0.07011413
6486,0.047956474
6487,0.035106193
6488,0.05862998
6489,0.06418923
6490,0.01951435
6491,0.009954411
6492,0.108408354
6493,0.04354162
6494,0.40991592
6495,0.12245545
6496,0.045951817
6497,0.010064684
6498,0.0969997
6499,0.050451137
6500,0.048697617
6501,0.018262217
6502,0.012783265
6503,0.0020978814
6504,0.06137594
6505,0.0
6506,0.014057132
6507,0.01748909
6508,0.07276781
6509,0.036469515
6510,0.07014188
6511,0.06964137
6512,0.084577456
6513,0.13086604
6514,0.23989141
6515,0.079215445
6516,0.04027527
6517,0.0923222
6518,0.02448474
6519,0.065235056
6520,0.07475812
6521,0.053454287
6522,0.12313016
6523,0.067011796
6524,0.13454609
6525,0.04196706
6526,0.046350278
6527,0.03372186
6528,0.025556646
6529,0.021110736
6530,0.11385538
6531,0.010797068
6532,0.022155166
6533,0.07156776
6534,0.02960482
6535,0.0037544859
6536,0.015999828
6537,0.031663842
6538,0.042083845
6539,0.061736472
6540,0.11182642
6541,0.07479986
6542,0.15866353
6543,0.120668046
6544,0.1290525
6545,0.019551141
6546,0.09541494
6547,0.019747797
6548,0.07055014
6549,0.039332807
6550,0.07687015
6551,0.04009866
6552,0.03949792
6553,0.079554625
6554,0.036663007
6555,0.04943305
6556,0.07459887
6557,0.030142128
6558,0.04849668
6559,0.0026151056
6560,0.033915505
6561,0.05673196
6562,0.012079486
6563,0.039512023
6564,0.086176544
6565,0.05553694
6566,0.12359374
6567,0.36473367
6568,0.09987261
6569,0.110872604
6570,0.07527706
6571,0.079223745
6572,0.08797443
6573,0.085979216
6574,0.07657153
6575,0.027248528
6576,0.039717495
6577,0.2589815
6578,0.067486405
6579,0.070583746
6580,0.056295086
6581,0.07543
6582,0.029606886
6583,0.0
6584,0.018213417
6585,0.19271156
6586,0.0366746
6587,0.035806756
6588,0.09518308
6589,0.49051598
6590,0.082612075
6591,0.018091666
6592,0.102386124
6593,0.058416728
6594,0.1861321
6595,0.19920781
6596,0.0774826
6597,0.034566503
6598,0.114535615
6599,0.1399431
6600,0.022371462
6601,0.15209645
6602,0.068256594
6603,0.0
6604,0.06321688
6605,0.006073179
6606,0.0134293325
6607,0.049198423
6608,0.04940454
6609,0.014946224
6610,0.11208022
6611,0.11804382
6612,0.1331079
6613,0.0791831
6614,0.048043806
6615,0.106911205
6616,0.16930555
6617,0.18196091
6618,0.078355834
6619,0.010030483
6620,0.04894146
6621,0.023482548
6622,0.007898519
6623,0.07506445
6624,0.43426564
6625,0.0353769
6626,0.153409
6627,0.26129943
6628,0.15195987
6629,0.0039265305
6630,0.010567693
6631,0.012349142
6632,0.049459916
6633,0.0682019
6634,0.15312949
6635,0.15708667
6636,0.07825812
6637,0.103889436
6638,0.16965936
6639,0.16200979
6640,0.14792342
6641,0.2173254
6642,0.23130016
6643,0.11544831
6644,0.025512204
6645,0.05836896
6646,0.091497
6647,0.10104898
6648,0.2482984
6649,0.70447916
6650,0.015539916
6651,0.05684512
6652,0.24663627
6653,0.022927169
6654,0.053826787
6655,0.22858486
6656,0.017356457
6657,0.05385941
6658,0.0843587
6659,0.020563615
6660,0.055740677
6661,0.23215362
6662,0.058377516
6663,0.10016783
6664,0.2007177
6665,0.15293838
6666,0.22408861
6667,0.23661782
6668,0.21596777
6669,0.15700845
6670,0.10568496
6671,0.11515093
6672,0.67414063
6673,0.31600022
6674,0.34209657
6675,0.01951616
6676,0.02536606
6677,0.15520935
6678,0.04609578
6679,0.020618787
6680,0.025888007
6681,0.02041904
6682,0.08101849
6683,0.028831381
6684,0.036239047
6685,0.0
6686,0.092805
6687,0.124867104
6688,0.13291577
6689,0.13561209
6690,0.1245459
6691,0.15948303
6692,0.14344616
6693,0.071011074
6694,0.12481495
6695,0.18313904
6696,0.034929745
6697,0.06512829
6698,0.7386568
6699,0.74688274
6700,0.48474318
6701,0.029611235
6702,0.049709845
6703,0.031831913
6704,0.09722392
6705,0.30373716
6706,0.10467068
6707,0.030395791
6708,0.070888415
6709,0.011934035
6710,0.057283606
6711,0.07842187
6712,0.054126337
6713,0.018819699
6714,0.21791571
6715,0.0
6716,0.03895196
6717,0.120049514
6718,0.12021439
6719,0.0796536
6720,0.069235064
6721,0.14104585
6722,0.09849926
6723,0.017093573
6724,0.047788296
6725,0.12047333
6726,0.097300254
6727,0.088706255
6728,0.7344137
6729,0.7326759
6730,0.47346416
6731,0.025266292
6732,0.053275492
6733,0.04801842
6734,0.22959433
6735,0.08416785
6736,0.20264925
6737,0.04112997
6738,0.083053894
6739,0.024396753
6740,0.0871308
6741,0.11396452
6742,0.13627298
6743,0.16837952
6744,0.3492406
6745,0.26912373
6746,0.14418097
6747,0.15125704
6748,0.108087376
6749,0.07740097
6750,0.12993401
6751,0.05675712
6752,0.059297357
6753,0.14756376
6754,0.14658433
6755,0.07359035
6756,0.09205
6757,0.022707393
6758,0.7252638
6759,1.0
6760,0.7675246
6761,0.07767964
6762,0.04053957
6763,0.12879413
6764,0.014413033
6765,0.22649439
6766,0.019111963
6767,0.004982312
6768,0.014314363
6769,0.017098362
6770,0.04072572
6771,0.07699283
6772,0.052751634
6773,0.22227027
6774,0.5759048
6775,0.08001741
6776,0.113172196
6777,0.101197794
6778,0.15781073
6779,0.087864965
6780,0.13197502
6781,0.11641107
6782,0.055822007
6783,0.111429766
6784,0.113439456
6785,0.09740557
6786,0.048240382
6787,0.03916619
6788,0.3278148
6789,0.28406706
6790,0.20744039
6791,0.07869389
6792,0.024742007
6793,0.100913666
6794,0.066077076
6795,0.18580261
6796,0.030509144
6797,0.055397037
6798,0.03387497
6799,0.022975508
6800,0.03569001
6801,0.04309355
6802,0.17477383
6803,0.4319091
6804,0.21374646
6805,0.18816422
6806,0.12785947
6807,0.17441659
6808,0.16194002
6809,0.37974033
6810,0.093229994
6811,0.049479645
6812,0.057740886
6813,0.04920609
6814,0.13193546
6815,0.1493727
6816,0.11652778
6817,0.32870314
6818,0.24081312
6819,0.18838355
6820,0.9150764
6821,0.13395886
6822,0.019587688
6823,0.11296003
6824,0.15287776
6825,0.02266831
6826,0.053205043
6827,0.27294606
6828,0.063862026
6829,0.04588688
6830,0.038090464
6831,0.058746357
6832,0.14100045
6833,0.21679291
6834,0.23673582
6835,0.30821437
6836,0.24876681
6837,0.16104826
6838,0.16709268
6839,0.23454246
6840,0.16045806
6841,0.08819354
6842,0.064331636
6843,0.27451527
6844,0.25387603
6845,0.08753497
6846,0.38492277
6847,0.21265008
6848,0.014451339
6849,0.081110835
6850,0.10954874
6851,0.08434535
6852,0.037891377
6853,0.01983279
6854,0.028786838
6855,0.05062211
6856,0.072127916
6857,0.10186733
6858,0.11773159
6859,0.1312166
6860,0.2693421
6861,0.63189256
6862,0.28530738
6863,0.2351778
6864,0.41087306
6865,0.12863508
6866,0.10052673
6867,0.08853558
6868,0.14473407
6869,0.210581
6870,0.13250655
6871,0.06430047
6872,0.08694627
6873,0.13498972
6874,0.041738253
6875,0.06331447
6876,0.10252765
6877,0.019657928
6878,0.056519624
6879,0.03183544
6880,0.0054201847
6881,0.030585948
6882,0.053911828
6883,0.052305765
6884,0.08818118
6885,0.15937315
6886,0.1684549
6887,0.11920395
6888,0.47072384
6889,0.4300091
6890,0.25532857
6891,0.11969647
6892,0.023778733
6893,0.049360204
6894,0.019752374
6895,0.045415066
6896,0.09354123
6897,0.021002766
6898,0.59827733
6899,0.03890277
6900,0.01806302
6901,0.05272736
6902,0.040814623
6903,0.09537166
6904,0.015629794
6905,0.048173714
6906,0.031007327
6907,0.0057133795
6908,0.00505463
6909,0.014314285
6910,0.07407094
6911,0.10126125
6912,0.3398763
6913,0.22566237
6914,0.12973088
6915,0.66500866
6916,0.25265858
6917,0.32261413
6918,0.13896321
6919,0.036627
6920,0.014524958
6921,0.021724215
6922,0.03900882
6923,0.058410045
6924,0.031568646
6925,0.035993185
6926,0.28965187
6927,0.075955026
6928,0.20126934
6929,0.010337544
6930,0.072885364
6931,0.0932876
6932,0.120479874
6933,0.14650851
6934,0.03073298
6935,0.010286882
6936,0.02462075
6937,0.13270856
6938,0.54253227
6939,0.16640498
6940,0.37277082
6941,0.15828201
6942,0.21522
6943,0.15122347
6944,0.086912684
6945,0.010232904
6946,0.0
6947,0.050235275
6948,0.00904627
6949,0.08804115
6950,0.1062299
6951,0.051302053
6952,0.18062548
6953,0.0
6954,0.035205435
6955,0.18581113
6956,0.0062036184
6957,0.0
6958,0.0
6959,0.09528749
6960,0.10544195
6961,0.026846528
6962,0.109480694
6963,0.15290797
6964,0.07287961
6965,0.08912613
6966,0.018493328
6967,0.070910096
6968,0.059539985
6969,0.04954096
6970,0.12090378
6971,0.09599328
6972,0.023897106
6973,0.012774513
6974,0.010996092
6975,0.089346826
6976,0.0
6977,0.07914011
6978,0.0070200968
6979,0.020388048
6980,0.110239565
6981,0.008032418
6982,0.04133413
6983,0.0038189483
6984,0.049692232
6985,0.17086737
6986,0.2406307
6987,0.35754693
6988,0.10826928
6989,0.0077444073
6990,0.03644015
6991,0.059190672
6992,0.031165564
6993,0.058040027
6994,0.11934816
6995,0.006457879
6996,0.015473745
6997,0.0034181888
6998,0.0004142275
6999,0.008068361
7000,0.0579574
7001,0.08157533
7002,0.19681822
7003,0.014385701
7004,0.038064513
7005,0.07333246
7006,0.09723779
7007,0.24216397
7008,0.11557605
7009,0.018112822
7010,0.005944156
7011,0.11123116
7012,0.034390222
7013,0.02911499
7014,0.1198243
7015,0.12934554
7016,0.04356096
7017,0.010182443
7018,0.0034237443
7019,0.1892926
7020,0.0077710655
7021,0.013761132
7022,0.10664492
7023,0.031912383
7024,0.03592391
7025,0.016404679
7026,0.03023573
7027,0.061279126
7028,0.23911554
7029,0.035040177
7030,0.011401469
7031,0.012728025
7032,0.025460629
7033,0.047464747
7034,0.07048885
7035,0.20940967
7036,0.053318612
7037,0.1444502
7038,0.07511759
7039,0.024300832
7040,0.031945318
7041,0.03138768
7042,0.01370735
7043,0.17058344
7044,0.009910624
7045,0.11307387
7046,0.0
7047,0.06045735
7048,0.008025999
7049,0.00033898043
7050,0.0
7051,0.23347065
7052,0.46672943
7053,0.10036609
7054,0.072287396
7055,0.019582603
7056,0.07956798
7057,0.038151797
7058,0.020688526
7059,0.057455607
7060,0.057547465
7061,0.112148516
7062,0.8910191
7063,0.05203177
7064,0.0
7065,0.053174466
7066,0.054644722
7067,0.0
7068,0.012982754
7069,0.098910496
7070,0.3229866
7071,0.048229445
7072,0.10539165
7073,0.012416095
7074,0.014145031
7075,0.03173607
7076,0.05876943
7077,0.03706846
7078,0.034759346
7079,0.06833273
7080,0.062286455
7081,0.046730977
7082,0.044728637
7083,0.06369195
7084,0.018903295
7085,0.19814518
7086,0.074725084
7087,0.07392564
7088,0.018424371
7089,0.027304746
7090,0.07348115
7091,0.09967595
7092,0.023426645
7093,0.043935694
7094,0.5904663
7095,0.05941635
7096,0.09206088
7097,0.009654962
7098,0.047749095
7099,0.021932239
7100,0.019207772
7101,0.26031265
7102,0.03843728
7103,0.02043871
7104,0.038727954
7105,0.06750201
7106,0.1526202
7107,0.026203364
7108,0.097422406
7109,0.042415064
7110,0.022469236
7111,0.03746449
7112,0.20013422
7113,0.027501447
7114,0.012037851
7115,0.0
7116,0.01863381
7117,0.021222193
7118,0.0395447
7119,0.01913375
7120,0.14636004
7121,0.07404647
7122,0.01933824
7123,0.08150476
7124,0.18335822
7125,0.09423703
7126,0.060177516
7127,0.061249487
7128,0.035964165
7129,0.047475666
7130,0.015436308
7131,0.048836105
7132,0.16895755
7133,0.115035765
7134,0.0076389317
7135,0.01199054
7136,0.00030817947
7137,0.020090435
7138,0.01801374
7139,0.022149023
7140,0.03154162
7141,0.009664409
7142,0.037305124
7143,0.03529372
7144,0.027906895
7145,0.014909991
7146,0.046358503
7147,0.072698176
7148,0.059612844
7149,0.09216639
7150,0.0
7151,0.1086844
7152,0.18454003
7153,0.0063128164
7154,0.0
7155,0.018386962
7156,0.016565789
7157,0.024793146
7158,0.025702901
7159,0.018291319
7160,0.054857157
7161,0.03833896
7162,0.012084224
7163,0.029210957
7164,0.017229762
7165,0.06164241
7166,0.033595
7167,0.035925865
7168,0.011307387
7169,0.012033839
7170,0.04663256
7171,0.0070070634
7172,0.0
7173,0.08781267
7174,0.026048353
7175,0.051347535
7176,0.0055700634
7177,0.021902867
7178,0.019443145
7179,0.04589869
7180,0.010163055
7181,0.005495659
7182,0.0969797
7183,0.024218882
7184,0.008895484
7185,0.003905352
7186,0.17202464
7187,0.037606068
7188,0.05420144
7189,0.04692424
7190,0.08216027
7191,0.03697042
7192,0.024926119
7193,0.01626312
7194,0.08670572
7195,0.022729611
7196,0.11506094
7197,0.030218976
7198,0.14751244
7199,0.053313483
7200,0.009367472
7201,0.024348773
7202,0.03131522
7203,0.032447748
7204,0.03622028
7205,0.026421307
7206,0.009233805
7207,0.011768116
7208,0.009089571
7209,0.0079671275
7210,0.042389087
7211,0.0115045775
7212,0.025875397
7213,0.019501742
7214,0.07677021
7215,0.077105656
7216,0.037573032
7217,0.0
7218,0.14969294
7219,0.012153232
7220,0.010401242
7221,0.0
7222,0.011940438
7223,0.017660668
7224,0.04855204
7225,0.023358582
7226,0.03744654
7227,0.047239266
7228,0.01803121
7229,0.0016155735
7230,0.0041466504
7231,0.02166552
7232,0.13925451
7233,0.1434975
7234,0.067399144
7235,0.0054038037
7236,0.0440136
7237,0.04702382
7238,0.06636132
7239,0.020990083
7240,0.0401019
7241,0.05262399
7242,0.0144944135
7243,0.024544822
7244,0.035508804
7245,0.05354302
7246,0.065824084
7247,0.112625025
7248,0.06499355
7249,0.038271353
7250,0.03684477
7251,0.05241156
7252,0.15656842
7253,0.09261555
7254,0.06372254
7255,0.17873688
7256,0.1303687
7257,0.03557732
7258,0.056124635
7259,0.23809193
7260,0.12522468
7261,0.29665837
7262,0.13543351
7263,0.18922658
7264,0.09164056
7265,0.070194125
7266,0.13195193
7267,0.08673998
7268,0.058154587
7269,0.060818672
7270,0.17900822
7271,0.08336794
7272,0.5826007
7273,0.20218351
7274,0.07025144
7275,0.0803754
7276,0.2094095
7277,0.098327085
7278,0.106904484
7279,0.055141658
7280,0.11177208
7281,0.084496774
7282,0.07215396
7283,0.06601203
7284,0.012446876
7285,0.119237304
7286,0.18793459
7287,0.36559117
7288,0.40217185
7289,0.07522525
7290,0.09183019
7291,0.15170272
7292,0.19323371
7293,0.05312538
7294,0.09513175
7295,0.061858553
7296,0.10669604
7297,0.07987376
7298,0.29713777
7299,0.16837886
7300,0.20306675
7301,0.39497426
7302,0.13715327
7303,0.068799734
7304,0.3953772
7305,0.16003524
7306,0.33628505
7307,0.10044161
7308,0.096982025
7309,0.09646358
7310,0.10325995
7311,0.11984004
7312,0.1254778
7313,0.12540048
7314,0.04605244
7315,0.09781005
7316,0.2674744
7317,0.061030626
7318,0.07348218
7319,0.109197214
7320,0.07788832
7321,0.101079114
7322,0.063642874
7323,0.06149654
7324,0.071053535
7325,0.039723676
7326,0.08574711
7327,0.19389807
7328,0.21352458
7329,0.07714236
7330,0.053559758
7331,0.018126175
7332,0.025540637
7333,0.3313351
7334,0.16164832
7335,0.11911211
7336,0.28845257
7337,0.33339933
7338,0.118250675
7339,0.11434945
7340,0.08332925
7341,0.056433022
7342,0.078639716
7343,0.057174943
7344,0.086072646
7345,0.1020894
7346,0.03990879
7347,0.10775026
7348,0.20060205
7349,0.2892258
7350,0.04384512
7351,0.042334236
7352,0.03752312
7353,0.07640718
7354,0.032865975
7355,0.04689227
7356,0.035616666
7357,0.057551697
7358,0.20344089
7359,0.037628613
7360,0.062390473
7361,0.01427793
7362,0.07946219
7363,0.06520289
7364,0.04645237
7365,0.14780016
7366,0.3784868
7367,0.0689145
7368,0.09500035
7369,0.04006792
7370,0.03606373
7371,0.093972184
7372,0.095915854
7373,0.034277674
7374,0.045007907
7375,0.027092965
7376,0.12290487
7377,0.16663298
7378,0.10391771
7379,0.113921426
7380,0.102796786
7381,0.03932935
7382,0.01552128
7383,0.01687736
7384,0.020048652
7385,0.07181074
7386,0.056777474
7387,0.06536135
7388,0.00998774
7389,0.04597755
7390,0.03828874
7391,0.022834418
7392,0.02117439
7393,0.022653287
7394,0.055060294
7395,0.017186176
7396,0.016830191
7397,0.06273709
7398,0.22332996
7399,0.2433514
7400,0.051758524
7401,0.07178219
7402,0.031617634
7403,0.09126301
7404,0.054695524
7405,0.019008534
7406,0.05663235
7407,0.012435929
7408,0.0
7409,0.02453076
7410,0.1386074
7411,0.013619329
7412,0.014237505
7413,0.018933512
7414,0.047138967
7415,0.06958153
7416,0.10713309
7417,0.101142295
7418,0.12389566
7419,0.07108222
7420,0.045287
7421,0.027518386
7422,0.049587328
7423,0.057313044
7424,0.0063681835
7425,0.11123107
7426,0.039002422
7427,0.42036512
7428,0.11873224
7429,0.048873007
7430,0.10523891
7431,0.044136923
7432,0.043584086
7433,0.022458145
7434,0.009728539
7435,0.0
7436,0.062867835
7437,0.011312997
7438,0.0
7439,0.011178151
7440,0.014614918
7441,0.06095972
7442,0.029489627
7443,0.06294597
7444,0.066925794
7445,0.083116286
7446,0.11995438
7447,0.24242997
7448,0.07970891
7449,0.037131183
7450,0.08425979
7451,0.014967488
7452,0.057884242
7453,0.0058872327
7454,0.077106215
7455,0.04844049
7456,0.13310479
7457,0.062813975
7458,0.13699274
7459,0.038600743
7460,0.054114886
7461,0.02693303
7462,0.019968526
7463,0.024832059
7464,0.110326074
7465,0.007767559
7466,0.024940902
7467,0.07258506
7468,0.0232584
7469,0.0059648682
7470,0.018214982
7471,0.024945024
7472,0.040193304
7473,0.05962986
7474,0.11420022
7475,0.07842807
7476,0.15284105
7477,0.1282958
7478,0.1346353
7479,0.021496411
7480,0.092441894
7481,0.06828875
7482,0.046770275
7483,0.07694572
7484,0.05516255
7485,0.087090574
7486,0.03838603
7487,0.04773358
7488,0.0741001
7489,0.038952813
7490,0.050056703
7491,0.004674953
7492,0.022108773
7493,0.040022142
7494,0.016932953
7495,0.053402882
7496,0.008755193
7497,0.027253728
7498,0.07874655
7499,0.04789088
7500,0.12042807
7501,0.3628224
7502,0.08851061
7503,0.112960994
7504,0.07532044
7505,0.075629525
7506,0.079461925
7507,0.07601189
7508,0.06877068
7509,0.0350696
7510,0.26097804
7511,0.06366997
7512,0.07789825
7513,0.049056165
7514,0.06939179
7515,0.03287814
7516,0.012208667
7517,0.011018485
7518,0.02947144
7519,0.1950357
7520,0.043826915
7521,0.042743005
7522,0.10659973
7523,0.503187
7524,0.08583238
7525,0.03476235
7526,0.11701182
7527,0.06940487
7528,0.19220193
7529,0.20382284
7530,0.08426406
7531,0.051046837
7532,0.07664247
7533,0.13111454
7534,0.15070908
7535,0.044268254
7536,0.15943997
7537,0.0768007
7538,0.074319564
7539,0.011258121
7540,0.0031226317
7541,0.037318714
7542,0.042353127
7543,0.0076787067
7544,0.10929308
7545,0.116511084
7546,0.12212466
7547,0.08165002
7548,0.04846574
7549,0.10369551
7550,0.1611716
7551,0.17237218
7552,0.070933506
7553,0.0058980873
7554,0.051218033
7555,0.018397195
7556,0.07079506
7557,0.43664077
7558,0.031939045
7559,0.16110212
7560,0.25443906
7561,0.14630023
7562,0.012620919
7563,0.0066407346
7564,0.0005732399
7565,0.0022915278
7566,0.055355806
7567,0.06516382
7568,0.15491967
7569,0.15866078
7570,0.085567035
7571,0.10174761
7572,0.18096794
7573,0.17127332
7574,0.15354934
7575,0.21803305
7576,0.230553
7577,0.11686764
7578,0.06948709
7579,0.095253244
7580,0.11979357
7581,0.2528706
7582,0.71569574
7583,0.032074604
7584,0.058826387
7585,0.24981819
7586,0.035418563
7587,0.059567343
7588,0.2401406
7589,0.024250023
7590,0.03045937
7591,0.06696715
7592,0.0885324
7593,0.029565614
7594,0.064526655
7595,0.24667434
7596,0.063447535
7597,0.11868818
7598,0.21719305
7599,0.16577612
7600,0.23200804
7601,0.24308245
7602,0.22459887
7603,0.044401005
7604,0.16892952
7605,0.12401492
7606,0.126119
7607,0.70009726
7608,0.32778424
7609,0.36052498
7610,0.043262642
7611,0.034559146
7612,0.16560313
7613,0.059048135
7614,0.042887166
7615,0.029182568
7616,0.043463808
7617,0.08085284
7618,0.045166
7619,0.00046854996
7620,0.09353561
7621,0.13904789
7622,0.14505173
7623,0.14411046
7624,0.12812586
7625,0.16160831
7626,0.1477379
7627,0.05503989
7628,0.11942042
7629,0.19072074
7630,0.048920386
7631,0.071756974
7632,0.7602741
7633,0.7543273
7634,0.49883235
7635,0.034464948
7636,0.05576427
7637,0.10583692
7638,0.3181654
7639,0.11733047
7640,0.075390086
7641,0.07484132
7642,0.087045625
7643,0.06757837
7644,0.032055695
7645,0.23563208
7646,0.01563647
7647,0.048472
7648,0.14301978
7649,0.14113975
7650,0.09694138
7651,0.08160457
7652,0.15196054
7653,0.111580424
7654,0.024723127
7655,0.040606532
7656,0.12386818
7657,0.11367136
7658,0.11148628
7659,0.7648206
7660,0.74891007
7661,0.49634284
7662,0.0067416583
7663,0.053462803
7664,0.066918604
7665,0.06286225
7666,0.24699676
7667,0.10738558
7668,0.22409847
7669,0.055215478
7670,0.09634497
7671,0.030172555
7672,0.09291137
7673,0.11081114
7674,0.13794784
7675,0.16983834
7676,0.35517973
7677,0.2763174
7678,0.14192387
7679,0.1624503
7680,0.117235646
7681,0.082911626
7682,0.13052645
7683,0.055894643
7684,0.06060138
7685,0.042858683
7686,0.12860492
7687,0.13820207
7688,0.07818429
7689,0.10305289
7690,0.02634838
7691,0.7438934
7692,1.0
7693,0.7786261
7694,0.0829681
7695,0.05695896
7696,0.13066015
7697,0.019538471
7698,0.23211962
7699,0.030552475
7700,0.01280492
7701,0.015593683
7702,0.030287063
7703,0.07138245
7704,0.046925202
7705,0.22092423
7706,0.57581306
7707,0.07047502
7708,0.117080204
7709,0.10306079
7710,0.15603615
7711,0.08117207
7712,0.12382741
7713,0.11042983
7714,0.044389144
7715,0.08518565
7716,0.0977719
7717,0.09471425
7718,0.051958017
7719,0.03552191
7720,0.33915883
7721,0.28123882
7722,0.21125653
7723,0.076697074
7724,0.03387616
7725,0.095494345
7726,0.063917294
7727,0.18414268
7728,0.034664422
7729,0.05778386
7730,0.03691679
7731,0.017618151
7732,0.017088134
7733,0.034630913
7734,0.041818395
7735,0.17797904
7736,0.43636885
7737,0.20875542
7738,0.19662352
7739,0.13427375
7740,0.17719325
7741,0.15979838
7742,0.37614384
7743,0.09180004
7744,0.042598058
7745,0.03604803
7746,0.03808982
7747,0.13379547
7748,0.15764162
7749,0.11743476
7750,0.34459856
7751,0.24253607
7752,0.19675094
7753,0.91763085
7754,0.14764428
7755,0.018719666
7756,0.115351535
7757,0.15576904
7758,0.03137484
7759,0.060143143
7760,0.27268896
7761,0.060823105
7762,0.033914
7763,0.030945845
7764,0.051385682
7765,0.13812017
7766,0.21516702
7767,0.22565924
7768,0.31058803
7769,0.24909557
7770,0.15773945
7771,0.15886554
7772,0.2248605
7773,0.028223027
7774,0.14325629
7775,0.08396799
7776,0.06651503
7777,0.26933664
7778,0.26368597
7779,0.08317245
7780,0.38139173
7781,0.22024998
7782,0.08466746
7783,0.10585473
7784,0.08115112
7785,0.040512398
7786,0.011424377
7787,0.020383185
7788,0.033284504
7789,0.059618495
7790,0.0891419
7791,0.10948656
7792,0.12422614
7793,0.25290066
7794,0.62890166
7795,0.28027135
7796,0.22650412
7797,0.3972812
7798,0.11358849
7799,0.02892981
7800,0.077960186
7801,0.07894525
7802,0.14155272
7803,0.20003776
7804,0.13695163
7805,0.054573197
7806,0.07805046
7807,0.13722487
7808,0.029419977
7809,0.06150629
7810,0.09346887
7811,0.016914213
7812,0.05200745
7813,0.01995958
7814,0.012559714
7815,0.028791508
7816,0.05694567
7817,0.055123568
7818,0.09547935
7819,0.16792566
7820,0.16755675
7821,0.13175616
7822,0.48123097
7823,0.43687868
7824,0.25727996
7825,0.12019296
7826,0.0061788326
7827,0.042336892
7828,0.025705269
7829,0.057776906
7830,0.09854113
7831,0.040991094
7832,0.030416708
7833,0.033505667
7834,0.6160559
7835,0.04212768
7836,0.022488624
7837,0.06646243
7838,0.047299035
7839,0.102355875
7840,0.028429253
7841,0.059204742
7842,0.007861242
7843,0.033880245
7844,0.007930474
7845,0.012425673
7846,0.0719663
7847,0.10363699
7848,0.34350654
7849,0.21984178
7850,0.13736063
7851,0.6705935
7852,0.25460568
7853,0.31964293
7854,0.13453723
7855,0.02468124
7856,0.015555441
7857,0.02916365
7858,0.039086316
7859,0.073475905
7860,0.033293616
7861,0.048849083
7862,0.2879544
7863,0.07545822
7864,0.2100819
7865,0.011899516
7866,0.074947156
7867,0.10116463
7868,0.1265886
7869,0.14525339
7870,0.028683444
7871,0.022207988
7872,0.04115409
7873,0.15372227
7874,0.5648003
7875,0.17922245
7876,0.3990386
7877,0.18250473
7878,0.23580517
7879,0.16689031
7880,0.10112475
7881,0.029901367
7882,0.0015144652
7883,0.07671603
7884,0.037605602
7885,0.07641115
7886,0.029409207
7887,0.11953504
7888,0.12317035
7889,0.0694432
7890,0.2080761
7891,0.011368197
7892,0.05590524
7893,0.21055771
7894,0.023586502
7895,0.0
7896,0.0
7897,0.0
7898,0.09883322
7899,0.11024208
7900,0.02219589
7901,0.11623547
7902,0.15602511
7903,0.07107851
7904,0.08587021
7905,0.020693777
7906,0.07951952
7907,0.060787447
7908,0.06577685
7909,0.122967266
7910,0.09888825
7911,0.037922997
7912,0.011669243
7913,0.099329464
7914,0.0016358717
7915,0.0864187
7916,0.0
7917,0.0071034487
7918,0.011889928
7919,0.10622185
7920,0.005269057
7921,0.029120088
7922,0.005055247
7923,0.048883535
7924,0.16642109
7925,0.23126611
7926,0.34672728
7927,0.09961637
7928,0.0
7929,0.01457154
7930,0.045112576
7931,0.053690694
7932,0.05337151
7933,0.12581055
7934,0.0
7935,0.017892882
7936,0.0
7937,0.0072813267
7938,0.0018977812
7939,0.0077834707
7940,0.0007006881
7941,0.05373491
7942,0.08183324
7943,0.19833048
7944,0.006447281
7945,0.02374566
7946,0.041531473
7947,0.073161826
7948,0.09214886
7949,0.23562017
7950,0.111198775
7951,0.0040492257
7952,0.11655275
7953,0.047338266
7954,0.12524436
7955,0.12895267
7956,0.054299016
7957,0.016877228
7958,0.0028678873
7959,0.1892365
7960,0.0025399032
7961,0.011116874
7962,0.108481094
7963,0.035002895
7964,0.029563734
7965,0.023494853
7966,0.035280965
7967,0.06268675
7968,0.23560482
7969,0.030074615
7970,0.019627854
7971,0.024998538
7972,0.0619911
7973,0.07084275
7974,0.21640798
7975,0.054503977
7976,0.15676658
7977,0.07288047
7978,0.023264406
7979,0.032967683
7980,0.03290987
7981,0.021044804
7982,0.16878873
7983,0.0062577073
7984,0.11144765
7985,0.0006470888
7986,0.06761477
7987,0.016437732
7988,0.0
7989,0.0122653525
7990,0.24383713
7991,0.47345805
7992,0.102176614
7993,0.07264311
7994,0.022104725
7995,0.06182729
7996,0.030987633
7997,0.026500601
7998,0.06967666
7999,0.062406577
8000,0.13199581
8001,0.896694
8002,0.04634949
8003,0.058538318
8004,0.014204525
8005,0.05625852
8006,0.058929518
8007,0.0106204
8008,0.019326378
8009,0.10575391
8010,0.3356451
8011,0.0591197
8012,0.10891816
8013,0.009734261
8014,0.016111063
8015,0.0071395757
8016,0.029210994
8017,0.05749874
8018,0.02634708
8019,0.03544333
8020,0.060460832
8021,0.052959733
8022,0.039570656
8023,0.04684539
8024,0.021441933
8025,0.20831023
8026,0.07071775
8027,0.07656272
8028,0.015248539
8029,0.03525986
8030,0.06688281
8031,0.094278336
8032,0.027338473
8033,0.020747695
8034,0.041096672
8035,0.5934425
8036,0.060624134
8037,0.085904956
8038,0.03632137
8039,0.0036675227
8040,0.061847482
8041,0.03728503
8042,0.2739824
8043,0.047188785
8044,0.029745666
8045,0.080118135
8046,0.17188075
8047,0.039650977
8048,0.10744753
8049,0.053640872
8050,0.043004498
8051,0.05124892
8052,0.21973385
8053,0.0453327
8054,0.022505341
8055,0.014944999
8056,0.006118859
8057,0.024412185
8058,0.0072438503
8059,0.046734318
8060,0.14786702
8061,0.0706352
8062,0.08195808
8063,0.19045593
8064,0.09552183
8065,0.07259331
8066,0.05911182
8067,0.055848133
8068,0.050457746
8069,0.17639434
8070,0.12070419
8071,0.005943654
8072,0.0077756224
8073,0.0065959026
8074,0.01692742
8075,0.028301097
8076,0.030391393
8077,0.021780195
8078,0.031228065
8079,0.00789604
8080,0.03225161
8081,0.015429005
8082,0.018598046
8083,0.020018794
8084,0.04990959
8085,0.082893625
8086,0.06399539
8087,0.10767985
8088,0.113403745
8089,0.19330622
8090,0.0077152885
8091,0.012580219
8092,0.00072494405
8093,0.013000821
8094,0.024630008
8095,0.02808454
8096,0.014299801
8097,0.047580525
8098,0.016251108
8099,0.030538928
8100,0.02520211
8101,0.0638018
8102,0.04517295
8103,0.01330381
8104,0.053175617
8105,0.0061864154
8106,0.016652878
8107,0.0
8108,0.08113008
8109,0.03281611
8110,0.05607037
8111,0.0066552777
8112,0.018069765
8113,0.014155195
8114,0.022514418
8115,0.0
8116,0.09701119
8117,0.009758484
8118,0.17322442
8119,0.04462115
8120,0.059448067
8121,0.04480716
8122,0.03749582
8123,0.07172835
8124,0.039988883
8125,0.025899585
8126,0.079123296
8127,0.013692327
8128,0.08792728
8129,0.013661937
8130,0.14379458
8131,0.05624006
8132,0.028265879
8133,0.02989822
8134,0.020554872
8135,0.0
8136,0.015287747
8137,0.0058041746
8138,0.03530781
8139,0.0029684722
8140,0.019505752
8141,0.060714282
8142,0.07388899
8143,0.041000757
8144,0.14764455
8145,0.006787962
8146,0.0
8147,0.0191314
8148,0.022806637
8149,0.050060418
8150,0.019948648
8151,0.002424542
8152,0.034748215
8153,0.02427816
8154,0.005646617
8155,0.15388152
8156,0.14395213
8157,0.022158807
8158,0.009983972
8159,0.069022074
8160,0.0032965546
8161,0.0037098567
8162,0.050832693
8163,0.054600056
8164,0.03518039
8165,0.024234485
8166,0.10183879
8167,0.06577079
8168,0.040509757
8169,0.14534578
8170,0.052583262
8171,0.0726304
8172,0.05530093
8173,0.16741121
8174,0.12483482
8175,0.2158751
8176,0.10300018
8177,0.26567906
8178,0.11601768
8179,0.16690676
8180,0.0751124
8181,0.054544542
8182,0.060610212
8183,0.1081534
8184,0.048526585
8185,0.06063566
8186,0.042760953
8187,0.16826537
8188,0.07261729
8189,0.5630952
8190,0.19424169
8191,0.06519733
8192,0.07169987
8193,0.205234
8194,0.09339036
8195,0.092571184
8196,0.09714177
8197,0.08057714
8198,0.076691076
8199,0.056367196
8200,0.0043758224
8201,0.11104747
8202,0.1797369
8203,0.34863862
8204,0.3967828
8205,0.066932306
8206,0.089329004
8207,0.15008014
8208,0.19084997
8209,0.041289214
8210,0.08305436
8211,0.060491797
8212,0.11378612
8213,0.058292076
8214,0.051028274
8215,0.27542943
8216,0.13791586
8217,0.18416727
8218,0.3731707
8219,0.12114161
8220,0.0491665
8221,0.38024393
8222,0.13474432
8223,0.3176531
8224,0.07485361
8225,0.082104705
8226,0.09004304
8227,0.08265743
8228,0.024800563
8229,0.096598245
8230,0.09348128
8231,0.10496747
8232,0.04068821
8233,0.028507244
8234,0.076643325
8235,0.2508077
8236,0.042323414
8237,0.082372725
8238,0.057722863
8239,0.073957615
8240,0.0332074
8241,0.05568881
8242,0.046530858
8243,0.061618224
8244,0.03016948
8245,0.076185174
8246,0.17558137
8247,0.20386738
8248,0.069655515
8249,0.048532408
8250,0.00468453
8251,0.023674415
8252,0.3128406
8253,0.13439925
8254,0.10052266
8255,0.27565455
8256,0.3169799
8257,0.04609702
8258,0.05085245
8259,0.10429089
8260,0.09644987
8261,0.061252236
8262,0.031371046
8263,0.04476963
8264,0.061251067
8265,0.08113805
8266,0.08840008
8267,0.1027204
8268,0.20136401
8269,0.28636616
8270,0.036668368
8271,0.037123136
8272,0.024348693
8273,0.038077977
8274,0.03751303
8275,0.06790498
8276,0.19961205
8277,0.037903637
8278,0.05457264
8279,0.032812975
8280,0.06472705
8281,0.06203118
8282,0.0403767
8283,0.14751622
8284,0.37458134
8285,0.0613602
8286,0.09101366
8287,0.033356182
8288,0.034617912
8289,0.08858651
8290,0.084289014
8291,0.024714582
8292,0.03514778
8293,0.027943535
8294,0.13221216
8295,0.16175824
8296,0.10314684
8297,0.10505776
8298,0.100046225
8299,0.039720926
8300,0.018264676
8301,0.018008543
8302,0.02576427
8303,0.072311185
8304,0.05373807
8305,0.06785227
8306,0.01235983
8307,0.048341844
8308,0.031898312
8309,0.02800749
8310,0.023443444
8311,0.03071411
8312,0.059499715
8313,0.021188263
8314,0.06437007
8315,0.23022884
8316,0.24631053
8317,0.048476476
8318,0.07056381
8319,0.037058312
8320,0.08974762
8321,0.06389083
8322,0.036660645
8323,0.060102444
8324,0.02000986
8325,0.0
8326,0.030124951
8327,0.147257
8328,0.013660455
8329,0.012666402
8330,0.021946846
8331,0.04493715
8332,0.063839845
8333,0.10692172
8334,0.100812055
8335,0.123557664
8336,0.0619895
8337,0.047757782
8338,0.027085159
8339,0.054945897
8340,0.05905019
8341,0.008023982
8342,0.11016177
8343,0.04319907
8344,0.42062184
8345,0.11274783
8346,0.044952378
8347,0.101021215
8348,0.050629918
8349,0.05853389
8350,0.023225972
8351,0.0
8352,0.009817642
8353,0.05896692
8354,0.0
8355,0.015116028
8356,0.016940534
8357,0.06786969
8358,0.035293177
8359,0.06464087
8360,0.06508086
8361,0.086801656
8362,0.12352088
8363,0.24598873
8364,0.074512966
8365,0.04349871
8366,0.0877233
8367,0.024222786
8368,0.063518144
8369,0.023564737
8370,0.017580913
8371,0.07993367
8372,0.056533866
8373,0.13725838
8374,0.06072632
8375,0.13696885
8376,0.045235857
8377,0.05379397
8378,0.038815085
8379,0.02949663
8380,0.11909442
8381,0.008443098
8382,0.031729594
8383,0.07258085
8384,0.0070682713
8385,0.017706146
8386,0.029020628
8387,0.043162372
8388,0.058490302
8389,0.10952081
8390,0.079278976
8391,0.15357313
8392,0.12902007
8393,0.12660494
8394,0.025029475
8395,0.09307094
8396,0.021740718
8397,0.07108813
8398,0.009472553
8399,0.04676332
8400,0.082204595
8401,0.05648161
8402,0.035467375
8403,0.08423218
8404,0.04218669
8405,0.05528883
8406,0.09011219
8407,0.040782895
8408,0.05599062
8409,0.002516028
8410,0.037183475
8411,0.051787626
8412,0.028610673
8413,0.07899698
8414,0.04403267
8415,0.11303003
8416,0.36095467
8417,0.08652401
8418,0.110966645
8419,0.06457138
8420,0.07644393
8421,0.07737232
8422,0.079714045
8423,0.068851404
8424,0.027428817
8425,0.25540107
8426,0.064751975
8427,0.0720242
8428,0.053892765
8429,0.082685195
8430,0.031989567
8431,0.025172776
8432,0.013444191
8433,0.0036535466
8434,0.020494267
8435,0.190643
8436,0.038327694
8437,0.03313515
8438,0.093452014
8439,0.49556974
8440,0.07809611
8441,0.027018322
8442,0.10051309
8443,0.064469606
8444,0.18436265
8445,0.20177534
8446,0.07859512
8447,0.0088518895
8448,0.042571563
8449,0.063252
8450,0.119787686
8451,0.1460414
8452,0.032644566
8453,0.15852687
8454,0.08434443
8455,0.06369234
8456,0.0009669014
8457,0.0067156134
8458,0.03813519
8459,0.04206307
8460,0.0032800182
8461,0.1013546
8462,0.11410291
8463,0.11959762
8464,0.07911522
8465,0.037176177
8466,0.103969485
8467,0.15854156
8468,0.1755339
8469,0.0704738
8470,0.0053570215
8471,0.047951948
8472,0.06261387
8473,0.43052316
8474,0.032480575
8475,0.15468767
8476,0.25873524
8477,0.15905312
8478,0.0072028455
8479,0.0073357993
8480,0.0061286893
8481,0.052017894
8482,0.066410325
8483,0.1550597
8484,0.15469214
8485,0.02474431
8486,0.08358888
8487,0.09965059
8488,0.17886315
8489,0.16041383
8490,0.1542534
8491,0.21583304
8492,0.23414478
8493,0.116837956
8494,0.06665101
8495,0.09768306
8496,0.11828361
8497,0.24511947
8498,0.7100082
8499,0.026090115
8500,0.0635526
8501,0.26300108
8502,0.034419585
8503,0.054579373
8504,0.24126574
8505,0.017659876
8506,0.052555382
8507,0.07870507
8508,0.018631801
8509,0.04948416
8510,0.23362237
8511,0.050276626
8512,0.10550957
8513,0.19525973
8514,0.15540631
8515,0.21873422
8516,0.2356004
8517,0.21349543
8518,0.02964856
8519,0.15774463
8520,0.11010501
8521,0.117474936
8522,0.6875134
8523,0.3089594
8524,0.3437639
8525,0.026204363
8526,0.02821151
8527,0.16771223
8528,0.04673307
8529,0.042986326
8530,0.029437691
8531,0.026145615
8532,0.012917442
8533,0.016401803
8534,0.029070783
8535,0.07104424
8536,0.026602466
8537,0.0
8538,0.08038348
8539,0.12588803
8540,0.123137146
8541,0.13375944
8542,0.11487096
8543,0.15414497
8544,0.13665318
8545,0.047693934
8546,0.10468663
8547,0.17955461
8548,0.035029225
8549,0.063131675
8550,0.7477089
8551,0.73552114
8552,0.48208985
8553,0.028136041
8554,0.05789214
8555,0.03199486
8556,0.0897938
8557,0.3082356
8558,0.10060762
8559,0.028817309
8560,0.06414094
8561,0.022167325
8562,0.06590943
8563,0.08269819
8564,0.06212445
8565,0.022493081
8566,0.22252965
8567,0.008064376
8568,0.040781017
8569,0.13532116
8570,0.124686316
8571,0.09205143
8572,0.07381061
8573,0.14995837
8574,0.105956785
8575,0.03872173
8576,0.11459558
8577,0.10796636
8578,0.10305625
8579,0.7577165
8580,0.73556507
8581,0.48506126
8582,0.041884404
8583,0.06605087
8584,0.0704513
8585,0.23641482
8586,0.10291672
8587,0.21283676
8588,0.053802047
8589,0.09055698
8590,0.027481515
8591,0.088608064
8592,0.11109228
8593,0.13712248
8594,0.16490431
8595,0.3467059
8596,0.27337384
8597,0.13886155
8598,0.15938012
8599,0.10541076
8600,0.082650244
8601,0.127361
8602,0.05852101
8603,0.059606325
8604,0.13134871
8605,0.13355811
8606,0.0771079
8607,0.099251434
8608,0.027812837
8609,0.7414178
8610,1.0
8611,0.77197313
8612,0.08297431
8613,0.050009128
8614,0.13442105
8615,0.22616625
8616,0.015847508
8617,0.017024042
8618,0.036301866
8619,0.076290764
8620,0.04772485
8621,0.21818404
8622,0.57860327
8623,0.07314629
8624,0.11974373
8625,0.09696961
8626,0.16150846
8627,0.083740346
8628,0.1321874
8629,0.11516843
8630,0.053627793
8631,0.09366305
8632,0.09886153
8633,0.099371515
8634,0.053890288
8635,0.04272002
8636,0.34241718
8637,0.27825582
8638,0.21033737
8639,0.08243695
8640,0.032659948
8641,0.10498886
8642,0.07179039
8643,0.18392292
8644,0.0405578
8645,0.05688441
8646,0.0419407
8647,0.021029783
8648,0.02508422
8649,0.04152047
8650,0.04459934
8651,0.17722008
8652,0.44114038
8653,0.21340795
8654,0.20126821
8655,0.13016376
8656,0.18464682
8657,0.16434792
8658,0.3864852
8659,0.09851991
8660,0.053817924
8661,0.041160762
8662,0.14043392
8663,0.1615551
8664,0.1266141
8665,0.34983817
8666,0.24153438
8667,0.19781299
8668,0.92535216
8669,0.1484094
8670,0.030195449
8671,0.12520584
8672,0.15753055
8673,0.039249506
8674,0.061224952
8675,0.28544387
8676,0.056687895
8677,0.034363262
8678,0.030288579
8679,0.04661977
8680,0.1298144
8681,0.21239159
8682,0.22276498
8683,0.30768597
8684,0.2374388
8685,0.15764616
8686,0.15586823
8687,0.22765498
8688,0.04194017
8689,0.031134881
8690,0.13878039
8691,0.083059676
8692,0.06288166
8693,0.2709693
8694,0.26137877
8695,0.07462398
8696,0.3815661
8697,0.2134683
8698,0.021084195
8699,0.082871184
8700,0.10816224
8701,0.075365834
8702,0.040840235
8703,0.013439842
8704,0.030925592
8705,0.056153066
8706,0.08156784
8707,0.09837265
8708,0.11864249
8709,0.24719831
8710,0.6231916
8711,0.26580638
8712,0.22360283
8713,0.39147586
8714,0.113574766
8715,0.02903351
8716,0.070676096
8717,0.075228795
8718,0.13511121
8719,0.19886215
8720,0.13183619
8721,0.04321659
8722,0.07541661
8723,0.12763497
8724,0.030540708
8725,0.036314722
8726,0.05690187
8727,0.09296823
8728,0.01443387
8729,0.042734288
8730,0.020534633
8731,0.0041336184
8732,0.024949847
8733,0.051997475
8734,0.046066727
8735,0.082882695
8736,0.1608593
8737,0.16037154
8738,0.12456315
8739,0.46528324
8740,0.4324945
8741,0.2499916
8742,0.11869651
8743,0.0047997776
8744,0.03357005
8745,0.020506056
8746,0.04985268
8747,0.09588275
8748,0.034392904
8749,0.017577317
8750,0.029389052
8751,0.60498303
8752,0.041765686
8753,0.03058341
8754,0.060375202
8755,0.045315683
8756,0.09227969
8757,0.024466204
8758,0.048448823
8759,0.006953552
8760,0.028597984
8761,0.0067967842
8762,0.0017884963
8763,0.014769875
8764,0.07020188
8765,0.098332725
8766,0.34373263
8767,0.21994902
8768,0.13746001
8769,0.6619382
8770,0.25751388
8771,0.31964716
8772,0.14033322
8773,0.023206774
8774,0.01764861
8775,0.028531805
8776,0.04372034
8777,0.07417012
8778,0.0103361765
8779,0.036469404
8780,0.04506881
8781,0.29488486
8782,0.090845406
8783,0.2112871
8784,0.017208554
8785,0.07216336
8786,0.104493946
8787,0.12312507
8788,0.15163803
8789,0.030693604
8790,0.021528285
8791,0.03525921
8792,0.14428751
8793,0.5608961
8794,0.17519915
8795,0.39500755
8796,0.16971889
8797,0.23458287
8798,0.162764
8799,0.10279026
8800,0.027864123
8801,0.007393134
8802,0.073279805
8803,0.06879745
8804,0.028454572
8805,0.11162432
8806,0.12597045
8807,0.08069995
8808,0.20515077
8809,0.012546795
8810,0.048991
8811,0.20296364
8812,0.025840763
8813,0.0
8814,0.0
8815,0.0
8816,0.09477348
8817,0.11171265
8818,0.023547579
8819,0.108824715
8820,0.16017781
8821,0.072327204
8822,0.09291067
8823,0.024031466
8824,0.08013216
8825,0.06666602
8826,0.06771558
8827,0.1186648
8828,0.10330855
8829,0.03538721
8830,0.0283009
8831,0.10177919
8832,0.008189421
8833,0.0046921344
8834,0.08419968
8835,0.0
8836,0.016557362
8837,0.027002528
8838,0.11779467
8839,0.022372194
8840,0.046104316
8841,0.022031734
8842,0.057105284
8843,0.18620637
8844,0.24814737
8845,0.36940026
8846,0.11866797
8847,0.008138496
8848,0.030816752
8849,0.021977166
8850,0.06268388
8851,0.06502077
8852,0.045703802
8853,0.0734244
8854,0.13890742
8855,0.031831805
8856,0.035975154
8857,0.020772777
8858,0.021374557
8859,0.02210413
8860,0.021196987
8861,0.023962412
8862,0.051696442
8863,0.07625493
8864,0.19828238
8865,0.006280419
8866,0.023571035
8867,0.0326021
8868,0.07579597
8869,0.091878995
8870,0.24114196
8871,0.11309923
8872,0.0023007088
8873,0.115646824
8874,0.047758415
8875,0.022069637
8876,0.12148705
8877,0.13185437
8878,0.050244704
8879,0.006439679
8880,0.017808383
8881,0.007902862
8882,0.18617852
8883,0.00873727
8884,0.011845908
8885,0.1056703
8886,0.037722416
8887,0.032164358
8888,0.026087772
8889,0.029119102
8890,0.06808841
8891,0.23810244
8892,0.03836406
8893,0.0
8894,0.021489477
8895,0.03212603
8896,0.06517875
8897,0.06778926
8898,0.21541813
8899,0.06017331
8900,0.15547976
8901,0.08230437
8902,0.041145056
8903,0.040770195
8904,0.03261953
8905,0.02686756
8906,0.17766681
8907,0.015222586
8908,0.12215061
8909,0.0
8910,0.062283702
8911,0.016637051
8912,0.0
8913,0.012338023
8914,0.235155
8915,0.4763395
8916,0.10215405
8917,0.07841231
8918,0.067713834
8919,0.029486433
8920,0.028567035
8921,0.069018036
8922,0.06701384
8923,0.13266325
8924,0.8911207
8925,0.04283947
8926,0.061687373
8927,0.01039748
8928,0.06316225
8929,0.07429002
8930,0.011798866
8931,0.024608647
8932,0.10294337
8933,0.3389478
8934,0.055629365
8935,0.11527612
8936,0.011717641
8937,0.008598008
8938,0.024293752
8939,0.0
8940,0.017664297
8941,0.0514824
8942,0.02021186
8943,0.020545598
8944,0.010756417
8945,0.054222614
8946,0.05251328
8947,0.035502773
8948,0.016976396
8949,0.03912852
8950,0.014567673
8951,0.20276204
8952,0.058928363
8953,0.066837065
8954,0.01218192
8955,0.025237164
8956,0.06757084
8957,0.10342314
8958,0.022301273
8959,0.019814324
8960,0.032070454
8961,0.5905293
8962,0.050918188
8963,0.08604728
8964,0.036550373
8965,0.005634574
8966,0.060619857
8967,0.04158779
8968,0.04826224
8969,0.28096747
8970,0.051269688
8971,0.028610114
8972,0.027692318
8973,0.035915617
8974,0.07864789
8975,0.17247418
8976,0.04690348
8977,0.11845467
8978,0.073104836
8979,0.048286438
8980,0.03138603
8981,0.052541833
8982,0.22713988
8983,0.045945875
8984,0.03296682
8985,0.021031847
8986,0.018405005
8987,0.014885622
8988,0.024258759
8989,0.006971572
8990,0.046454236
8991,0.015243592
8992,0.15039577
8993,0.0702599
8994,0.023330549
8995,0.016491873
8996,0.02164224
8997,0.035540693
8998,0.076031625
8999,0.18659316
9000,0.098318145
9001,0.06843357
9002,0.06566275
9003,0.05003489
9004,0.056673884
9005,0.02148767
9006,0.047294453
9007,0.17934418
9008,0.11686119
9009,0.011948888
9010,0.013867572
9011,0.003960818
9012,0.01417348
9013,0.025539402
9014,0.018874956
9015,0.021827247
9016,0.028371098
9017,0.010830848
9018,0.03606502
9019,0.018481188
9020,0.014283128
9021,0.04150148
9022,0.076549254
9023,0.064310014
9024,0.10103847
9025,0.010926192
9026,0.107758835
9027,0.18698142
9028,0.022561554
9029,0.003959792
9030,0.009791859
9031,0.02141329
9032,0.018840918
9033,0.027676582
9034,0.016779603
9035,0.0509389
9036,0.021675814
9037,0.018402683
9038,0.0636615
9039,0.04306201
9040,0.015296721
9041,0.046395924
9042,0.009254984
9043,0.012784875
9044,0.0
9045,0.08267353
9046,0.034351777
9047,0.04885131
9048,0.019510206
9049,0.021387402
9050,0.029864008
9051,0.0
9052,0.09290048
9053,0.010949349
9054,0.024519986
9055,0.17187679
9056,0.049386725
9057,0.057420805
9058,0.052628133
9059,0.07238097
9060,0.04063371
9061,0.017789701
9062,0.07967291
9063,0.020033685
9064,0.094386026
9065,0.012732916
9066,0.13879293
9067,0.05330226
9068,0.03030073
9069,0.027659843
9070,0.034799453
9071,0.02748501
9072,0.011889141
9073,0.002103162
9074,0.018080078
9075,0.0046018073
9076,0.011405273
9077,0.038004898
9078,0.0114573175
9079,0.024373166
9080,0.06193275
9081,0.07103494
9082,0.04021043
9083,0.004713968
9084,0.14755356
9085,0.017072896
9086,0.015865562
9087,0.016106807
9088,0.0
9089,0.019263266
9090,0.0141837895
9091,0.053001042
9092,0.019985262
9093,0.036955196
9094,0.030223917
9095,0.010547856
9096,0.02597067
9097,0.15460818
9098,0.13843754
9099,0.018708004
9100,0.066270724
9101,0.006353748
9102,0.03202803
9103,0.0360903
9104,0.025858233
9105,0.016654892
9106,0.03791382
9107,0.0
9108,0.07879644
9109,0.05323023
9110,0.0
9111,0.15039603
9112,0.051919837
9113,0.07226187
9114,0.06543422
9115,0.17623019
9116,0.13539645
9117,0.02809151
9118,0.19725284
9119,0.078664266
9120,0.24163799
9121,0.10247852
9122,0.15205325
9123,0.06200158
9124,0.03680206
9125,0.08698596
9126,0.019503703
9127,0.03908105
9128,0.011506076
9129,0.027256016
9130,0.16784705
9131,0.06648519
9132,0.55725825
9133,0.19890638
9134,0.07029032
9135,0.07397154
9136,0.22415932
9137,0.087786056
9138,0.08175211
9139,0.093791015
9140,0.0682691
9141,0.045177862
9142,0.0
9143,0.10135596
9144,0.16433172
9145,0.33352858
9146,0.39217454
9147,0.061009575
9148,0.085148856
9149,0.15973231
9150,0.17597258
9151,0.07043046
9152,0.038167633
9153,0.09609098
9154,0.072235055
9155,0.061930683
9156,0.28061816
9157,0.14339949
9158,0.20015271
9159,0.38784206
9160,0.13755535
9161,0.062758885
9162,0.41049
9163,0.016840097
9164,0.13524601
9165,0.32859063
9166,0.08282356
9167,0.080374345
9168,0.092941746
9169,0.08278878
9170,0.02604203
9171,0.022879593
9172,0.08896354
9173,0.08614148
9174,0.042536017
9175,0.032097656
9176,0.07741238
9177,0.26823047
9178,0.022462869
9179,0.03391637
9180,0.07005107
9181,0.055836964
9182,0.06910425
9183,0.018653765
9184,0.045764264
9185,0.025660515
9186,0.05341557
9187,0.059228204
9188,0.15891935
9189,0.06606423
9190,0.19639288
9191,0.061102334
9192,0.019349553
9193,0.014781751
9194,0.013985099
9195,0.004779441
9196,0.0
9197,0.0016602009
9198,0.02390195
9199,0.3053379
9200,0.12719132
9201,0.10250225
9202,0.27937692
9203,0.31788102
9204,0.08456215
9205,0.081535645
9206,0.020651441
9207,0.026649475
9208,0.030347776
9209,0.048690904
9210,0.0
9211,0.08016343
9212,0.08772037
9213,0.11122829
9214,0.2116146
9215,0.29379553
9216,0.03393059
9217,0.023922706
9218,0.063681446
9219,0.018687163
9220,0.014453856
9221,0.039884716
9222,0.029619502
9223,0.06464043
9224,0.1935803
9225,0.036526274
9226,0.052038204
9227,0.020964246
9228,0.053173225
9229,0.14689259
9230,0.3711367
9231,0.052679937
9232,0.07687572
9233,0.01974427
9234,0.010543343
9235,0.06932647
9236,0.069397286
9237,0.020999026
9238,0.026080364
9239,0.11807354
9240,0.14485228
9241,0.09089533
9242,0.09164918
9243,0.086915076
9244,0.031355754
9245,0.013187833
9246,0.014839125
9247,0.023812992
9248,0.07091109
9249,0.04670913
9250,0.07349103
9251,0.014957931
9252,0.045226235
9253,0.02907761
9254,0.035688624
9255,0.029810337
9256,0.03882362
9257,0.06478789
9258,0.008369698
9259,0.018029464
9260,0.015783431
9261,0.0594914
9262,0.21488748
9263,0.23578358
9264,0.042317875
9265,0.062761225
9266,0.039691456
9267,0.08941336
9268,0.053856235
9269,0.031255152
9270,0.0
9271,0.025726927
9272,0.14857323
9273,0.009483894
9274,0.010397254
9275,0.020895861
9276,0.04443733
9277,0.05771118
9278,0.11346075
9279,0.10431046
9280,0.12134233
9281,0.060069073
9282,0.056339167
9283,0.03435233
9284,0.06395562
9285,0.0652386
9286,0.10618331
9287,0.028757907
9288,0.4109952
9289,0.10748952
9290,0.038050108
9291,0.013444805
9292,0.10158723
9293,0.04149565
9294,0.054028686
9295,0.015953418
9296,0.0
9297,0.05412677
9298,0.005800844
9299,0.00970617
9300,0.013438121
9301,0.06558546
9302,0.032507077
9303,0.062907726
9304,0.057718955
9305,0.09210742
9306,0.12578593
9307,0.24254017
9308,0.07135927
9309,0.050846815
9310,0.09375719
9311,0.031999286
9312,0.06847328
9313,0.023284592
9314,0.07472194
9315,0.040859424
9316,0.12639849
9317,0.054234784
9318,0.12883326
9319,0.047536008
9320,0.053126678
9321,0.026955213
9322,0.033076577
9323,0.02099078
9324,0.115243025
9325,0.02699854
9326,0.06650746
9327,0.0025061308
9328,0.015051451
9329,0.027584068
9330,0.04122398
9331,0.057604905
9332,0.103006594
9333,0.085432425
9334,0.15668601
9335,0.1264192
9336,0.12429895
9337,0.0332253
9338,0.09995252
9339,0.030364916
9340,0.07689097
9341,0.04239922
9342,0.067377865
9343,0.046469454
9344,0.029823475
9345,0.07694431
9346,0.045334544
9347,0.045768984
9348,0.08522135
9349,0.03312474
9350,0.052986927
9351,0.022179643
9352,0.031957753
9353,0.018443983
9354,0.04717012
9355,0.002817591
9356,0.02711874
9357,0.07700324
9358,0.04309192
9359,0.10646047
9360,0.36705282
9361,0.089581475
9362,0.10831037
9363,0.06221001
9364,0.08458436
9365,0.08419855
9366,0.08828287
9367,0.07459889
9368,0.006705329
9369,0.021729551
9370,0.248058
9371,0.067844495
9372,0.07214927
9373,0.044317566
9374,0.07773902
9375,0.024276065
9376,0.022113727
9377,0.005291794
9378,0.02403992
9379,0.19540685
9380,0.042589687
9381,0.03845014
9382,0.093138196
9383,0.5079233
9384,0.08740933
9385,0.030617809
9386,0.104407474
9387,0.0788658
9388,0.19744462
9389,0.21659994
9390,0.09059836
9391,0.010162159
9392,0.044407867
9393,0.11870022
9394,0.15538973
9395,0.03902537
9396,0.15520744
9397,0.08565401
9398,0.065731965
9399,0.0
9400,0.005794138
9401,0.038431857
9402,0.041857928
9403,0.004127897
9404,0.09657365
9405,0.12198962
9406,0.12444371
9407,0.07824758
9408,0.03660345
9409,0.113898546
9410,0.1671564
9411,0.18589137
9412,0.07800991
9413,0.0022001578
9414,0.0453211
9415,0.0073035005
9416,0.0075825485
9417,0.058703255
9418,0.4249686
9419,0.03736169
9420,0.15660138
9421,0.25094846
9422,0.15589565
9423,0.0047753276
9424,0.005185726
9425,0.0002497042
9426,0.008744613
9427,0.050229233
9428,0.065839864
9429,0.15398741
9430,0.15467289
9431,0.0906084
9432,0.10362951
9433,0.17712834
9434,0.15897395
9435,0.16331531
9436,0.22358066
9437,0.24363504
9438,0.12350689
9439,0.026086425
9440,0.063153066
9441,0.083722435
9442,0.10913747
9443,0.24034166
9444,0.7035862
9445,0.027136639
9446,0.05489885
9447,0.2589764
9448,0.027627505
9449,0.051284686
9450,0.23824845
9451,0.014250199
9452,0.051053073
9453,0.078421004
9454,0.017845886
9455,0.049751226
9456,0.0054716174
9457,0.2409282
9458,0.05454191
9459,0.10406113
9460,0.19410622
9461,0.1647546
9462,0.22676823
9463,0.24537702
9464,0.22045074
9465,0.03136857
9466,0.15400699
9467,0.10689344
9468,0.1038007
9469,0.6786535
9470,0.3044679
9471,0.33762842
9472,0.019844133
9473,0.16397391
9474,0.04022737
9475,0.039978012
9476,0.026706824
9477,0.022072336
9478,0.012637205
9479,0.013494226
9480,0.07126226
9481,0.019023415
9482,0.021742787
9483,0.0
9484,0.085150875
9485,0.12494192
9486,0.122485824
9487,0.14360979
9488,0.12340709
9489,0.16442375
9490,0.14411065
9491,0.047275364
9492,0.106908776
9493,0.1763191
9494,0.032319706
9495,0.049959525
9496,0.73935115
9497,0.7315317
9498,0.47645634
9499,0.020270754
9500,0.0546559
9501,0.030645726
9502,0.08728764
9503,0.30600676
9504,0.09703647
9505,0.03230279
9506,0.06436281
9507,0.020791126
9508,0.06644066
9509,0.084447585
9510,0.06337199
9511,0.02479363
9512,0.21920133
9513,0.01740374
9514,0.04707979
9515,0.13590619
9516,0.12556626
9517,0.10343317
9518,0.08387814
9519,0.1617685
9520,0.114945576
9521,0.118349075
9522,0.1062622
9523,0.10187816
9524,0.75089025
9525,0.73310703
9526,0.48095927
9527,0.045250755
9528,0.059716944
9529,0.068746425
9530,0.025218647
9531,0.23543996
9532,0.1022193
9533,0.21079694
9534,0.058818907
9535,0.09231023
9536,0.02449222
9537,0.08752624
9538,0.11122861
9539,0.13675697
9540,0.16559179
9541,0.3417644
9542,0.28110003
9543,0.1435472
9544,0.15835209
9545,0.10467766
9546,0.092418924
9547,0.13581546
9548,0.06871808
9549,0.06698207
9550,0.07039291
9551,0.13084848
9552,0.13569856
9553,0.07379067
9554,0.09646028
9555,0.014558974
9556,0.73297834
9557,1.0
9558,0.76625794
9559,0.08769508
9560,0.051762417
9561,0.12647402
9562,0.020247124
9563,0.22357832
9564,0.028401786
9565,0.0054770242
9566,0.017631087
9567,0.020715037
9568,0.041211028
9569,0.080698095
9570,0.05318517
9571,0.21801552
9572,0.5911023
9573,0.08260483
9574,0.12348843
9575,0.101009324
9576,0.17605
9577,0.096967645
9578,0.14715728
9579,0.12731697
9580,0.082429916
9581,0.097935654
9582,0.10577481
9583,0.100827135
9584,0.055871945
9585,0.034238994
9586,0.33875075
9587,0.2789577
9588,0.2093952
9589,0.09193054
9590,0.0391861
9591,0.101814695
9592,0.07513243
9593,0.18610786
9594,0.0430202
9595,0.058004413
9596,0.040367555
9597,0.021364065
9598,0.026636682
9599,0.042571086
9600,0.046702955
9601,0.1736949
9602,0.45028287
9603,0.21950983
9604,0.2016564
9605,0.13084686
9606,0.1958317
9607,0.1742185
9608,0.3980984
9609,0.10731177
9610,0.0792634
9611,0.047422614
9612,0.044717282
9613,0.13853289
9614,0.16018006
9615,0.11477643
9616,0.34281498
9617,0.23887959
9618,0.1935142
9619,0.93148905
9620,0.15157889
9621,0.1251912
9622,0.15635882
9623,0.038355198
9624,0.058988236
9625,0.30086106
9626,0.06838426
9627,0.047277767
9628,0.042701285
9629,0.060085457
9630,0.13765125
9631,0.23289606
9632,0.24022886
9633,0.31943634
9634,0.24948393
9635,0.1801931
9636,0.17710087
9637,0.2506302
9638,0.07874776
9639,0.043412875
9640,0.15369907
9641,0.09252068
9642,0.07286872
9643,0.27049357
9644,0.26571772
9645,0.083331175
9646,0.39906526
9647,0.22799984
9648,0.030544503
9649,0.08956411
9650,0.11950965
9651,0.08555619
9652,0.05130802
9653,0.031184534
9654,0.018098088
9655,0.036801998
9656,0.061527707
9657,0.0879954
9658,0.09917141
9659,0.13210875
9660,0.2576241
9661,0.6279035
9662,0.27081355
9663,0.2391117
9664,0.4056706
9665,0.12951188
9666,0.034273375
9667,0.07855663
9668,0.077651665
9669,0.13806015
9670,0.19134848
9671,0.12913693
9672,0.044885676
9673,0.08587745
9674,0.13512845
9675,0.028333861
9676,0.038736925
9677,0.05655669
9678,0.09727752
9679,0.022955086
9680,0.017863523
9681,0.044821538
9682,0.029678546
9683,0.015099222
9684,0.03713357
9685,0.06367946
9686,0.05880166
9687,0.089988805
9688,0.180633
9689,0.17710467
9690,0.13558263
9691,0.4765978
9692,0.4543108
9693,0.2704938
9694,0.14094085
9695,0.047757935
9696,0.029236265
9697,0.059108905
9698,0.09467638
9699,0.038001023
9700,0.046157286
9701,0.6187837
9702,0.045866184
9703,0.03931298
9704,0.06633742
9705,0.055932358
9706,0.10173929
9707,0.05684341
9708,0.022404782
9709,0.04078562
9710,0.020747527
9711,0.016957432
9712,0.029436966
9713,0.08592195
9714,0.10842399
9715,0.36649156
9716,0.23966733
9717,0.15146466
9718,0.6762377
9719,0.28231537
9720,0.34313446
9721,0.16556291
9722,0.040379852
9723,0.04077323
9724,0.04549911
9725,0.0807634
9726,0.021297796
9727,0.056222778
9728,0.061854813
9729,0.3019707
9730,0.102560066
9731,0.22023448
9732,0.03081034
9733,0.08460809
9734,0.117216125
9735,0.13450477
9736,0.17007443
9737,0.045866434
9738,0.019265035
9739,0.033547137
9740,0.13694666
9741,0.56622285
9742,0.17748532
9743,0.39158005
9744,0.16658632
9745,0.24195209
9746,0.16881892
9747,0.11058776
9748,0.022147307
9749,0.0
9750,0.06244097
9751,0.021457572
9752,0.060682908
9753,0.030775784
9754,0.1109781
9755,0.11562379
9756,0.07498248
9757,0.19666599
9758,0.008716433
9759,0.04400356
9760,0.0034276096
9761,0.19691128
9762,0.026845008
9763,0.008363175
9764,0.009766177
9765,0.10446172
9766,0.13406838
9767,0.04286285
9768,0.02082698
9769,0.12272119
9770,0.18457617
9771,0.095411256
9772,0.11773731
9773,0.091970585
9774,0.06804178
9775,0.07390584
9776,0.12922336
9777,0.122658886
9778,0.05177015
9779,0.03961264
9780,0.11032349
9781,0.021388214
9782,0.009282883
9783,0.017011324
9784,0.09517644
9785,0.045187995
9786,0.039192982
9787,0.124356285
9788,0.041601457
9789,0.062292974
9790,0.03250668
9791,0.067875154
9792,0.20747805
9793,0.26810506
9794,0.3911003
9795,0.13754658
9796,0.021781871
9797,0.03952854
9798,0.02022628
9799,0.0657475
9800,0.0724527
9801,0.05149177
9802,0.0896481
9803,0.15216364
9804,0.040016867
9805,0.041392848
9806,0.030844916
9807,0.030289594
9808,0.0312967
9809,0.029047126
9810,0.038869224
9811,0.058405586
9812,0.07733526
9813,0.21203028
9814,0.016987765
9815,0.028564673
9816,0.03789065
9817,0.091586314
9818,0.10635512
9819,0.25736073
9820,0.12649646
9821,0.0104628205
9822,0.11887734
9823,0.04534073
9824,0.12179373
9825,0.1425967
9826,0.058019675
9827,0.004514376
9828,0.017744781
9829,0.012493727
9830,0.18961227
9831,0.017214455
9832,0.016650196
9833,0.10484574
9834,0.049565528
9835,0.04096687
9836,0.029176518
9837,0.0325028
9838,0.08197385
9839,0.25067365
9840,0.05267791
9841,0.0061923396
9842,0.022988977
9843,0.060856204
9844,0.067835
9845,0.21381992
9846,0.0690108
9847,0.16134988
9848,0.078474134
9849,0.041943956
9850,0.043456197
9851,0.03414845
9852,0.028673887
9853,0.18518738
9854,0.005889949
9855,0.14026833
9856,0.015270465
9857,0.07306946
9858,0.040090367
9859,0.019793222
9860,0.02703699
9861,0.25014904
9862,0.50183564
9863,0.12633546
9864,0.104336455
9865,0.047355298
9866,0.08294063
9867,0.047353912
9868,0.040976826
9869,0.08195391
9870,0.06948704
9871,0.13995096
9872,0.9027765
9873,0.05285154
9874,0.082135186
9875,0.070942305
9876,0.08669912
9877,0.021440644
9878,0.038904864
9879,0.11608259
9880,0.35236454
9881,0.06770365
9882,0.13440682
9883,0.027584884
9884,0.054021742
9885,0.0032390011
9886,0.016141722
9887,0.062627494
9888,0.02831631
9889,0.023231268
9890,0.06609584
9891,0.0661291
9892,0.01989495
9893,0.044687733
9894,0.015195238
9895,0.19774143
9896,0.058276128
9897,0.064540826
9898,0.020321429
9899,0.030409232
9900,0.063042596
9901,0.10352396
9902,0.032901328
9903,0.59163755
9904,0.050684106
9905,0.09286983
9906,0.042424675
9907,0.06413274
9908,0.057768278
9909,0.05568835
9910,0.2991904
9911,0.0681783
9912,0.060873404
9913,0.04444004
9914,0.08303103
9915,0.1752133
9916,0.060078397
9917,0.0462972
9918,0.118961826
9919,0.07824106
9920,0.05065531
9921,0.058408123
9922,0.23328353
9923,0.05074718
9924,0.044824768
9925,0.04086012
9926,0.015993811
9927,0.03803462
9928,0.051475774
9929,0.020560024
9930,0.16621402
9931,0.08476392
9932,0.028879892
9933,0.02437455
9934,0.033150923
9935,0.07801016
9936,0.18692769
9937,0.10908844
9938,0.07623643
9939,0.0637653
9940,0.052766535
9941,0.05663815
9942,0.050756108
9943,0.18308325
9944,0.119257905
9945,0.0037097428
9946,0.011393459
9947,0.0185655
9948,0.017848175
9949,0.03130226
9950,0.036531914
9951,0.020734234
9952,0.017687269
9953,0.014219181
9954,0.013440925
9955,0.037136786
9956,0.07054061
9957,0.06873709
9958,0.102498114
9959,0.0119127305
9960,0.01130414
9961,0.10487731
9962,0.1830349
9963,0.014348993
9964,0.012137512
9965,0.024723407
9966,0.0048892074
9967,0.0140056
9968,0.019913303
9969,0.017635858
9970,0.036973305
9971,0.0265047
9972,0.07449631
9973,0.01787608
9974,0.017132837
9975,0.012215791
9976,0.041813806
9977,0.036504764
9978,0.042271115
9979,0.012186828
9980,0.009563319
9981,0.09358402
9982,0.039548546
9983,0.054342996
9984,0.035588555
9985,0.005682355
9986,0.095054254
9987,0.027426861
9988,0.01806354
9989,0.17551373
9990,0.05330107
9991,0.05999274
9992,0.062256735
9993,0.011488058
9994,0.073509574
9995,0.036048587
9996,0.013499507
9997,0.023264218
9998,0.08457028
9999,0.09032869
10000,0.011316252
10001,0.13116488
10002,0.044030152
10003,0.02913245
10004,0.021514842
10005,0.02758947
10006,0.027331704
10007,0.007109207
10008,0.017372403
10009,0.021494322
10010,0.046779703
10011,0.021974744
10012,0.032069255
10013,0.06439353
10014,0.06728427
10015,0.034815785
10016,0.14528604
10017,0.013740423
10018,0.019589711
10019,0.0015924419
10020,0.022287548
10021,0.017502984
10022,0.0668221
10023,0.032492016
10024,0.022502312
10025,0.048383266
10026,0.04950489
10027,0.010397336
10028,0.016769117
10029,0.15022103
10030,0.1384188
10031,0.06773519
10032,0.017583096
10033,0.02418663
10034,0.021795345
10035,0.04644358
10036,0.05504989
10037,0.04066222
10038,0.030270247
10039,0.03845103
10040,0.04353087
10041,0.0864161
10042,0.056776434
10043,0.030673005
10044,0.009737787
10045,0.15299568
10046,0.08154993
10047,0.0706488
10048,0.18136272
10049,0.13934022
10050,0.025027946
10051,0.018608803
10052,0.039385997
10053,0.01489883
10054,0.19927722
10055,0.08283297
10056,0.25035086
10057,0.10711789
10058,0.15661049
10059,0.06537006
10060,0.031511538
10061,0.079971306
10062,0.025313104
10063,0.0032559347
10064,0.15797302
10065,0.05875555
10066,0.5540725
10067,0.19164738
10068,0.0617604
10069,0.052363556
10070,0.1644166
10071,0.07059718
10072,0.08492582
10073,0.06812469
10074,0.047377523
10075,0.024439543
10076,0.06490251
10077,0.1453814
10078,0.2105017
10079,0.3842424
10080,0.4388149
10081,0.13051859
10082,0.15388922
10083,0.21268332
10084,0.06507322
10085,0.07893709
10086,0.098663755
10087,0.11855785
10088,0.06701788
10089,0.11792884
10090,0.30530453
10091,0.17262986
10092,0.2253097
10093,0.41291672
10094,0.16144146
10095,0.07356682
10096,0.38316324
10097,0.15255575
10098,0.34769645
10099,0.08957321
10100,0.09264177
10101,0.09392497
10102,0.09446644
10103,0.021519449
10104,0.08974774
10105,0.091469735
10106,0.109384306
10107,0.04370866
10108,0.06431822
10109,0.21700165
10110,0.016690994
10111,0.030762881
10112,0.06345873
10113,0.051040802
10114,0.05195177
10115,0.0070191515
10116,0.022845447
10117,0.03922251
10118,0.08963544
10119,0.03199415
10120,0.074440435
10121,0.17867573
10122,0.08174713
10123,0.21199372
10124,0.06220915
10125,0.06243617
10126,0.028005779
10127,0.021906177
10128,0.025259681
10129,0.0017272058
10130,0.030526184
10131,0.31410655
10132,0.14050399
10133,0.11165925
10134,0.2873454
10135,0.31277132
10136,0.08677463
10137,0.082216345
10138,0.025482291
10139,0.0504544
10140,0.017481418
10141,0.022310274
10142,0.04445088
10143,0.0
10144,0.029634122
10145,0.090172164
10146,0.10227316
10147,0.12162546
10148,0.22082312
10149,0.28992593
10150,0.033881508
10151,0.027375365
10152,0.06560229
10153,0.021645611
10154,0.02131936
10155,0.031956814
10156,0.027209418
10157,0.050946113
10158,0.19058043
10159,0.03271173
10160,0.05097079
10161,0.069183975
10162,0.049865603
10163,0.15755916
10164,0.368725
10165,0.052963324
10166,0.080978036
10167,0.021153169
10168,0.015453963
10169,0.07270529
10170,0.07692625
10171,0.012269068
10172,0.01961045
10173,0.008223735
10174,0.105837174
10175,0.14331046
10176,0.08853871
10177,0.092039734
10178,0.083021834
10179,0.034821354
10180,0.011745533
10181,0.01535288
10182,0.024527943
10183,0.06957101
10184,0.050178308
10185,0.099618115
10186,0.017933048
10187,0.05034573
10188,0.038741138
10189,0.04127872
10190,0.035318293
10191,0.043142885
10192,0.056028992
10193,0.0
10194,0.0040299753
10195,0.01353853
10196,0.054553058
10197,0.21345088
10198,0.23281524
10199,0.04349963
10200,0.060504172
10201,0.039230593
10202,0.0765962
10203,0.046556894
10204,0.012671574
10205,0.015486458
10206,0.14408618
10207,0.013480822
10208,0.016350264
10209,0.027050024
10210,0.04853646
10211,0.066619605
10212,0.14502704
10213,0.11272483
10214,0.1319009
10215,0.07517189
10216,0.06736854
10217,0.04529948
10218,0.07371413
10219,0.061918978
10220,0.1066842
10221,0.032760542
10222,0.4134662
10223,0.114110515
10224,0.041232273
10225,0.09420931
10226,0.039635543
10227,0.040884383
10228,0.0
10229,0.05497328
10230,0.021172846
10231,0.0090583535
10232,0.01184996
10233,0.017537972
10234,0.069886476
10235,0.03619634
10236,0.06515373
10237,0.06477418
10238,0.12182058
10239,0.13234715
10240,0.25124577
10241,0.0846089
10242,0.060023006
10243,0.102851205
10244,0.039904643
10245,0.06330048
10246,0.011585454
10247,0.013184282
10248,0.07336966
10249,0.043008905
10250,0.1270162
10251,0.059002563
10252,0.1301623
10253,0.050661236
10254,0.04389561
10255,0.023241939
10256,0.018079115
10257,0.016687721
10258,0.11012527
10259,0.001064041
10260,0.020344164
10261,0.06550078
10262,0.013149961
10263,0.0039721406
10264,0.031207327
10265,0.04423548
10266,0.05917312
10267,0.10938406
10268,0.114467815
10269,0.16256937
10270,0.13444698
10271,0.13687077
10272,0.04172371
10273,0.10836877
10274,0.037592508
10275,0.07104041
10276,0.006884558
10277,0.040369183
10278,0.06884954
10279,0.046409383
10280,0.033913568
10281,0.07759557
10282,0.047781993
10283,0.01007858
10284,0.041377965
10285,0.06954611
10286,0.028143931
10287,0.047191452
10288,0.0
10289,0.014847485
10290,0.030273356
10291,0.050765965
10292,0.0083695175
10293,0.032871835
10294,0.08214457
10295,0.046789955
10296,0.11496776
10297,0.39821815
10298,0.09759475
10299,0.118468
10300,0.07691171
10301,0.09521262
10302,0.09474463
10303,0.09764028
10304,0.07087816
10305,0.027949475
10306,0.25083905
10307,0.072421744
10308,0.06437026
10309,0.04205637
10310,0.064193584
10311,0.021425059
10312,0.018448062
10313,0.0
10314,0.008904194
10315,0.0296084
10316,0.20117638
10317,0.04774754
10318,0.04216471
10319,0.10166201
10320,0.53910494
10321,0.095439136
10322,0.040791955
10323,0.1191257
10324,0.08951058
10325,0.20800726
10326,0.22597387
10327,0.086894155
10328,0.012971953
10329,0.044524197
10330,0.1214979
10331,0.1599835
10332,0.031262882
10333,0.15296274
10334,0.0721251
10335,0.06482997
10336,0.0014823074
10337,0.0040465775
10338,0.013658766
10339,0.046497654
10340,0.049311984
10341,0.010138641
10342,0.10739365
10343,0.1554674
10344,0.13476948
10345,0.09071791
10346,0.053617846
10347,0.12683946
10348,0.1800152
10349,0.19756152
10350,0.076601885
10351,0.007306113
10352,0.047733612
10353,0.013217751
10354,0.011965014
10355,0.06723585
10356,0.43006238
10357,0.044251677
10358,0.15113504
10359,0.25100017
10360,0.14466293
10361,0.0022960878
10362,0.0027855863
10363,0.062045597
10364,0.077857316
10365,0.16539308
10366,0.16463527
10367,0.12803787
10368,0.11790714
10369,0.1935504
10370,0.17993999
10371,0.18020797
10372,0.24039118
10373,0.25925693
10374,0.12605044
10375,0.029992692
10376,0.03514405
10377,0.06951722
10378,0.09358831
10379,0.11747155
10380,0.2528259
10381,0.7126317
10382,0.025622
10383,0.058902036
10384,0.2516954
10385,0.031040931
10386,0.05663058
10387,0.23931055
10388,0.029976944
10389,0.022479724
10390,0.061238743
10391,0.088807784
10392,0.027620863
10393,0.058082923
10394,0.27672708
10395,0.06718894
10396,0.118852474
10397,0.21344164
10398,0.18001665
10399,0.24194811
10400,0.2593682
10401,0.2213638
10402,0.034976512
10403,0.16143398
10404,0.11162692
10405,0.1120359
10406,0.6853566
10407,0.3153214
10408,0.3450431
10409,0.022216612
10410,0.15506221
10411,0.04201007
10412,0.0436932
10413,0.027151437
10414,0.0065512676
10415,0.012684506
10416,0.0726098
10417,0.018315887
10418,0.025844542
10419,0.022002956
10420,0.088758595
10421,0.13069382
10422,0.13278188
10423,0.14983252
10424,0.12954749
10425,0.16937564
10426,0.13598438
10427,0.04356824
10428,0.10147748
10429,0.17470682
10430,0.028013933
10431,0.04915551
10432,0.73701507
10433,0.73334587
10434,0.47483185
10435,0.013603995
10436,0.03670496
10437,0.022574503
10438,0.08196356
10439,0.2963988
10440,0.09307632
10441,0.060180392
10442,0.018349396
10443,0.06595499
10444,0.08416309
10445,0.062475767
10446,0.022454102
10447,0.22167107
10448,0.042531386
10449,0.04905551
10450,0.14002624
10451,0.13423039
10452,0.10802386
10453,0.08838664
10454,0.1650884
10455,0.10518727
10456,0.0013488835
10457,0.034495417
10458,0.111285776
10459,0.10301787
10460,0.095940374
10461,0.746922
10462,0.73328906
10463,0.4777029
10464,0.031434182
10465,0.051418144
10466,0.049163453
10467,0.22848396
10468,0.0909794
10469,0.20520486
10470,0.05333241
10471,0.0864958
10472,0.041371237
10473,0.1063613
10474,0.13026473
10475,0.15518142
10476,0.18257298
10477,0.36355495
10478,0.3255485
10479,0.1648436
10480,0.18179289
10481,0.13266253
10482,0.11633034
10483,0.15964472
10484,0.091358654
10485,0.076544486
10486,0.1448301
10487,0.14795597
10488,0.08986708
10489,0.109843224
10490,0.031443648
10491,0.74833107
10492,1.0
10493,0.7823222
10494,0.10555546
10495,0.057266556
10496,0.13749593
10497,0.23594299
10498,0.03648263
10499,0.02084466
10500,0.025884684
10501,0.04658183
10502,0.085457146
10503,0.056500915
10504,0.22614056
10505,0.62188536
10506,0.09023582
10507,0.13326384
10508,0.115328774
10509,0.18629606
10510,0.107131444
10511,0.1561325
10512,0.12321398
10513,0.04019221
10514,0.098251805
10515,0.104366794
10516,0.10323808
10517,0.055589404
10518,0.037458252
10519,0.34043816
10520,0.28479525
10521,0.21179405
10522,0.0961255
10523,0.031024782
10524,0.09917117
10525,0.07108445
10526,0.18480715
10527,0.037435587
10528,0.058067545
10529,0.05458433
10530,0.043010704
10531,0.058333345
10532,0.061021928
10533,0.19282304
10534,0.49206895
10535,0.23814397
10536,0.22243494
10537,0.15616943
10538,0.21708089
10539,0.19538552
10540,0.41807666
10541,0.11421194
10542,0.048028875
10543,0.058741968
10544,0.05431248
10545,0.15194705
10546,0.17090078
10547,0.12899888
10548,0.35550562
10549,0.25572047
10550,0.20691614
10551,0.94668746
10552,0.15442075
10553,0.13214642
10554,0.16606124
10555,0.070054576
10556,0.31433833
10557,0.07499255
10558,0.05408727
10559,0.04889904
10560,0.06483995
10561,0.14721495
10562,0.2651178
10563,0.2492986
10564,0.3306502
10565,0.26524216
10566,0.19187784
10567,0.18870343
10568,0.261044
10569,0.037948694
10570,0.15372984
10571,0.096370295
10572,0.0740249
10573,0.27515155
10574,0.2688438
10575,0.090607464
10576,0.4046987
10577,0.22127722
10578,0.01805552
10579,0.08776949
10580,0.11690035
10581,0.08569405
10582,0.030340701
10583,0.049245752
10584,0.07335976
10585,0.098384164
10586,0.1143694
10587,0.16996464
10588,0.27232808
10589,0.64475167
10590,0.2922058
10591,0.25643057
10592,0.42290723
10593,0.14556001
10594,0.041662462
10595,0.084221594
10596,0.0871356
10597,0.14485063
10598,0.20164074
10599,0.13789745
10600,0.05779625
10601,0.09714539
10602,0.13404015
10603,0.032763343
10604,0.06039637
10605,0.100302525
10606,0.028727248
10607,0.019351877
10608,0.051957622
10609,0.03692029
10610,0.025969291
10611,0.048204817
10612,0.074138924
10613,0.0678179
10614,0.10381424
10615,0.21711639
10616,0.19043615
10617,0.1510584
10618,0.4966175
10619,0.47025707
10620,0.2863579
10621,0.1556165
10622,0.022363542
10623,0.037347645
10624,0.064526886
10625,0.10359603
10626,0.045388926
10627,0.03709185
10628,0.056052674
10629,0.6163225
10630,0.048923127
10631,0.031085746
10632,0.068804555
10633,0.057584822
10634,0.1061389
10635,0.034319036
10636,0.06260694
10637,0.028274009
10638,0.04632695
10639,0.035264876
10640,0.031675927
10641,0.043543734
10642,0.098585404
10643,0.12589654
10644,0.4066222
10645,0.2566462
10646,0.17058775
10647,0.6999047
10648,0.30190897
10649,0.36264592
10650,0.18388583
10651,0.048319567
10652,0.041122675
10653,0.049838446
10654,0.05806601
10655,0.09179852
10656,0.069765344
10657,0.063041165
10658,0.3086748
10659,0.09798002
10660,0.22634895
10661,0.036110125
10662,0.09265497
10663,0.1209792
10664,0.14391567
10665,0.179591
10666,0.055055
10667,0.011446567
10668,0.023673654
10669,0.13188235
10670,0.58381647
10671,0.17192702
10672,0.3881661
10673,0.16771646
10674,0.23900883
10675,0.16579346
10676,0.10637362
10677,0.011368998
10678,0.0
10679,0.04989246
10680,0.02178147
10681,0.089627534
10682,0.09979099
10683,0.047865555
10684,0.18024348
10685,0.0
10686,0.029513456
10687,0.0
10688,0.18378517
10689,0.013824529
10690,0.10362661
10691,0.15589122
10692,0.041533742
10693,0.12808046
10694,0.18586211
10695,0.09661492
10696,0.11775231
10697,0.028794695
10698,0.08272796
10699,0.062300876
10700,0.06663316
10701,0.12610091
10702,0.11789372
10703,0.034648757
10704,0.016724816
10705,0.09813007
10706,0.00838017
10707,0.0
10708,0.002466578
10709,0.08627942
10710,0.006623333
10711,0.038702045
10712,0.028129157
10713,0.11810171
10714,0.058004882
10715,0.05554438
10716,0.027902395
10717,0.067814976
10718,0.20334442
10719,0.2638893
10720,0.38569593
10721,0.11906404
10722,0.0059942966
10723,0.01756874
10724,0.009065962
10725,0.05305532
10726,0.06391072
10727,0.03951101
10728,0.079463474
10729,0.1296227
10730,0.011709572
10731,0.023779975
10732,0.0124174105
10733,0.014609244
10734,0.011332478
10735,0.024658397
10736,0.056253035
10737,0.07999197
10738,0.23734488
10739,0.019150445
10740,0.032871697
10741,0.04674172
10742,0.09636398
10743,0.11105055
10744,0.2608676
10745,0.116925314
10746,0.0035865037
10747,0.113126546
10748,0.041559923
10749,0.024389572
10750,0.11872424
10751,0.14132334
10752,0.044390082
10753,0.0
10754,0.0058364854
10755,0.009043188
10756,0.0029774709
10757,0.1828432
10758,0.01352037
10759,0.02168126
10760,0.11468606
10761,0.08206383
10762,0.05031317
10763,0.040667135
10764,0.048537474
10765,0.09393514
10766,0.26255283
10767,0.06336838
10768,0.0064996276
10769,0.02424791
10770,0.02792353
10771,0.06425897
10772,0.075387925
10773,0.21793395
10774,0.07492107
10775,0.15490381
10776,0.077545926
10777,0.029731575
10778,0.041123573
10779,0.034562986
10780,0.024804592
10781,0.18707147
10782,0.14445774
10783,0.014071704
10784,0.07667997
10785,0.06635891
10786,0.022909675
10787,0.032297816
10788,0.25995392
10789,0.50756675
10790,0.13198467
10791,0.108797036
10792,0.07874228
10793,0.04143141
10794,0.03887327
10795,0.077156916
10796,0.06819177
10797,0.1371239
10798,0.90409946
10799,0.050735842
10800,0.081815645
10801,0.06378428
10802,0.06825689
10803,0.013692879
10804,0.030342415
10805,0.11026724
10806,0.34226543
10807,0.06325226
10808,0.13006113
10809,0.022911262
10810,0.051981397
10811,0.018068498
10812,0.08721226
10813,0.029749045
10814,0.031352412
10815,0.070061415
10816,0.06890602
10817,0.037081495
10818,0.008714515
10819,0.19323064
10820,0.05791552
10821,0.06074137
10822,0.01831817
10823,0.016049696
10824,0.054200895
10825,0.08339802
10826,0.010203255
10827,0.011556093
10828,0.025402274
10829,0.57985485
10830,0.044549014
10831,0.0868404
10832,0.03800065
10833,0.019330189
10834,0.05520073
10835,0.071494296
10836,0.03300755
10837,0.048406694
10838,0.29237935
10839,0.061285093
10840,0.023279976
10841,0.07181165
10842,0.16055514
10843,0.09926131
10844,0.04725634
10845,0.030365035
10846,0.0400503
10847,0.210642
10848,0.033753317
10849,0.026277293
10850,0.0093461
10851,0.05404481
10852,0.04647836
10853,0.02010669
10854,0.16168733
10855,0.08015497
10856,0.021719154
10857,0.008501121
10858,0.06907503
10859,0.17455377
10860,0.09851067
10861,0.05330232
10862,0.046349093
10863,0.024066102
10864,0.03863215
10865,0.03468258
10866,0.16272596
10867,0.10454828
10868,0.0067983107
10869,0.004871431
10870,0.019233173
10871,0.02702971
10872,0.025204234
10873,0.034584858
10874,0.03973236
10875,0.022746053
10876,0.0110401055
10877,0.007758554
10878,0.009666824
10879,0.006195128
10880,0.036011092
10881,0.06597609
10882,0.065968774
10883,0.087373495
10884,0.0
10885,0.0017161276
10886,0.096613176
10887,0.17613482
10888,0.019534312
10889,0.004858699
10890,0.03385937
10891,0.019823791
10892,0.027875846
10893,0.03014244
10894,0.04540646
10895,0.030448902
10896,0.033667065
10897,0.030445782
10898,0.009410309
10899,0.021157669
10900,0.012801784
10901,0.07029241
10902,0.02607331
10903,0.0314587
10904,0.040521447
10905,0.03465209
10906,0.09552088
10907,0.04362973
10908,0.062968306
10909,0.031545017
10910,0.03865908
10911,0.030210553
10912,0.0065794764
10913,0.09519773
10914,0.026062261
10915,0.0
10916,0.0008895059
10917,0.0057095527
10918,0.008321415
10919,0.16851883
10920,0.042022303
10921,0.054361716
10922,0.05673135
10923,0.005634788
10924,0.0
10925,0.0
10926,0.072583735
10927,0.037267093
10928,0.019262075
10929,0.086177245
10930,0.027091945
10931,0.082088016
10932,0.0013514252
10933,0.12844574
10934,0.037872143
10935,0.01652768
10936,0.019095788
10937,0.018943701
10938,0.038744792
10939,0.011133078
10940,0.02354063
10941,0.014901333
10942,0.028133165
10943,0.05333637
10944,0.027342767
10945,0.059378404
10946,0.06951478
10947,0.033607457
10948,0.1403781
10949,0.01019644
10950,0.0161514
10951,0.0046400013
10952,0.02747946
10953,0.02723893
10954,0.072484605
10955,0.03807236
10956,0.039696816
10957,0.0026837932
10958,0.0044059027
10959,0.0028954276
10960,0.006943033
10961,0.015404957
10962,0.14732516
10963,0.13967305
10964,0.06185089
10965,0.033578012
10966,0.060116448
10967,0.06554485
10968,0.07895675
10969,0.05554939
10970,0.06091622
10971,0.066120304
10972,0.00080962223
10973,0.039312575
10974,0.08700337
10975,0.04267271
10976,0.037999373
10977,0.010942645
10978,0.13028565
10979,0.05901982
10980,0.03342771
10981,0.14981292
10982,0.12354927
10983,0.006260205
10984,0.019060088
10985,0.0
10986,0.23220971
10987,0.11113984
10988,0.28346333
10989,0.12553933
10990,0.18070318
10991,0.105221644
10992,0.04115157
10993,0.0675055
10994,0.058892228
10995,0.1478263
10996,0.043983147
10997,0.54410577
10998,0.16698955
10999,0.04615908
11000,0.15506734
11001,0.06351191
11002,0.058428705
11003,0.018227708
11004,0.058624566
11005,0.038557954
11006,0.027412863
11007,0.01662003
11008,0.053752314
11009,0.12918177
11010,0.18967634
11011,0.36822253
11012,0.408104
11013,0.08252841
11014,0.121237844
11015,0.058764897
11016,0.138487
11017,0.19954501
11018,0.018541105
11019,0.083110556
11020,0.05704613
11021,0.10308126
11022,0.117241025
11023,0.29494148
11024,0.16707249
11025,0.2050613
11026,0.39833942
11027,0.16262321
11028,0.3782234
11029,0.148748
11030,0.33655956
11031,0.084482424
11032,0.088231556
11033,0.088910796
11034,0.09105629
11035,0.024031414
11036,0.08763403
11037,0.094161585
11038,0.09738517
11039,0.070772454
11040,0.22031109
11041,0.024376476
11042,0.02818714
11043,0.06790024
11044,0.05511033
11045,0.010858249
11046,0.026080575
11047,0.0
11048,0.058430504
11049,0.10663767
11050,0.04394686
11051,0.08176748
11052,0.19080843
11053,0.21510674
11054,0.08108088
11055,0.07833115
11056,0.013017975
11057,0.045132034
11058,0.030905792
11059,0.015007077
11060,0.34958455
11061,0.18078776
11062,0.14292334
11063,0.33436802
11064,0.3568173
11065,0.13205203
11066,0.11936717
11067,0.0924877
11068,0.058231793
11069,0.06313731
11070,0.08688189
11071,0.07286061
11072,0.10377219
11073,0.12067875
11074,0.13101137
11075,0.24596794
11076,0.31209394
11077,0.054209817
11078,0.05077467
11079,0.08087492
11080,0.034783687
11081,0.04147472
11082,0.050829183
11083,0.046762332
11084,0.06989507
11085,0.21113338
11086,0.053251393
11087,0.06670341
11088,0.034330096
11089,0.022051051
11090,0.05265115
11091,0.03527156
11092,0.1587239
11093,0.3669131
11094,0.049593184
11095,0.075997524
11096,0.015414983
11097,0.014873204
11098,0.06399794
11099,0.066084325
11100,0.008444352
11101,0.015731487
11102,0.014502758
11103,0.003796585
11104,0.10080607
11105,0.13988337
11106,0.08509832
11107,0.083792314
11108,0.077045284
11109,0.026374469
11110,0.02267387
11111,0.03497506
11112,0.040794242
11113,0.082205184
11114,0.060327146
11115,0.107561186
11116,0.020826587
11117,0.04861362
11118,0.04181461
11119,0.029661179
11120,0.052955456
11121,0.062864855
11122,0.017205851
11123,0.05746272
11124,0.22151794
11125,0.2327557
11126,0.041305512
11127,0.06532731
11128,0.036724553
11129,0.08013632
11130,0.0507776
11131,0.016288294
11132,0.049261242
11133,0.018157713
11134,0.15010244
11135,0.021214183
11136,0.032777444
11137,0.040121358
11138,0.05797567
11139,0.07357349
11140,0.14977515
11141,0.11242341
11142,0.12697388
11143,0.07505035
11144,0.05255599
11145,0.036158264
11146,0.08033175
11147,0.06555982
11148,0.007186125
11149,0.10639887
11150,0.03763263
11151,0.41021165
11152,0.10872146
11153,0.042860415
11154,0.012722132
11155,0.09455446
11156,0.04066126
11157,0.04130613
11158,0.015529296
11159,0.0
11160,0.06471364
11161,0.0
11162,0.018790647
11163,0.033172462
11164,0.082165144
11165,0.039943747
11166,0.073800236
11167,0.07093538
11168,0.12577589
11169,0.1312531
11170,0.24552605
11171,0.083694674
11172,0.04441781
11173,0.09291731
11174,0.045729544
11175,0.06614866
11176,0.013552808
11177,0.012863946
11178,0.07229165
11179,0.04708832
11180,0.12296898
11181,0.052820843
11182,0.1309978
11183,0.044167556
11184,0.04344811
11185,0.023474973
11186,0.017920837
11187,0.11134507
11188,0.0
11189,0.019027771
11190,0.07444847
11191,0.01227513
11192,0.03547033
11193,0.04484824
11194,0.049345188
11195,0.069181986
11196,0.11690756
11197,0.11978553
11198,0.16283762
11199,0.13008957
11200,0.1373189
11201,0.027480833
11202,0.09979717
11203,0.044779714
11204,0.07525087
11205,0.009536881
11206,0.040653486
11207,0.074291274
11208,0.0437245
11209,0.029094085
11210,0.07979333
11211,0.0426506
11212,0.042973313
11213,0.07053747
11214,0.03073935
11215,0.04977355
11216,0.014893394
11217,0.04058332
11218,0.058773745
11219,0.02507111
11220,0.046217553
11221,0.086959094
11222,0.056503575
11223,0.12219605
11224,0.40324053
11225,0.097567745
11226,0.11381532
11227,0.07706459
11228,0.08067452
11229,0.08587783
11230,0.10453231
11231,0.07479342
11232,0.004550162
11233,0.011291518
11234,0.022834793
11235,0.25274155
11236,0.066995114
11237,0.06498982
11238,0.043356523
11239,0.06488976
11240,0.023725286
11241,0.020734968
11242,0.025134005
11243,0.054531958
11244,0.22274408
11245,0.060784105
11246,0.06010034
11247,0.11711235
11248,0.5523496
11249,0.103634164
11250,0.04436132
11251,0.12750064
11252,0.083194524
11253,0.20736255
11254,0.24108802
11255,0.09903146
11256,0.021940712
11257,0.052735284
11258,0.073152356
11259,0.13162257
11260,0.16277885
11261,0.040104505
11262,0.16248499
11263,0.08104332
11264,0.07053187
11265,0.016927566
11266,0.0
11267,0.01278432
11268,0.031090334
11269,0.060573358
11270,0.054856468
11271,0.02058221
11272,0.11535193
11273,0.16121992
11274,0.1354725
11275,0.086795196
11276,0.054500714
11277,0.11303138
11278,0.17187841
11279,0.20518355
11280,0.08124712
11281,0.008782856
11282,0.04845265
11283,0.019094223
11284,0.06285117
11285,0.4326949
11286,0.03955502
11287,0.15248457
11288,0.2530303
11289,0.1460891
11290,0.004379375
11291,0.06647782
11292,0.0789338
11293,0.15793829
11294,0.16207957
11295,0.028826796
11296,0.1207912
11297,0.10561084
11298,0.17662853
11299,0.16782369
11300,0.15340064
11301,0.21925515
11302,0.25387967
11303,0.117696494
11304,0.05723706
11305,0.08646555
11306,0.10222219
11307,0.23544197
11308,0.7022653
11309,0.01397228
11310,0.047932867
11311,0.24012233
11312,0.02107181
11313,0.04184111
11314,0.226792
11315,0.030287141
11316,0.07774
11317,0.10195321
11318,0.032235038
11319,0.06759629
11320,0.025640538
11321,0.2815491
11322,0.0669616
11323,0.113999434
11324,0.21339425
11325,0.16527823
11326,0.23288101
11327,0.26605964
11328,0.22507875
11329,0.037133306
11330,0.16198042
11331,0.11141568
11332,0.1169821
11333,0.6821764
11334,0.31000626
11335,0.3467453
11336,0.023316389
11337,0.15555806
11338,0.040972743
11339,0.02568854
11340,0.03696589
11341,0.015567015
11342,0.017325372
11343,0.08258867
11344,0.02466257
11345,0.029705882
11346,0.02365855
11347,0.08536469
11348,0.12267448
11349,0.12956794
11350,0.13192762
11351,0.117313944
11352,0.1729008
11353,0.13653281
11354,0.04323578
11355,0.10046772
11356,0.17208667
11357,0.02463611
11358,0.050935112
11359,0.7306682
11360,0.72486407
11361,0.4733675
11362,0.011537202
11363,0.03403421
11364,0.076076515
11365,0.29278246
11366,0.09972427
11367,0.055086806
11368,0.09006598
11369,0.10491824
11370,0.07469967
11371,0.039577067
11372,0.23630862
11373,0.05496331
11374,0.056437906
11375,0.14278294
11376,0.14179263
11377,0.10089514
11378,0.086929224
11379,0.17938979
11380,0.11651192
11381,0.044939216
11382,0.12105229
11383,0.11117404
11384,0.103338845
11385,0.75135165
11386,0.73558384
11387,0.48701483
11388,0.03946313
11389,0.060127687
11390,0.057268973
11391,0.2333731
11392,0.098139524
11393,0.22262898
11394,0.063837506
11395,0.092178516
11396,0.035344195
11397,0.10902812
11398,0.12957567
11399,0.14596112
11400,0.17825168
11401,0.35674846
11402,0.3165361
11403,0.15078185
11404,0.16310546
11405,0.11878065
11406,0.08775746
11407,0.13674313
11408,0.08421591
11409,0.06642498
11410,0.028556315
11411,0.1338297
11412,0.1362783
11413,0.076579064
11414,0.09579754
11415,0.022555344
11416,0.73131645
11417,1.0
11418,0.7701902
11419,0.08609406
11420,0.04385135
11421,0.12476133
11422,0.219388
11423,0.022198513
11424,0.020361798
11425,0.034095626
11426,0.051436894
11427,0.081781015
11428,0.05772388
11429,0.22487807
11430,0.61841714
11431,0.08171816
11432,0.12012054
11433,0.10699095
11434,0.16326728
11435,0.08977398
11436,0.15453385
11437,0.11863859
11438,0.03247205
11439,0.09279562
11440,0.09823327
11441,0.095494196
11442,0.047087844
11443,0.034114126
11444,0.32896736
11445,0.27118987
11446,0.20520584
11447,0.08220822
11448,0.023153728
11449,0.09198065
11450,0.06488068
11451,0.17379627
11452,0.028695637
11453,0.05959167
11454,0.0484895
11455,0.040135935
11456,0.04225383
11457,0.049045254
11458,0.05663295
11459,0.1859487
11460,0.4829888
11461,0.22401442
11462,0.20367974
11463,0.14221978
11464,0.18844022
11465,0.17241617
11466,0.410866
11467,0.10402461
11468,0.034696784
11469,0.04767384
11470,0.042566977
11471,0.1385912
11472,0.1567873
11473,0.120042816
11474,0.33842292
11475,0.23650306
11476,0.1947161
11477,0.9271582
11478,0.14093769
11479,0.01922185
11480,0.12033072
11481,0.14943847
11482,0.02942191
11483,0.06596679
11484,0.28515375
11485,0.08557989
11486,0.061318718
11487,0.047599275
11488,0.0684393
11489,0.14832892
11490,0.26402596
11491,0.24315731
11492,0.31988326
11493,0.2592807
11494,0.17122547
11495,0.17372239
11496,0.26182154
11497,0.03260491
11498,0.042087913
11499,0.14997265
11500,0.09100279
11501,0.27418366
11502,0.25974947
11503,0.079378545
11504,0.39315802
11505,0.21578245
11506,0.012637447
11507,0.08395542
11508,0.11307296
11509,0.07705964
11510,0.040798545
11511,0.033874724
11512,0.049423933
11513,0.06500674
11514,0.09493025
11515,0.10843016
11516,0.16181962
11517,0.25913358
11518,0.62693137
11519,0.27919126
11520,0.22872506
11521,0.40087286
11522,0.1392845
11523,0.07341118
11524,0.074714825
11525,0.13167226
11526,0.19361968
11527,0.1217498
11528,0.03951406
11529,0.07855123
11530,0.12149208
11531,0.02089593
11532,0.019410815
11533,0.049529057
11534,0.08942187
11535,0.013039649
11536,0.04880489
11537,0.035432793
11538,0.054312427
11539,0.071715385
11540,0.07029345
11541,0.10380448
11542,0.2149008
11543,0.18317106
11544,0.1391677
11545,0.4895324
11546,0.44848102
11547,0.27025303
11548,0.15527041
11549,0.030856354
11550,0.057277836
11551,0.101504505
11552,0.035170734
11553,0.024739068
11554,0.04338802
11555,0.6097044
11556,0.042985205
11557,0.024543798
11558,0.06386668
11559,0.052633636
11560,0.096380696
11561,0.026831651
11562,0.06538366
11563,0.043161813
11564,0.03621701
11565,0.039553586
11566,0.09949443
11567,0.124320365
11568,0.40284008
11569,0.24781436
11570,0.15713045
11571,0.69125265
11572,0.27856627
11573,0.34497437
11574,0.18197314
11575,0.041872054
11576,0.03306481
11577,0.04102289
11578,0.054407958
11579,0.080013864
11580,0.055534232
11581,0.054856148
11582,0.3011703
11583,0.0898716
11584,0.21984442
11585,0.02959235
11586,0.08133023
11587,0.11192532
11588,0.1451257
11589,0.17388198
11590,0.0445237
11591,0.028652664
11592,0.0
11593,0.03724762
11594,0.14297098
11595,0.59269947
11596,0.17576042
11597,0.38737383
11598,0.17172973
11599,0.22833112
11600,0.16078708
11601,0.11712605
11602,0.015976146
11603,0.0
11604,0.012851636
11605,0.05565544
11606,0.020215243
11607,0.0941075
11608,0.10495152
11609,0.052422125
11610,0.18640403
11611,0.0
11612,0.030853724
11613,0.19766027
11614,0.020780645
11615,0.011976298
11616,0.10899581
11617,0.15905462
11618,0.03964761
11619,0.12637426
11620,0.16946489
11621,0.08588903
11622,0.12278524
11623,0.080857955
11624,0.06558833
11625,0.061794
11626,0.11912712
11627,0.110608004
11628,0.03340924
11629,0.015561868
11630,0.098571174
11631,0.0
11632,0.00035816463
11633,0.09443514
11634,0.03946742
11635,0.12695451
11636,0.06465205
11637,0.057142027
11638,0.06959248
11639,0.19043101
11640,0.25664696
11641,0.39421248
11642,0.12460385
11643,0.009976064
11644,0.015837094
11645,0.051699907
11646,0.060420707
11647,0.043038238
11648,0.07566148
11649,0.1318669
11650,0.02770484
11651,0.016328929
11652,0.013713769
11653,0.012707835
11654,0.026370095
11655,0.029378759
11656,0.06396257
11657,0.08521614
11658,0.24036328
11659,0.01711931
11660,0.026214907
11661,0.044890534
11662,0.07982174
11663,0.10017969
11664,0.26575541
11665,0.11883644
11666,0.003939476
11667,0.11111149
11668,0.015076497
11669,0.03657573
11670,0.11862267
11671,0.13389269
11672,0.043005556
11673,0.0
11674,0.0045285057
11675,0.009339273
11676,0.0032602262
11677,0.17831889
11678,0.00879663
11679,0.021325719
11680,0.11184521
11681,0.077017196
11682,0.040217
11683,0.025945377
11684,0.038621265
11685,0.06932789
11686,0.24361688
11687,0.060191236
11688,0.0
11689,0.0012248707
11690,0.014167849
11691,0.023000905
11692,0.051209703
11693,0.060204133
11694,0.20976737
11695,0.05942533
11696,0.14545423
11697,0.06877691
11698,0.020358598
11699,0.008818513
11700,0.033341322
11701,0.021973688
11702,0.014486217
11703,0.18009809
11704,0.1193067
11705,0.015660085
11706,0.075783
11707,0.06325611
11708,0.014757447
11709,0.019519933
11710,0.25198147
11711,0.48490348
11712,0.11499277
11713,0.10756377
11714,0.07365147
11715,0.0356633
11716,0.03149481
11717,0.06902073
11718,0.06521303
11719,0.12601858
11720,0.8908594
11721,0.068263754
11722,0.056959145
11723,0.06082781
11724,0.007867833
11725,0.024504088
11726,0.099621825
11727,0.33389083
11728,0.0651418
11729,0.12503168
11730,0.013059334
11731,0.028774194
11732,0.02681734
11733,0.093755305
11734,0.031242587
11735,0.03302588
11736,0.014974072
11737,0.06271515
11738,0.07731858
11739,0.04143186
11740,0.018567856
11741,0.040959172
11742,0.19177116
11743,0.06416451
11744,0.014412111
11745,0.01818983
11746,0.05702159
11747,0.08561473
11748,0.014024027
11749,0.024402704
11750,0.5811261
11751,0.05608435
11752,0.09145667
11753,0.0039125527
11754,0.03680161
11755,0.005768814
11756,0.05824513
11757,0.07233293
11758,0.02879668
11759,0.039570168
11760,0.27365723
11761,0.048234414
11762,0.06251312
11763,0.15827374
11764,0.037605897
11765,0.09637757
11766,0.04376865
11767,0.028481387
11768,0.033346295
11769,0.2062088
11770,0.03958422
11771,0.02684838
11772,0.00649954
11773,0.0070114764
11774,0.01178611
11775,0.054279022
11776,0.00574976
11777,0.0370374
11778,0.142361
11779,0.06649988
11780,0.012669467
11781,0.007971278
11782,0.05917205
11783,0.17166805
11784,0.08829575
11785,0.049133617
11786,0.042860936
11787,0.01997398
11788,0.03614407
11789,0.02737413
11790,0.15768842
11791,0.10977479
11792,0.005105742
11793,0.014289456
11794,0.04242532
11795,0.021395892
11796,0.02456677
11797,0.027546873
11798,0.022236547
11799,0.03182777
11800,0.01626429
11801,0.012305408
11802,0.012603319
11803,0.00837395
11804,0.033086147
11805,0.07006836
11806,0.06273191
11807,0.090182774
11808,0.006206071
11809,0.09628275
11810,0.0
11811,0.18833925
11812,0.012839917
11813,0.019004434
11814,0.03298733
11815,0.013902252
11816,0.017328642
11817,0.024400823
11818,0.02497388
11819,0.015687576
11820,0.03466453
11821,0.025321726
11822,0.004262544
11823,0.008809822
11824,0.05897131
11825,0.02087495
11826,0.02786437
11827,0.0039255694
11828,0.04464169
11829,0.0077440226
11830,0.025876345
11831,0.041823488
11832,0.097642764
11833,0.04112595
11834,0.06527003
11835,0.019155826
11836,0.03194118
11837,0.05013114
11838,0.03539388
11839,0.009475129
11840,0.012472459
11841,0.09223198
11842,0.030113714
11843,0.16814753
11844,0.043921903
11845,0.066525385
11846,0.061975963
11847,0.002551007
11848,0.071117036
11849,0.03117475
11850,0.017975288
11851,0.008975588
11852,0.07587075
11853,0.03254424
11854,0.08368278
11855,0.12189138
11856,0.038335018
11857,0.007697422
11858,0.027670892
11859,0.020599728
11860,0.0
11861,0.00647199
11862,0.014253894
11863,0.010420159
11864,0.0398355
11865,0.029600697
11866,0.05710146
11867,0.05976603
11868,0.030875972
11869,0.0
11870,0.13322392
11871,0.01461305
11872,0.0019178815
11873,0.009579147
11874,0.0
11875,0.021457596
11876,0.05201225
11877,0.023271352
11878,0.027851775
11879,0.037677832
11880,0.000828774
11881,0.0
11882,0.01461724
11883,0.13841088
11884,0.12862404
11885,0.005668225
11886,0.053396538
11887,0.0103299515
11888,0.020156084
11889,0.040681403
11890,0.035964333
11891,0.05351361
11892,0.02740891
11893,0.037655037
11894,0.04173494
11895,0.03794209
11896,0.08977029
11897,0.04332652
11898,0.032702137
11899,0.010334964
11900,0.019504156
11901,0.124782614
11902,0.015953897
11903,0.049782988
11904,0.13846797
11905,0.10624833
11906,0.0
11907,0.010129962
11908,0.21700916
11909,0.08806816
11910,0.2645291
11911,0.10449185
11912,0.15966079
11913,0.07822322
11914,0.052266236
11915,0.05173125
11916,0.14636399
11917,0.03464962
11918,0.5389098
11919,0.1596804
11920,0.045272477
11921,0.1556659
11922,0.062010743
11923,0.014926709
11924,0.065201685
11925,0.040201545
11926,0.030102298
11927,0.01285359
11928,0.016536532
11929,0.105379015
11930,0.15800256
11931,0.34068614
11932,0.37845445
11933,0.05288386
11934,0.085637234
11935,0.028206363
11936,0.11674506
11937,0.1757035
11938,0.020350283
11939,0.03169648
11940,0.06734738
11941,0.036349352
11942,0.08343037
11943,0.08741382
11944,0.27065602
11945,0.14692447
11946,0.18280013
11947,0.3760832
11948,0.13441099
11949,0.048601627
11950,0.3638699
11951,0.13380295
11952,0.3183066
11953,0.0761077
11954,0.074923255
11955,0.07664836
11956,0.07233793
11957,0.026337454
11958,0.08206896
11959,0.09273394
11960,0.032020815
11961,0.066322744
11962,0.22467802
11963,0.025775691
11964,0.030860478
11965,0.07167564
11966,0.06545598
11967,0.016270297
11968,0.032538496
11969,0.0
11970,0.042125493
11971,0.08353692
11972,0.064208545
11973,0.17738691
11974,0.06365414
11975,0.19957708
11976,0.059595257
11977,0.061887626
11978,0.034537375
11979,0.021862412
11980,0.008425267
11981,0.3307638
11982,0.16610435
11983,0.12613176
11984,0.3116205
11985,0.33911186
11986,0.068299256
11987,0.12019543
11988,0.10906182
11989,0.04991601
11990,0.08300735
11991,0.0553217
11992,0.06028481
11993,0.056339443
11994,0.07362815
11995,0.05895368
11996,0.056004234
11997,0.08523497
11998,0.10627896
11999,0.114503495
12000,0.22350396
12001,0.294672
12002,0.040289246
12003,0.03920175
12004,0.07085326
12005,0.024484854
12006,0.03227796
12007,0.04820269
12008,0.039202247
12009,0.06338081
12010,0.19816323
12011,0.039141163
12012,0.057684794
12013,0.015917484
12014,0.061613508
12015,0.048541933
12016,0.14866363
12017,0.36189485
12018,0.000953923
12019,0.047903728
12020,0.07452485
12021,0.015984526
12022,0.01570394
12023,0.06637996
12024,0.068189144
12025,0.011651278
12026,0.024279915
12027,0.008640179
12028,0.10669553
12029,0.13931687
12030,0.08339174
12031,0.08717735
12032,0.07868991
12033,0.024853088
12034,0.022434263
12035,0.03630936
12036,0.035266303
12037,0.085063785
12038,0.057522647
12039,0.09796089
12040,0.024639277
12041,0.044555184
12042,0.041893564
12043,0.027627053
12044,0.044970285
12045,0.059921727
12046,0.017628942
12047,0.017808279
12048,0.060107365
12049,0.22442383
12050,0.23721284
12051,0.045485463
12052,0.0706093
12053,0.03869865
12054,0.09198856
12055,0.057696283
12056,0.024252841
12057,0.05076987
12058,0.013363663
12059,0.021877449
12060,0.14800838
12061,0.021343797
12062,0.034480985
12063,0.034962658
12064,0.06120354
12065,0.07113816
12066,0.14054416
12067,0.11660532
12068,0.12328474
12069,0.07549855
12070,0.05089111
12071,0.03449838
12072,0.0727158
12073,0.062985964
12074,0.10941273
12075,0.040907715
12076,0.415038
12077,0.11327058
12078,0.04851168
12079,0.10677595
12080,0.047949187
12081,0.049639896
12082,0.017407158
12083,0.011467756
12084,0.065115966
12085,0.0
12086,0.015158523
12087,0.031114262
12088,0.073244706
12089,0.041733846
12090,0.07326638
12091,0.064738356
12092,0.112783246
12093,0.13167326
12094,0.23807512
12095,0.08038117
12096,0.038991187
12097,0.08749571
12098,0.034351878
12099,0.059813056
12100,0.019089978
12101,0.010073862
12102,0.071543805
12103,0.046601657
12104,0.12403355
12105,0.0536083
12106,0.1328873
12107,0.042749148
12108,0.051907875
12109,0.027001165
12110,0.10832109
12111,0.0
12112,0.019354975
12113,0.0710891
12114,0.029726792
12115,0.010974263
12116,0.010059973
12117,0.034829084
12118,0.037344757
12119,0.05255225
12120,0.07006509
12121,0.11212749
12122,0.10820973
12123,0.16467479
12124,0.124055594
12125,0.13542238
12126,0.02347115
12127,0.09579252
12128,0.034819007
12129,0.07033226
12130,0.041322593
12131,0.0752216
12132,0.04620608
12133,0.03129848
12134,0.08309981
12135,0.04264917
12136,0.020870103
12137,0.04791645
12138,0.07652648
12139,0.030272428
12140,0.048166547
12141,0.05570903
12142,0.023580331
12143,0.037864514
12144,0.08931662
12145,0.0565371
12146,0.11656642
12147,0.39081535
12148,0.098555334
12149,0.106931776
12150,0.07431847
12151,0.0758153
12152,0.08102361
12153,0.09372204
12154,0.06902523
12155,0.024189651
12156,0.2551985
12157,0.066144094
12158,0.07401699
12159,0.047450107
12160,0.070029214
12161,0.022408813
12162,0.018278413
12163,0.017442446
12164,0.04841436
12165,0.20976424
12166,0.058514774
12167,0.055507023
12168,0.106855854
12169,0.53529775
12170,0.0999949
12171,0.032850936
12172,0.12012763
12173,0.07370844
12174,0.19788148
12175,0.22565092
12176,0.08863641
12177,0.015091208
12178,0.047928005
12179,0.12945265
12180,0.15730114
12181,0.044504836
12182,0.16195175
12183,0.08155591
12184,0.06854004
12185,0.011452677
12186,0.012498738
12187,0.03237866
12188,0.05499939
12189,0.059993114
12190,0.02339486
12191,0.11250139
12192,0.15157372
12193,0.13923927
12194,0.08269077
12195,0.05453369
12196,0.11095127
12197,0.16980335
12198,0.19715244
12199,0.07825805
12200,0.051051315
12201,0.021954102
12202,0.06698509
12203,0.43793097
12204,0.04148314
12205,0.16429098
12206,0.25990295
12207,0.15400764
12208,0.009793537
12209,0.061829317
12210,0.06742301
12211,0.15713803
12212,0.15895538
12213,0.105208054
12214,0.10344069
12215,0.16658728
12216,0.16191982
12217,0.14538367
12218,0.2112431
12219,0.2399116
12220,0.10877057
12221,0.053898867
12222,0.08338857
12223,0.10069648
12224,0.23363905
12225,0.7015645
12226,0.019841695
12227,0.04886872
12228,0.24210395
12229,0.016597606
12230,0.04131839
12231,0.22452883
12232,0.026601275
12233,0.075628065
12234,0.09297901
12235,0.03397137
12236,0.067008674
12237,0.019389734
12238,0.2685027
12239,0.06732804
12240,0.10649475
12241,0.21002692
12242,0.1597978
12243,0.22740552
12244,0.25462824
12245,0.2186893
12246,0.03407268
12247,0.1591365
12248,0.11061407
12249,0.116441704
12250,0.68318707
12251,0.31073993
12252,0.3485811
12253,0.026788814
12254,0.16007628
12255,0.025962012
12256,0.033552725
12257,0.014097808
12258,0.07788229
12259,0.02834274
12260,0.027722944
12261,0.014879856
12262,0.08999896
12263,0.11943762
12264,0.1304684
12265,0.13071503
12266,0.116106406
12267,0.16573712
12268,0.13441122
12269,0.047831293
12270,0.10167494
12271,0.17351058
12272,0.054662503
12273,0.7359467
12274,0.72986555
12275,0.47947112
12276,0.042820293
12277,0.022684561
12278,0.08235823
12279,0.2973237
12280,0.100578904
12281,0.057885434
12282,0.03470191
12283,0.0925753
12284,0.10056529
12285,0.08105728
12286,0.043610685
12287,0.234679
12288,0.046538003
12289,0.061425623
12290,0.1398995
12291,0.14304657
12292,0.10003602
12293,0.08607511
12294,0.17257951
12295,0.114743836
12296,0.04988819
12297,0.12261294
12298,0.11295144
12299,0.10715849
12300,0.75698376
12301,0.7409389
12302,0.49347177
12303,0.06822133
12304,0.06640852
12305,0.02675516
12306,0.24000815
12307,0.10303425
12308,0.22383699
12309,0.06291845
12310,0.095330566
12311,0.033416424
12312,0.10867428
12313,0.12235974
12314,0.14945555
12315,0.17942218
12316,0.35225582
12317,0.3052479
12318,0.15290634
12319,0.15735891
12320,0.11717151
12321,0.08403518
12322,0.13302587
12323,0.07454258
12324,0.061793704
12325,0.032741755
12326,0.13591544
12327,0.13497573
12328,0.07549333
12329,0.09675402
12330,0.023773054
12331,0.7340853
12332,1.0
12333,0.773784
12334,0.08638
12335,0.054015465
12336,0.1299918
12337,0.016797082
12338,0.22315997
12339,0.024230089
12340,0.0035107494
12341,0.009819303
12342,0.035606064
12343,0.076660775
12344,0.050279632
12345,0.21177068
12346,0.59851396
12347,0.075228
12348,0.10575924
12349,0.096767075
12350,0.15093027
12351,0.077442005
12352,0.13624579
12353,0.10539264
12354,0.02804273
12355,0.08626668
12356,0.08831605
12357,0.085793756
12358,0.03942961
12359,0.0267171
12360,0.32312176
12361,0.26506692
12362,0.20018499
12363,0.073879436
12364,0.08859648
12365,0.054946374
12366,0.16895355
12367,0.022112485
12368,0.0493219
12369,0.042383328
12370,0.030859312
12371,0.04836133
12372,0.053625036
12373,0.17727758
12374,0.4675222
12375,0.2219605
12376,0.19375475
12377,0.13643217
12378,0.18053949
12379,0.16452043
12380,0.3970143
12381,0.09521498
12382,0.03470379
12383,0.045581214
12384,0.03708611
12385,0.13332696
12386,0.15356532
12387,0.11708209
12388,0.3370136
12389,0.23481643
12390,0.19413148
12391,0.92326576
12392,0.14692342
12393,0.020273989
12394,0.1148327
12395,0.14903203
12396,0.060133286
12397,0.28468454
12398,0.080859154
12399,0.049735714
12400,0.046726838
12401,0.065242894
12402,0.13946928
12403,0.2483706
12404,0.24091494
12405,0.3097699
12406,0.2533047
12407,0.16313624
12408,0.16563812
12409,0.24778163
12410,0.032423448
12411,0.14430316
12412,0.08555018
12413,0.06448932
12414,0.27103454
12415,0.25815174
12416,0.07750341
12417,0.389077
12418,0.22157967
12419,0.07940902
12420,0.10738645
12421,0.076464735
12422,0.038463227
12423,0.030564943
12424,0.03557802
12425,0.044264987
12426,0.07055838
12427,0.09815788
12428,0.105994634
12429,0.15258831
12430,0.26331517
12431,0.623242
12432,0.27963924
12433,0.22705986
12434,0.39921266
12435,0.13166827
12436,0.074165836
12437,0.07568627
12438,0.13468584
12439,0.19689445
12440,0.12657589
12441,0.044063017
12442,0.08089432
12443,0.13371332
12444,0.027744345
12445,0.051406685
12446,0.09015941
12447,0.018868746
12448,0.049207
12449,0.02512344
12450,0.022301557
12451,0.0067571453
12452,0.03842581
12453,0.050443213
12454,0.078556724
12455,0.07481079
12456,0.10265866
12457,0.20695926
12458,0.18864244
12459,0.13676806
12460,0.4912701
12461,0.4481055
12462,0.26988253
12463,0.14894395
12464,0.049213775
12465,0.0331175
12466,0.06158123
12467,0.106069066
12468,0.041286603
12469,0.047020838
12470,0.62321556
12471,0.051562604
12472,0.067034036
12473,0.054660875
12474,0.10349954
12475,0.032210134
12476,0.06707547
12477,0.023696326
12478,0.040997963
12479,0.051100876
12480,0.03729382
12481,0.05134097
12482,0.1089578
12483,0.12812035
12484,0.39984468
12485,0.25823197
12486,0.15967683
12487,0.69793665
12488,0.28313679
12489,0.34954992
12490,0.18059273
12491,0.048515875
12492,0.04886246
12493,0.040271994
12494,0.050272305
12495,0.06391849
12496,0.09107572
12497,0.06411293
12498,0.073313124
12499,0.31469372
12500,0.1044409
12501,0.22795781
12502,0.0365657
12503,0.09339509
12504,0.12224979
12505,0.15176359
12506,0.1783927
12507,0.053105537
12508,0.029494116
12509,0.008781564
12510,0.046475623
12511,0.14653583
12512,0.5894688
12513,0.18594252
12514,0.38968477
12515,0.17817816
12516,0.23266634
12517,0.16512729
12518,0.11551025
12519,0.022947975
12520,5.185838e-05
12521,0.062645935
12522,0.06730681
12523,0.028558739
12524,0.112329155
12525,0.11823959
12526,0.06675599
12527,0.19428205
12528,0.004364419
12529,0.042683296
12530,0.20406279
12531,0.025055993
12532,0.019969847
12533,0.0105014155
12534,0.013036231
12535,0.10439257
12536,0.1476557
12537,0.041661624
12538,0.12465453
12539,0.16563207
12540,0.082061216
12541,0.11300138
12542,0.026486062
12543,0.0817039
12544,0.06669547
12545,0.064452425
12546,0.12150833
12547,0.11078338
12548,0.043462813
12549,0.020061892
12550,0.021727715
12551,0.098281115
12552,0.002279209
12553,0.09266953
12554,0.025359554
12555,0.03122462
12556,0.11304869
12557,0.04395031
12558,0.049853325
12559,0.00971456
12560,0.05857008
12561,0.17729549
12562,0.24351631
12563,0.3751259
12564,0.110559456
12565,0.0076415846
12566,0.045055673
12567,0.053499293
12568,0.066534154
12569,0.13261782
12570,0.018112054
12571,0.0055960827
12572,0.008072514
12573,0.005326151
12574,0.015301769
12575,0.060777422
12576,0.07636787
12577,0.2247194
12578,0.014888262
12579,0.016112735
12580,0.038925763
12581,0.07174389
12582,0.09210684
12583,0.25172663
12584,0.10984963
12585,0.0
12586,0.1077124
12587,0.034989163
12588,0.015407015
12589,0.11786095
12590,0.1298231
12591,0.048814096
12592,0.0
12593,0.006449327
12594,0.0048041637
12595,0.0
12596,0.17773539
12597,0.0033066587
12598,0.021435652
12599,0.10629198
12600,0.06466824
12601,0.041281007
12602,0.019138234
12603,0.035951547
12604,0.06454508
12605,0.23883905
12606,0.04945735
12607,0.0
12608,0.014063794
12609,0.023158072
12610,0.05291816
12611,0.06163534
12612,0.21230072
12613,0.058650736
12614,0.15455785
12615,0.07294692
12616,0.02557446
12617,0.007578443
12618,0.030961184
12619,0.024685115
12620,0.01545723
12621,0.17525537
12622,0.0
12623,0.12195537
12624,0.019284148
12625,0.07374392
12626,0.05442126
12627,0.019335575
12628,0.016226972
12629,0.25282595
12630,0.48363483
12631,0.11372912
12632,0.10034408
12633,0.07819088
12634,0.03681442
12635,0.0328627
12636,0.07243084
12637,0.06888435
12638,0.13124122
12639,0.89580506
12640,0.050560646
12641,0.071003295
12642,0.020314097
12643,0.0646433
12644,0.06955782
12645,0.010141919
12646,0.10584743
12647,0.33837602
12648,0.06594035
12649,0.1237031
12650,0.015801841
12651,0.03493703
12652,0.013116805
12653,0.022680342
12654,0.082822554
12655,0.03372279
12656,0.0113503
12657,0.031772356
12658,0.01160746
12659,0.059353553
12660,0.06800093
12661,0.021009298
12662,0.04001234
12663,0.011536312
12664,0.19489586
12665,0.06811405
12666,0.015053734
12667,0.02870961
12668,0.06260775
12669,0.09224681
12670,0.0142001435
12671,0.028530337
12672,0.58351326
12673,0.054784976
12674,0.088030115
12675,0.036022864
12676,0.009833652
12677,0.044264194
12678,0.051556114
12679,0.021432936
12680,0.024335278
12681,0.26044682
12682,0.035028838
12683,0.036338065
12684,0.0023299158
12685,0.012395362
12686,0.055516537
12687,0.15237933
12688,0.018190436
12689,0.092119776
12690,0.040556747
12691,0.018813565
12692,0.027629985
12693,0.19875215
12694,0.028440885
12695,0.013577924
12696,0.0012324004
12697,0.046824936
12698,0.03512512
12699,0.14247303
12700,0.06661689
12701,0.01858955
12702,0.008601766
12703,0.010719839
12704,0.065498136
12705,0.17909622
12706,0.09241596
12707,0.06313206
12708,0.05192577
12709,0.030084668
12710,0.03979885
12711,0.007299021
12712,0.034980442
12713,0.16355431
12714,0.11195401
12715,0.0051578297
12716,0.0
12717,0.013020935
12718,0.034361053
12719,0.026744545
12720,0.022044307
12721,0.029161805
12722,0.021738382
12723,0.03256213
12724,0.025378583
12725,0.014227035
12726,0.014741717
12727,0.012554569
12728,0.038802072
12729,0.07688636
12730,0.06624195
12731,0.10357102
12732,0.005023262
12733,0.009250669
12734,0.0066739935
12735,0.10327886
12736,0.18990836
12737,0.012281847
12738,0.021094153
12739,0.0
12740,0.017592601
12741,0.011920472
12742,0.0074757435
12743,0.018685339
12744,0.017145278
12745,0.00786398
12746,0.02088488
12747,0.025400862
12748,0.0
12749,0.008533935
12750,0.008297375
12751,0.055150982
12752,0.023045037
12753,0.023578536
12754,0.038880352
12755,0.0
12756,0.017441113
12757,0.026592497
12758,0.0958247
12759,0.03143679
12760,0.05971829
12761,0.011490966
12762,0.024281325
12763,0.03651522
12764,0.03353711
12765,0.0044468157
12766,0.009486371
12767,0.09078114
12768,0.029764973
12769,0.012983897
12770,0.16797704
12771,0.0420109
12772,0.06092777
12773,0.05425118
12774,0.07512408
12775,0.02731065
12776,0.018248564
12777,0.0071357638
12778,0.07403599
12779,0.024753412
12780,0.087651074
12781,0.0028488238
12782,0.12626566
12783,0.04381135
12784,0.011431703
12785,0.017937722
12786,0.013351873
12787,0.027898304
12788,0.018699983
12789,0.010562513
12790,0.010473277
12791,0.038084198
12792,0.021893352
12793,0.05776495
12794,0.06422379
12795,0.03643581
12796,0.13896187
12797,0.015888084
12798,0.012796841
12799,0.0031482033
12800,0.013490876
12801,0.022193335
12802,0.0506349
12803,0.021899004
12804,0.020523382
12805,0.035391506
12806,0.004050385
12807,0.03103964
12808,0.0
12809,0.01817985
12810,0.14352477
12811,0.13346082
12812,0.0066935327
12813,0.05951345
12814,0.028346693
12815,0.041624654
12816,0.046176918
12817,0.064139985
12818,0.03348156
12819,0.033480704
12820,0.043721702
12821,0.03929203
12822,0.047001526
12823,0.0992435
12824,0.045552418
12825,0.03762078
12826,0.12974212
12827,0.03241576
12828,0.06665862
12829,0.031706106
12830,0.15020071
12831,0.11856933
12832,0.026660848
12833,0.009590039
12834,0.2144494
12835,0.097010694
12836,0.2738854
12837,0.10660091
12838,0.16387425
12839,0.105672024
12840,0.058430146
12841,0.150022
12842,0.04981002
12843,0.55448353
12844,0.16800725
12845,0.056292042
12846,0.16941494
12847,0.07095628
12848,0.06484891
12849,0.078118406
12850,0.048937082
12851,0.03530331
12852,0.028620807
12853,0.038737413
12854,0.11721236
12855,0.18133822
12856,0.36443558
12857,0.39495665
12858,0.07149043
12859,0.047396157
12860,0.1386695
12861,0.19282442
12862,0.05625403
12863,0.08843942
12864,0.05326023
12865,0.09680672
12866,0.08893047
12867,0.27330774
12868,0.14998971
12869,0.17861806
12870,0.37400573
12871,0.1329216
12872,0.36511022
12873,0.02237801
12874,0.12770738
12875,0.32218006
12876,0.07651553
12877,0.07114992
12878,0.0693405
12879,0.07559629
12880,0.02062514
12881,0.08785892
12882,0.098937735
12883,0.09280086
12884,0.034905944
12885,0.033670034
12886,0.06796677
12887,0.22905664
12888,0.029768718
12889,0.027239637
12890,0.06871851
12891,0.055632435
12892,0.06900229
12893,0.028369125
12894,0.04209964
12895,0.08639714
12896,0.02675183
12897,0.06820364
12898,0.18179575
12899,0.060815725
12900,0.19884299
12901,0.061736796
12902,0.036735516
12903,0.031071546
12904,0.017388431
12905,0.0059955274
12906,0.331964
12907,0.16771828
12908,0.122602805
12909,0.3086799
12910,0.33616608
12911,0.119598605
12912,0.11547597
12913,0.075460404
12914,0.054278236
12915,0.055060156
12916,0.047580287
12917,0.075435184
12918,0.056078702
12919,0.05834095
12920,0.080549024
12921,0.102006845
12922,0.10508839
12923,0.2146772
12924,0.28584006
12925,0.03271879
12926,0.07138133
12927,0.010388062
12928,0.018844845
12929,0.02809141
12930,0.048735484
12931,0.19408414
12932,0.04054599
12933,0.054341055
12934,0.014207815
12935,0.018732103
12936,0.06484189
12937,0.14733744
12938,0.3605634
12939,0.050787415
12940,0.080130234
12941,0.019985426
12942,0.01672158
12943,0.07440857
12944,0.06159297
12945,0.0057187662
12946,0.024850857
12947,0.00502994
12948,0.09955078
12949,0.14273836
12950,0.09229717
12951,0.091334164
12952,0.07854463
12953,0.025840146
12954,0.024033241
12955,0.032194547
12956,0.031049171
12957,0.09123721
12958,0.05292809
12959,0.09625247
12960,0.012563403
12961,0.04398163
12962,0.041733842
12963,0.020219974
12964,0.022040205
12965,0.040255938
12966,0.055202257
12967,0.020025482
12968,0.060720097
12969,0.22205329
12970,0.24185325
12971,0.035501063
12972,0.06128863
12973,0.039346877
12974,0.089171365
12975,0.050697863
12976,0.013719919
12977,0.05080316
12978,0.018344006
12979,0.14857133
12980,0.026184384
12981,0.03360779
12982,0.033987127
12983,0.010996031
12984,0.07061858
12985,0.0697852
12986,0.14207739
12987,0.10777102
12988,0.12595272
12989,0.07858043
12990,0.046725627
12991,0.03243728
12992,0.07124308
12993,0.06150811
12994,0.013616583
12995,0.11326708
12996,0.041778773
12997,0.4229201
12998,0.10652782
12999,0.10720034
13000,0.044192363
13001,0.04234857
13002,0.020682076
13003,0.02022659
13004,0.06813498
13005,0.025210725
13006,0.018421896
13007,0.028663844
13008,0.07069199
13009,0.043848395
13010,0.081104204
13011,0.061808173
13012,0.11273921
13013,0.12126183
13014,0.23916592
13015,0.08188585
13016,0.033248503
13017,0.0838574
13018,0.031301934
13019,0.056757975
13020,0.020249896
13021,0.013955454
13022,0.073820956
13023,0.045895513
13024,0.13033843
13025,0.045288313
13026,0.12523098
13027,0.04506175
13028,0.050755046
13029,0.021667145
13030,0.01341169
13031,0.017734656
13032,0.11550277
13033,0.0019775066
13034,0.017485928
13035,0.07253091
13036,0.03195414
13037,0.0033636312
13038,0.012819168
13039,0.031874493
13040,0.034287848
13041,0.05416262
13042,0.07739875
13043,0.10869316
13044,0.10766153
13045,0.1537591
13046,0.124642245
13047,0.13642281
13048,0.017224304
13049,0.09165004
13050,0.06677302
13051,0.008602748
13052,0.043095544
13053,0.07401128
13054,0.052006736
13055,0.022474313
13056,0.074939385
13057,0.04445761
13058,0.019213118
13059,0.042078253
13060,0.0671538
13061,0.031465955
13062,0.014264375
13063,0.03957853
13064,0.05623087
13065,0.018388359
13066,0.03257024
13067,0.08868965
13068,0.061633397
13069,0.110894695
13070,0.38802966
13071,0.08540228
13072,0.10528108
13073,0.0730816
13074,0.06733108
13075,0.07464375
13076,0.087930545
13077,0.0632286
13078,0.004015683
13079,0.013128116
13080,0.24480082
13081,0.06571521
13082,0.07012263
13083,0.03937455
13084,0.058419164
13085,0.021364989
13086,0.022718484
13087,0.00033794052
13088,0.007461202
13089,0.032719366
13090,0.19396691
13091,0.04738471
13092,0.05010026
13093,0.09068111
13094,0.522009
13095,0.07633881
13096,0.020697208
13097,0.108387746
13098,0.054721177
13099,0.18099861
13100,0.20935632
13101,0.07233675
13102,0.005728225
13103,0.036960546
13104,0.10855165
13105,0.14636916
13106,0.0301074
13107,0.14337312
13108,0.05944281
13109,0.057728555
13110,0.011741356
13111,0.025907489
13112,0.048425917
13113,0.05808691
13114,0.02721193
13115,0.10555048
13116,0.14750895
13117,0.124807104
13118,0.079760864
13119,0.052017625
13120,0.10118785
13121,0.1621443
13122,0.19008164
13123,0.071182206
13124,0.009200154
13125,0.0493077
13126,0.017227205
13127,0.05464439
13128,0.42625386
13129,0.039775047
13130,0.15911737
13131,0.250548
13132,0.14111839
13133,0.008205856
13134,0.05218862
13135,0.057680055
13136,0.15206233
13137,0.15960295
13138,0.09797378
13139,0.085838936
13140,0.16048785
13141,0.15623422
13142,0.13245074
13143,0.20041461
13144,0.22967137
13145,0.098525226
13146,0.014932446
13147,0.048985746
13148,0.07549219
13149,0.099811085
13150,0.21812885
13151,0.68671787
13152,0.011498621
13153,0.036344428
13154,0.22604522
13155,0.011105058
13156,0.036561172
13157,0.21546957
13158,0.026451357
13159,0.06976437
13160,0.08701299
13161,0.032672614
13162,0.071433194
13163,0.0130462935
13164,0.26504532
13165,0.053503133
13166,0.1041723
13167,0.2081183
13168,0.15064186
13169,0.22035399
13170,0.24816518
13171,0.21222095
13172,0.15960486
13173,0.10947792
13174,0.11232228
13175,0.68607867
13176,0.29900673
13177,0.33751154
13178,0.018041505
13179,0.14779454
13180,0.04200634
13181,0.03158123
13182,0.0772451
13183,0.03809612
13184,0.02670834
13185,0.016751375
13186,0.08150299
13187,0.122444
13188,0.1338887
13189,0.12688798
13190,0.11438363
13191,0.16460279
13192,0.13327178
13193,0.04462286
13194,0.10475041
13195,0.17930783
13196,0.055871926
13197,0.7441671
13198,0.72346115
13199,0.47373056
13200,0.015859015
13201,0.035867337
13202,0.03178176
13203,0.086706825
13204,0.29737028
13205,0.10393626
13206,0.06272552
13207,0.030820686
13208,0.082980275
13209,0.090867944
13210,0.076027244
13211,0.0443039
13212,0.22460441
13213,0.03934935
13214,0.043869376
13215,0.1338457
13216,0.13740668
13217,0.08714872
13218,0.07529218
13219,0.16238499
13220,0.10454412
13221,0.037619576
13222,0.11662825
13223,0.10968844
13224,0.102291
13225,0.7561438
13226,0.7254742
13227,0.47867107
13228,0.04419295
13229,0.05574271
13230,0.050395366
13231,0.026792172
13232,0.23529673
13233,0.0940206
13234,0.2181343
13235,0.05800114
13236,0.091110475
13237,0.04098527
13238,0.11052938
13239,0.12411252
13240,0.15587556
13241,0.19156547
13242,0.3536312
13243,0.30950928
13244,0.14680031
13245,0.1627552
13246,0.12298164
13247,0.08259801
13248,0.13369308
13249,0.07579814
13250,0.063044146
13251,0.036726724
13252,0.13509694
13253,0.14044109
13254,0.08368045
13255,0.10333667
13256,0.027372377
13257,0.74469566
13258,1.0
13259,0.77043337
13260,0.092998154
13261,0.05716814
13262,0.12896341
13263,0.22989854
13264,0.026666537
13265,0.017777078
13266,0.027371041
13267,0.037747733
13268,0.08346977
13269,0.06281192
13270,0.21353492
13271,0.60316443
13272,0.06951091
13273,0.11154451
13274,0.102966145
13275,0.14988194
13276,0.07849812
13277,0.13789013
13278,0.10703197
13279,0.03241664
13280,0.085837126
13281,0.09417042
13282,0.09436981
13283,0.046401143
13284,0.030705344
13285,0.33412102
13286,0.26144135
13287,0.1972231
13288,0.08088652
13289,0.08795693
13290,0.066822425
13291,0.17608094
13292,0.024937848
13293,0.055458102
13294,0.04049997
13295,0.028006535
13296,0.023159862
13297,0.045329113
13298,0.05631613
13299,0.16920073
13300,0.46233135
13301,0.20640224
13302,0.1896988
13303,0.13279006
13304,0.16965005
13305,0.15573539
13306,0.38881758
13307,0.08701319
13308,0.02923653
13309,0.03531052
13310,0.033099316
13311,0.13206197
13312,0.15069571
13313,0.11122926
13314,0.33817175
13315,0.22134969
13316,0.1813285
13317,0.92043155
13318,0.14062385
13319,0.009793249
13320,0.11686766
13321,0.14631838
13322,0.020259304
13323,0.056428395
13324,0.28147188
13325,0.07403358
13326,0.042807795
13327,0.044466194
13328,0.06870553
13329,0.132164
13330,0.24395141
13331,0.22612822
13332,0.3064855
13333,0.25043407
13334,0.15301834
13335,0.15762463
13336,0.24035643
13337,0.02772775
13338,0.030307634
13339,0.14108787
13340,0.08505663
13341,0.06239129
13342,0.26595312
13343,0.2600813
13344,0.06480828
13345,0.3870145
13346,0.21605164
13347,0.076731555
13348,0.11019293
13349,0.074522614
13350,0.032218993
13351,0.02763156
13352,0.010216416
13353,0.025980422
13354,0.03456506
13355,0.06552577
13356,0.09884852
13357,0.095917284
13358,0.14539713
13359,0.24575649
13360,0.61718565
13361,0.27399668
13362,0.21416996
13363,0.38842714
13364,0.12147124
13365,0.06817859
13366,0.07242071
13367,0.12981579
13368,0.18904115
13369,0.1257336
13370,0.028595788
13371,0.076059796
13372,0.12541333
13373,0.011728658
13374,0.04595718
13375,0.09019388
13376,0.01415463
13377,0.04350161
13378,0.020203587
13379,0.018078897
13380,0.0073743076
13381,0.033329204
13382,0.045244277
13383,0.078025095
13384,0.0800024
13385,0.09708228
13386,0.20426907
13387,0.17558472
13388,0.1352126
13389,0.4901285
13390,0.4397166
13391,0.263598
13392,0.14324775
13393,0.047727495
13394,0.034352895
13395,0.061212115
13396,0.10271672
13397,0.044945214
13398,0.046687245
13399,0.6194167
13400,0.043582372
13401,0.022652317
13402,0.06608554
13403,0.05919631
13404,0.103286386
13405,0.027694866
13406,0.06587107
13407,0.041276295
13408,0.037583966
13409,0.023674602
13410,0.042388994
13411,0.1057291
13412,0.11412391
13413,0.38873398
13414,0.23675382
13415,0.14970113
13416,0.688375
13417,0.26632756
13418,0.3348451
13419,0.16647625
13420,0.03895588
13421,0.03308709
13422,0.041482937
13423,0.052145902
13424,0.086314075
13425,0.055359215
13426,0.061093822
13427,0.29829314
13428,0.084505886
13429,0.21858904
13430,0.032680806
13431,0.08476164
13432,0.109314255
13433,0.14213894
13434,0.16955358
13435,0.044963542
13436,0.03295428
13437,0.016909014
13438,0.060326353
13439,0.14961864
13440,0.5954377
13441,0.18154387
13442,0.39678848
13443,0.18569565
13444,0.23293656
13445,0.16750193
13446,0.11847316
13447,0.032842454
13448,0.074963644
13449,0.0656634
13450,0.03688428
13451,0.117189184
13452,0.11891847
13453,0.06390034
13454,0.20199263
13455,0.017558921
13456,0.05112923
13457,0.0024977946
13458,0.21151751
13459,0.033296224
13460,0.02435728
13461,0.10494564
13462,0.15109491
13463,0.034733362
13464,0.0138473855
13465,0.12964246
13466,0.16337259
13467,0.081906125
13468,0.11343465
13469,0.03385089
13470,0.087464266
13471,0.06947255
13472,0.0742405
13473,0.116671585
13474,0.116579264
13475,0.0457932
13476,0.016342415
13477,0.10346205
13478,0.004220455
13479,0.0038933936
13480,0.09759456
13481,0.030776843
13482,0.037111312
13483,0.10816735
13484,0.041955106
13485,0.037490673
13486,0.008854244
13487,0.058123596
13488,0.16960171
13489,0.23792693
13490,0.37012476
13491,0.10555317
13492,0.0
13493,0.004984287
13494,0.049409345
13495,0.04322812
13496,0.06689564
13497,0.12951384
13498,7.3862946e-05
13499,0.01785863
13500,0.010826547
13501,0.008554423
13502,0.0015059534
13503,0.014792448
13504,0.06401869
13505,0.068841115
13506,0.22007886
13507,0.0
13508,0.012607017
13509,0.035833854
13510,0.061404623
13511,0.083871946
13512,0.24408011
13513,0.10219795
13514,0.0
13515,0.10539296
13516,0.036697388
13517,0.1056081
13518,0.12753914
13519,0.043064695
13520,0.0
13521,0.0019053036
13522,0.00017007464
13523,0.17557192
13524,0.0008258517
13525,0.0
13526,0.031757113
13527,0.105845444
13528,0.06710783
13529,0.033353154
13530,0.022712713
13531,0.039939817
13532,0.06128599
13533,0.23768441
13534,0.048891027
13535,0.01882457
13536,0.024935562
13537,0.061706632
13538,0.05579902
13539,0.20712812
13540,0.063446976
13541,0.15588866
13542,0.07009656
13543,0.019189555
13544,0.011759779
13545,0.040626395
13546,0.029601788
13547,0.016071804
13548,0.17996635
13549,0.12637301
13550,0.03724167
13551,0.08093346
13552,0.064497024
13553,0.0190438
13554,0.027437516
13555,0.26445028
13556,0.4880119
13557,0.12021052
13558,0.10741386
13559,0.039414782
13560,0.0831866
13561,0.048094045
13562,0.04686401
13563,0.08482769
13564,0.07829792
13565,0.14766571
13566,0.8976049
13567,0.053024083
13568,0.08343566
13569,0.029280985
13570,0.06942903
13571,0.07080902
13572,0.021959322
13573,0.042939372
13574,0.118400164
13575,0.34662664
13576,0.07750188
13577,0.13605009
13578,0.02884608
13579,0.023897663
13580,0.046990782
13581,0.024373913
13582,0.08740223
13583,0.027935037
13584,0.037900764
13585,0.060338955
13586,0.06957469
13587,0.038724933
13588,0.020509066
13589,0.045795977
13590,0.01843717
13591,0.20582439
13592,0.06508149
13593,0.021990098
13594,0.032180544
13595,0.061897513
13596,0.08800201
13597,0.020521589
13598,0.03558717
13599,0.586268
13600,0.06085051
13601,0.09488117
13602,0.016391432
13603,0.040058438
13604,0.050236512
13605,0.25342828
13606,0.030114908
13607,0.013242821
13608,0.0022142134
13609,0.015001344
13610,0.045921028
13611,0.14344755
13612,0.029440552
13613,0.085510194
13614,0.030412579
13615,0.019235656
13616,0.028787442
13617,0.19560751
13618,0.028607065
13619,0.014529657
13620,0.0055603334
13621,0.0018908298
13622,0.04316305
13623,0.03259812
13624,0.13311248
13625,0.059360743
13626,0.009847707
13627,0.006143825
13628,0.010983569
13629,0.05356028
13630,0.16782208
13631,0.09111077
13632,0.058361363
13633,0.042973895
13634,0.017598275
13635,0.037878692
13636,0.010862784
13637,0.03379565
13638,0.15806739
13639,0.10977798
13640,0.03259586
13641,0.014611899
13642,0.021414002
13643,0.028945345
13644,0.014274551
13645,0.027202705
13646,0.020607501
13647,0.013665813
13648,0.016902165
13649,0.028760917
13650,0.067508936
13651,0.06683341
13652,0.10069705
13653,0.009227234
13654,0.103990756
13655,0.0009825976
13656,0.18962903
13657,0.012788044
13658,0.018636303
13659,0.017894385
13660,0.0018547673
13661,0.008912387
13662,0.0205358
13663,0.01174839
13664,0.018180748
13665,0.025426164
13666,0.0042193662
13667,0.000559736
13668,0.05780941
13669,0.0145223085
13670,0.025622059
13671,0.040667973
13672,0.002428662
13673,0.011735139
13674,0.023772663
13675,0.08263739
13676,0.02975183
13677,0.058447156
13678,0.0029724655
13679,0.017867208
13680,0.030689469
13681,0.0
13682,0.025637325
13683,0.008987687
13684,0.07968537
13685,0.019332886
13686,0.16763423
13687,0.037366025
13688,0.05959375
13689,0.0537027
13690,0.0025520336
13691,0.0646983
13692,0.028387269
13693,0.01973899
13694,0.070383415
13695,0.021689253
13696,0.082512826
13697,0.11793142
13698,0.03614083
13699,0.025105113
13700,0.015770687
13701,0.020913096
13702,0.013902319
13703,0.025315423
13704,0.026032923
13705,0.015213348
13706,0.048197206
13707,0.0325947
13708,0.07267617
13709,0.069655105
13710,0.042530823
13711,0.15514624
13712,0.0
13713,0.031081224
13714,0.028775495
13715,0.030939694
13716,0.0
13717,0.024597235
13718,0.045791443
13719,0.019159947
13720,0.018372687
13721,0.033235677
13722,0.004629124
13723,0.026814908
13724,0.0037480008
13725,0.0074756835
13726,0.018372962
13727,0.1507288
13728,0.12604001
13729,0.0147744045
13730,0.06284574
13731,0.012019259
13732,0.043497138
13733,0.05090126
13734,0.04678865
13735,0.07461711
13736,0.0368227
13737,0.04915757
13738,0.0
13739,0.029961135
13740,0.032815702
13741,0.094923064
13742,0.035358083
13743,0.026165204
13744,0.005886769
13745,0.0061486894
13746,0.1360849
13747,0.033903643
13748,0.07801188
13749,0.037185486
13750,0.15475698
13751,0.12278749
13752,0.012629233
13753,0.01969305
13754,0.2085574
13755,0.08626386
13756,0.27300397
13757,0.09984552
13758,0.15619573
13759,0.04475999
13760,0.021882312
13761,0.17110685
13762,0.06603994
13763,0.580579
13764,0.18822868
13765,0.07525219
13766,0.18547882
13767,0.08769907
13768,0.084068306
13769,0.050234564
13770,0.10296345
13771,0.06985742
13772,0.05790692
13773,0.04915783
13774,0.058848597
13775,0.13311733
13776,0.19238834
13777,0.38535115
13778,0.40999842
13779,0.08560897
13780,0.14955361
13781,0.20438743
13782,0.06999976
13783,0.10810469
13784,0.069000795
13785,0.114230536
13786,0.10676775
13787,0.28208396
13788,0.16863135
13789,0.19138588
13790,0.38585025
13791,0.060707588
13792,0.37372035
13793,0.13947304
13794,0.33365202
13795,0.09390692
13796,0.084616624
13797,0.084490426
13798,0.088679634
13799,0.028824467
13800,0.091203384
13801,0.11214749
13802,0.10013677
13803,0.039744727
13804,0.07613531
13805,0.23223503
13806,0.032801934
13807,0.042068128
13808,0.07505242
13809,0.061672606
13810,0.08096184
13811,0.02367034
13812,0.03808725
13813,0.058088083
13814,0.105115935
13815,0.041264515
13816,0.07786143
13817,0.2013189
13818,0.21156919
13819,0.07183753
13820,0.046082035
13821,0.040798016
13822,0.3131765
13823,0.15879588
13824,0.10688339
13825,0.2926227
13826,0.32220268
13827,0.10049963
13828,0.09675691
13829,0.059662245
13830,0.04410563
13831,0.035166234
13832,0.060954563
13833,0.04901996
13834,0.033623118
13835,0.08042103
13836,0.11174414
13837,0.108028725
13838,0.2172795
13839,0.29053628
13840,0.038642455
13841,0.032279495
13842,0.07132199
13843,0.021744035
13844,0.021706281
13845,0.04976012
13846,0.032653823
13847,0.0549811
13848,0.19826321
13849,0.041980956
13850,0.05646975
13851,0.07432119
13852,0.14968173
13853,0.36500165
13854,0.0018051073
13855,0.051841743
13856,0.08216669
13857,0.0160243
13858,0.074091226
13859,0.07269092
13860,0.008322203
13861,0.021976592
13862,0.03307996
13863,0.10553843
13864,0.14665945
13865,0.09347415
13866,0.093204886
13867,0.08282255
13868,0.00028289904
13869,0.027786525
13870,0.023597661
13871,0.02105563
13872,0.027103428
13873,0.08722544
13874,0.055968344
13875,0.10202311
13876,0.014127885
13877,0.04069121
13878,0.048308756
13879,0.020921065
13880,0.02181816
13881,0.039695777
13882,0.056735974
13883,0.0041930294
13884,0.019157557
13885,0.059410624
13886,0.21845165
13887,0.23863162
13888,0.04369469
13889,0.060987722
13890,0.0387522
13891,0.094496086
13892,0.052097913
13893,0.016803201
13894,0.05181983
13895,0.019717557
13896,0.14695768
13897,0.024596969
13898,0.021317026
13899,0.028889546
13900,0.0044775214
13901,0.06545496
13902,0.07167365
13903,0.14669615
13904,0.108183704
13905,0.12151059
13906,0.08400352
13907,0.04627487
13908,0.031063396
13909,0.06953106
13910,0.06189003
13911,0.011596825
13912,0.110805795
13913,0.03702528
13914,0.41854662
13915,0.1135696
13916,0.11137323
13917,0.044440582
13918,0.04428001
13919,0.020546922
13920,0.017347395
13921,0.0050137965
13922,0.06002482
13923,0.022744903
13924,0.014746375
13925,0.0142849935
13926,0.06350629
13927,0.035241783
13928,0.07385249
13929,0.061608505
13930,0.115269914
13931,0.1195864
13932,0.23263559
13933,0.085220836
13934,0.030709645
13935,0.080395415
13936,0.027501829
13937,0.055051748
13938,0.0027927966
13939,0.015159926
13940,0.06927156
13941,0.039053913
13942,0.123876765
13943,0.050241984
13944,0.12169012
13945,0.041227125
13946,0.05283981
13947,0.01982725
13948,0.013255027
13949,0.015511392
13950,0.11053543
13951,0.015619536
13952,0.062332626
13953,0.027100489
13954,0.01105502
13955,0.01940701
13956,0.029013565
13957,0.04746739
13958,0.072058395
13959,0.11040485
13960,0.11210359
13961,0.15399508
13962,0.12002343
13963,0.14166921
13964,0.01659682
13965,0.09009942
13966,0.06697815
13967,0.0054241605
13968,0.040457506
13969,0.06908105
13970,0.047456454
13971,0.029339368
13972,0.07330988
13973,0.04253435
13974,0.042149734
13975,0.06890848
13976,0.031154051
13977,0.05178803
13978,0.014309358
13979,0.031291626
13980,0.011097033
13981,0.056437105
13982,0.007891274
13983,0.029266335
13984,0.08396479
13985,0.05826341
13986,0.11457681
13987,0.39444232
13988,0.08760862
13989,0.10263252
13990,0.08029834
13991,0.06867398
13992,0.075063534
13993,0.0880122
13994,0.06540413
13995,0.0032414393
13996,0.021963578
13997,0.24514164
13998,0.065762386
13999,0.07608917
14000,0.041416418
14001,0.06214426
14002,0.002353294
14003,0.015456007
14004,0.03001084
14005,0.19845153
14006,0.050448414
14007,0.05451882
14008,0.10215176
14009,0.5362101
14010,0.0863337
14011,0.025837192
14012,0.12339304
14013,0.06385264
14014,0.18920699
14015,0.21722656
14016,0.082300834
14017,0.044081453
14018,0.11668112
14019,0.15420485
14020,0.043862488
14021,0.15320352
14022,0.07095647
14023,0.06512524
14024,0.009308427
14025,0.012771244
14026,0.04248287
14027,0.050722897
14028,0.021202782
14029,0.106593415
14030,0.15128219
14031,0.12437427
14032,0.07447314
14033,0.0565952
14034,0.09989157
14035,0.15992494
14036,0.1875242
14037,0.070718564
14038,0.0063348794
14039,0.046000905
14040,0.011628223
14041,0.011191105
14042,0.06084064
14043,0.42395577
14044,0.03718303
14045,0.16244473
14046,0.24995083
14047,0.14220431
14048,0.0051748613
14049,0.0
14050,0.04765113
14051,0.06033573
14052,0.153297
14053,0.16219252
14054,0.110345766
14055,0.09400481
14056,0.16379881
14057,0.16941053
14058,0.13975322
14059,0.20679398
14060,0.23571266
14061,0.10666029
14062,0.054277673
14063,0.07849188
14064,0.10319073
14065,0.23292384
14066,0.6930185
14067,0.023424702
14068,0.044345878
14069,0.23572986
14070,0.018723104
14071,0.04212892
14072,0.22344452
14073,0.063892424
14074,0.08833428
14075,0.032573014
14076,0.07268846
14077,0.2760832
14078,0.060334723
14079,0.10614896
14080,0.21996024
14081,0.15661
14082,0.225399
14083,0.2528721
14084,0.21902171
14085,0.03523637
14086,0.16400398
14087,0.1134355
14088,0.11398765
14089,0.688124
14090,0.31246746
14091,0.3424778
14092,0.024708625
14093,0.15614483
14094,0.046239756
14095,0.027320283
14096,0.020817067
14097,0.07146572
14098,0.032250687
14099,0.027915007
14100,0.020688375
14101,0.081233874
14102,0.11731999
14103,0.13863
14104,0.1257555
14105,0.112327956
14106,0.16220905
14107,0.13297187
14108,0.04001171
14109,0.10106675
14110,0.17660628
14111,0.02915192
14112,0.05043663
14113,0.7391117
14114,0.72982115
14115,0.47159603
14116,0.015425451
14117,0.037116993
14118,0.028220749
14119,0.08383953
14120,0.29691023
14121,0.09514428
14122,0.059577923
14123,0.033588536
14124,0.075044766
14125,0.09012562
14126,0.07386398
14127,0.043495532
14128,0.2308481
14129,0.04832343
14130,0.048637353
14131,0.13375878
14132,0.14718504
14133,0.091053225
14134,0.078273565
14135,0.16502829
14136,0.10928125
14137,0.038045477
14138,0.11798165
14139,0.11202394
14140,0.104184985
14141,0.75612557
14142,0.7368714
14143,0.4815737
14144,0.052721098
14145,0.060346212
14146,0.056682084
14147,0.028268225
14148,0.23746653
14149,0.09859755
14150,0.21437934
14151,0.059590906
14152,0.092999935
14153,0.04333696
14154,0.10217769
14155,0.12295401
14156,0.15329617
14157,0.19034098
14158,0.35945874
14159,0.31806722
14160,0.1511521
14161,0.16225208
14162,0.13234386
14163,0.08608633
14164,0.1362582
14165,0.07802523
14166,0.0673651
14167,0.036057528
14168,0.1351067
14169,0.14137839
14170,0.08559977
14171,0.10481446
14172,0.026557973
14173,0.7442613
14174,1.0
14175,0.7729199
14176,0.09519071
14177,0.065280125
14178,0.13315064
14179,0.2316522
14180,0.03082732
14181,0.016671298
14182,0.0155619625
14183,0.033131823
14184,0.077432886
14185,0.058129895
14186,0.21590501
14187,0.60826486
14188,0.07040523
14189,0.10758395
14190,0.10887087
14191,0.14991288
14192,0.07760589
14193,0.13665983
14194,0.107895486
14195,0.028289985
14196,0.08238939
14197,0.091650195
14198,0.092831686
14199,0.04442147
14200,0.026433507
14201,0.330229
14202,0.2689647
14203,0.19625194
14204,0.07962167
14205,0.08868677
14206,0.06442484
14207,0.17437714
14208,0.02564119
14209,0.04782957
14210,0.0395174
14211,0.016320666
14212,0.018667156
14213,0.039415453
14214,0.05175733
14215,0.17169404
14216,0.46755505
14217,0.2074198
14218,0.18586145
14219,0.13881804
14220,0.16980422
14221,0.15496643
14222,0.38771042
14223,0.08799987
14224,0.025233101
14225,0.031985987
14226,0.030702263
14227,0.13064706
14228,0.14883932
14229,0.10708057
14230,0.3344029
14231,0.22899635
14232,0.18048055
14233,0.91929
14234,0.14540157
14235,0.010646292
14236,0.11459325
14237,0.14473775
14238,0.021085849
14239,0.048923053
14240,0.28234318
14241,0.00791042
14242,0.06435177
14243,0.040319208
14244,0.040556666
14245,0.06615088
14246,0.13666137
14247,0.25117913
14248,0.22914982
14249,0.3046522
14250,0.25846618
14251,0.15517655
14252,0.15885974
14253,0.24125344
14254,0.028987208
14255,0.14069498
14256,0.08564583
14257,0.06253896
14258,0.26380858
14259,0.2583166
14260,0.07445902
14261,0.38787696
14262,0.22283342
14263,0.0058436096
14264,0.079205364
14265,0.10992267
14266,0.07494608
14267,0.035049666
14268,0.0122124655
14269,0.017273167
14270,0.033050988
14271,0.06259067
14272,0.09726836
14273,0.10138916
14274,0.15359935
14275,0.24975266
14276,0.61632687
14277,0.2830032
14278,0.21730268
14279,0.39063662
14280,0.12334271
14281,0.023055278
14282,0.06876017
14283,0.07398439
14284,0.130938
14285,0.18787113
14286,0.12494349
14287,0.039221074
14288,0.07789676
14289,0.13316971
14290,0.049405497
14291,0.090898104
14292,0.015552594
14293,0.03897492
14294,0.005293658
14295,0.020545254
14296,0.0396535
14297,0.07101333
14298,0.07434557
14299,0.09847749
14300,0.20839454
14301,0.17550416
14302,0.13027713
14303,0.49505833
14304,0.43877253
14305,0.26173076
14306,0.14104259
14307,0.0318399
14308,0.058257576
14309,0.09747
14310,0.040078443
14311,0.04444751
14312,0.62309635
14313,0.043337356
14314,0.024090527
14315,0.065457165
14316,0.055823863
14317,0.10060767
14318,0.027423332
14319,0.05726771
14320,0.020018702
14321,0.03831723
14322,0.030924518
14323,0.024208335
14324,0.04150177
14325,0.106196776
14326,0.12164363
14327,0.39898425
14328,0.24279775
14329,0.1508902
14330,0.6994289
14331,0.27150813
14332,0.33910248
14333,0.17039557
14334,0.041585278
14335,0.03669859
14336,0.0446529
14337,0.053023644
14338,0.087571785
14339,0.07089798
14340,0.30417264
14341,0.0920686
14342,0.22408514
14343,0.035432834
14344,0.08820743
14345,0.11516723
14346,0.13965997
14347,0.1724193
14348,0.048128974
14349,0.032909248
14350,0.015443006
14351,0.060215283
14352,0.15655959
14353,0.6051089
14354,0.18700908
14355,0.39739883
14356,0.19617125
14357,0.23753834
14358,0.17118059
14359,0.12181369
14360,0.035875216
14361,0.0056576203
14362,0.069263175
14363,0.040190294
14364,0.12641457
14365,0.1242192
14366,0.070884295
14367,0.20691
14368,0.019732231
14369,0.053996265
14370,0.0077720247
14371,0.20845981
14372,0.035583235
14373,0.006716802
14374,0.016329756
14375,0.10397016
14376,0.15284976
14377,0.03228215
14378,0.13220169
14379,0.16005802
14380,0.07766834
14381,0.10885874
14382,0.02896725
14383,0.08213907
14384,0.061855175
14385,0.06700303
14386,0.12084945
14387,0.11196887
14388,0.04710221
14389,0.015409995
14390,0.10046299
14391,0.01229954
14392,0.08662049
14393,0.034042202
14394,0.112150304
14395,0.048668437
14396,0.039997876
14397,0.0065065334
14398,0.06564116
14399,0.17124552
14400,0.23864764
14401,0.37050736
14402,0.10802955
14403,0.002325321
14404,0.047130305
14405,0.05236444
14406,0.06724366
14407,0.13578124
14408,0.0040998384
14409,0.019818
14410,0.010041876
14411,0.00846346
14412,0.008776793
14413,0.015788518
14414,0.063242
14415,0.07511648
14416,0.22908455
14417,0.0046798177
14418,0.012551756
14419,0.045643922
14420,0.065340795
14421,0.08688499
14422,0.24675511
14423,0.10696674
14424,0.0
14425,0.107318595
14426,0.036710806
14427,0.10854227
14428,0.13017961
14429,0.051624548
14430,0.0061570997
14431,0.17777342
14432,0.00025050715
14433,0.028735328
14434,0.10987572
14435,0.07386847
14436,0.03590767
14437,0.020412343
14438,0.047504775
14439,0.062977105
14440,0.23845243
14441,0.049320888
14442,0.018505132
14443,0.0594749
14444,0.06498263
14445,0.20781712
14446,0.063842334
14447,0.1622034
14448,0.0724866
14449,0.023262871
14450,0.013766468
14451,0.039889045
14452,0.02955818
14453,0.018435372
14454,0.17934266
14455,0.0
14456,0.12878154
14457,0.08606341
14458,0.07235734
14459,0.02269795
14460,0.026236765
14461,0.2731149
14462,0.49080262
14463,0.12207812
14464,0.10894337
14465,0.04303817
14466,0.08249872
14467,0.0483337
14468,0.04808577
14469,0.08560791
14470,0.07678592
14471,0.14653371
14472,0.90788823
14473,0.08493068
14474,0.07291874
14475,0.07598196
14476,0.043301675
14477,0.11945619
14478,0.35008976
14479,0.07263321
14480,0.13652608
14481,0.029621778
14482,0.025029352
14483,0.05049895
14484,0.022984616
14485,0.088743314
14486,0.025069963
14487,0.040046103
14488,0.006760016
14489,0.05568737
14490,0.06458497
14491,0.035829082
14492,0.03951639
14493,0.012698143
14494,0.19817318
14495,0.06035098
14496,0.016965847
14497,0.033075683
14498,0.058867984
14499,0.08665572
14500,0.017108684
14501,0.020047996
14502,0.03012392
14503,0.58321196
14504,0.049462594
14505,0.08883793
14506,0.03452232
14507,0.013380363
14508,0.042497836
14509,0.055406246
14510,0.010709459
14511,0.020259218
14512,0.25352857
14513,0.02929202
14514,0.013532556
14515,0.05351376
14516,0.1425457
14517,0.028245013
14518,0.020485837
14519,0.08630936
14520,0.03289501
14521,0.019651474
14522,0.027152928
14523,0.1963802
14524,0.021047855
14525,0.012315105
14526,0.0040014884
14527,0.050869662
14528,0.031243693
14529,0.13574956
14530,0.061074678
14531,0.0062297983
14532,0.012051641
14533,0.063689925
14534,0.1694571
14535,0.09245211
14536,0.06562211
14537,0.046309944
14538,0.022617558
14539,0.040831365
14540,0.034698
14541,0.16137694
14542,0.10475564
14543,0.03510587
14544,0.012915793
14545,0.0148629965
14546,0.032259647
14547,0.011715018
14548,0.023720048
14549,0.01678673
14550,0.008690953
14551,0.012773634
14552,0.033693936
14553,0.06394741
14554,0.06297815
14555,0.10276116
14556,0.0069832983
14557,0.09969649
14558,0.0
14559,0.17941004
14560,0.007913746
14561,0.014417707
14562,0.024944343
14563,0.0046985806
14564,0.006901298
14565,0.028390022
14566,0.013728802
14567,0.005628747
14568,0.018899914
14569,0.0052224537
14570,0.0037092902
14571,0.0041892203
14572,0.058494054
14573,0.0
14574,0.018884907
14575,0.027918052
14576,0.03498895
14577,0.0020942923
14578,0.03351172
14579,0.08817032
14580,0.030429859
14581,0.06899046
14582,0.034097757
14583,0.02682823
14584,0.008653113
14585,0.011646666
14586,0.09184739
14587,0.014141874
14588,0.17056905
14589,0.042708024
14590,0.056603864
14591,0.056057464
14592,0.06429323
14593,0.023127293
14594,0.024344344
14595,0.06819178
14596,0.019159524
14597,0.077765696
14598,0.00017489951
14599,0.12415544
14600,0.012162271
14601,0.02140817
14602,0.012767463
14603,0.020397954
14604,0.017329821
14605,0.0
14606,0.012230279
14607,0.006119651
14608,0.038180415
14609,0.022239812
14610,0.023410257
14611,0.06103139
14612,0.06805395
14613,0.032435145
14614,0.14431787
14615,0.0
14616,0.014328118
14617,0.017367046
14618,0.02256342
14619,0.0
14620,0.03282701
14621,0.04814743
14622,0.020592783
14623,0.019467417
14624,0.036424294
14625,0.002827539
14626,0.025692247
14627,0.0037352382
14628,0.016426185
14629,0.14916202
14630,0.1358885
14631,0.06346693
14632,0.012060453
14633,0.04451998
14634,0.071184546
14635,0.057524905
14636,0.046222866
14637,0.074191526
14638,0.03594728
14639,0.042614326
14640,0.032343294
14641,0.094590805
14642,0.03582951
14643,0.025383161
14644,0.014012974
14645,0.12609766
14646,0.027525952
14647,0.07177435
14648,0.031751636
14649,0.15004928
14650,0.11610015
14651,0.00027408503
14652,0.019041115
14653,0.2656204
14654,0.14693618
14655,0.33381656
14656,0.16146182
14657,0.21853822
14658,0.13537107
14659,0.101748735
14660,0.07755731
14661,0.11823843
14662,0.14812689
14663,0.5613489
14664,0.16980205
14665,0.05557213
14666,0.16779333
14667,0.06464501
14668,0.0
14669,0.067857526
14670,0.03822887
14671,0.08486061
14672,0.050487243
14673,0.024033587
14674,0.07762734
14675,0.1409008
14676,0.20378125
14677,0.3968844
14678,0.42233524
14679,0.1296958
14680,0.16263151
14681,0.21209666
14682,0.08875732
14683,0.12076515
14684,0.08039386
14685,0.11871321
14686,0.12605757
14687,0.29398775
14688,0.18067534
14689,0.20423353
14690,0.39942425
14691,0.15602237
14692,0.06663394
14693,0.38730937
14694,0.1545365
14695,0.3529205
14696,0.107078314
14697,0.089484036
14698,0.0948296
14699,0.03880849
14700,0.10479689
14701,0.12588122
14702,0.11467414
14703,0.083751366
14704,0.24751353
14705,0.05456967
14706,0.016359562
14707,0.047751445
14708,0.09180556
14709,0.082630746
14710,0.09582294
14711,0.037264053
14712,0.044770543
14713,0.06487522
14714,0.11310441
14715,0.038257554
14716,0.20206161
14717,0.21384178
14718,0.07213045
14719,0.054858785
14720,0.04169349
14721,0.01989467
14722,0.31574538
14723,0.161505
14724,0.11112244
14725,0.29488188
14726,0.31879416
14727,0.11124287
14728,0.09961888
14729,0.047942195
14730,0.030824993
14731,0.057769675
14732,0.05110767
14733,0.035820585
14734,0.07293475
14735,0.10439805
14736,0.102212556
14737,0.2094835
14738,0.2770726
14739,0.032967463
14740,0.0641287
14741,0.017379627
14742,0.04354147
14743,0.02516775
14744,0.040584657
14745,0.18502304
14746,0.03401344
14747,0.056712206
14748,0.07618749
14749,0.05079843
14750,0.15109824
14751,0.36075053
14752,0.04939758
14753,0.08307462
14754,0.025559317
14755,0.02592468
14756,0.076110356
14757,0.06650691
14758,0.01320798
14759,0.031067448
14760,0.036073726
14761,0.10035434
14762,0.14263178
14763,0.09471902
14764,0.10265973
14765,0.084121846
14766,0.005287343
14767,0.035767507
14768,0.022571731
14769,0.022212746
14770,0.03232504
14771,0.088762365
14772,0.063541405
14773,0.11079746
14774,0.011906872
14775,0.04207965
14776,0.049837384
14777,0.023253337
14778,0.024876676
14779,0.040774573
14780,0.052146938
14781,0.012492567
14782,0.019727804
14783,0.063051835
14784,0.22801434
14785,0.24031302
14786,0.037172977
14787,0.06553579
14788,0.04750536
14789,0.0971521
14790,0.053486567
14791,0.0112814475
14792,0.047454435
14793,0.018060688
14794,0.02067917
14795,0.1528167
14796,0.02303404
14797,0.021937143
14798,0.03357416
14799,0.008845197
14800,0.06645494
14801,0.078709766
14802,0.15493353
14803,0.1054257
14804,0.122362025
14805,0.08499515
14806,0.048070144
14807,0.03358492
14808,0.07007289
14809,0.05676395
14810,0.0006225387
14811,0.011630079
14812,0.113910064
14813,0.04605097
14814,0.4196909
14815,0.10651091
14816,0.04499093
14817,0.11349226
14818,0.045292236
14819,0.03822127
14820,0.015644526
14821,0.06050477
14822,0.01836171
14823,0.01408168
14824,0.015803343
14825,0.06908914
14826,0.040507678
14827,0.07575066
14828,0.069542885
14829,0.12440537
14830,0.11772663
14831,0.23438525
14832,0.0871107
14833,0.033403154
14834,0.0838152
14835,0.028941855
14836,0.05082396
14837,0.0008588226
14838,0.01273929
14839,0.07327406
14840,0.04897785
14841,0.12591943
14842,0.04408152
14843,0.12659943
14844,0.05034156
14845,0.055857085
14846,0.021577144
14847,0.11180387
14848,0.01694239
14849,0.06371086
14850,0.033320718
14851,0.014044095
14852,0.010172299
14853,0.020707326
14854,0.034378365
14855,0.052515246
14856,0.07373852
14857,0.11812116
14858,0.1210211
14859,0.15191725
14860,0.12155497
14861,0.14334102
14862,0.019072294
14863,0.09330116
14864,0.03059816
14865,0.06253238
14866,0.04424201
14867,0.07878697
14868,0.049281113
14869,0.022960836
14870,0.07800116
14871,0.051430758
14872,0.0436816
14873,0.063529916
14874,0.026931867
14875,0.052838426
14876,0.015414151
14877,0.019386401
14878,0.055338234
14879,0.008975429
14880,0.03441497
14881,0.08879646
14882,0.05972736
14883,0.122076936
14884,0.4031437
14885,0.08531463
14886,0.103947975
14887,0.081753984
14888,0.0709333
14889,0.0780491
14890,0.08901803
14891,0.060742095
14892,0.015368878
14893,0.24961682
14894,0.07444253
14895,0.078672215
14896,0.056549545
14897,0.02246715
14898,0.0032419458
14899,0.014567316
14900,0.031305168
14901,0.20381041
14902,0.055490285
14903,0.05619297
14904,0.1098621
14905,0.5451214
14906,0.08424991
14907,0.02736285
14908,0.12505889
14909,0.066322155
14910,0.1924027
14911,0.21844257
14912,0.07784903
14913,0.047859978
14914,0.121366404
14915,0.16309527
14916,0.04665576
14917,0.15472944
14918,0.06557192
14919,0.074379615
14920,0.013052975
14921,0.014282159
14922,0.05370412
14923,0.061627213
14924,0.028739393
14925,0.120166175
14926,0.16605617
14927,0.12815285
14928,0.081861235
14929,0.06412346
14930,0.10822353
14931,0.16898309
14932,0.19460262
14933,0.072129205
14934,0.055641856
14935,0.027190572
14936,0.018872159
14937,0.060318597
14938,0.43450338
14939,0.051935904
14940,0.17110041
14941,0.25733918
14942,0.14268221
14943,0.020291647
14944,0.006898191
14945,0.009978802
14946,0.057484295
14947,0.0742333
14948,0.16687782
14949,0.17240562
14950,0.12779616
14951,0.100459866
14952,0.17386329
14953,0.17961518
14954,0.15076153
14955,0.21852851
14956,0.24546747
14957,0.11074734
14958,0.06659494
14959,0.09673064
14960,0.11354821
14961,0.23507811
14962,0.70624286
14963,0.034756828
14964,0.05441058
14965,0.23888417
14966,0.023033759
14967,0.059922148
14968,0.23308215
14969,0.026339622
14970,0.022748478
14971,0.0575411
14972,0.08604747
14973,0.029969243
14974,0.06671698
14975,0.2773491
14976,0.050605226
14977,0.10002898
14978,0.21398042
14979,0.15143383
14980,0.22094905
14981,0.24644242
14982,0.20692424
14983,0.024946056
14984,0.15706575
14985,0.10956835
14986,0.116041936
14987,0.68229705
14988,0.29843727
14989,0.33951733
14990,0.018588819
14991,0.14311458
14992,0.04784846
14993,0.023398483
14994,0.019170053
14995,0.076066226
14996,0.033166505
14997,0.034866944
14998,0.028841639
14999,0.07839176
15000,0.11808732
15001,0.1395375
15002,0.12746663
15003,0.1147654
15004,0.16266666
15005,0.12776174
15006,0.03709537
15007,0.097663775
15008,0.17655542
15009,0.032172095
15010,0.059378214
15011,0.7401721
15012,0.72267866
15013,0.47552302
15014,0.030974137
15015,0.028506834
15016,0.0923356
15017,0.29725084
15018,0.0955402
15019,0.06362358
15020,0.0
15021,0.033951234
15022,0.07759047
15023,0.096735835
15024,0.08015722
15025,0.046421062
15026,0.23980981
15027,0.058486447
15028,0.047804922
15029,0.13653573
15030,0.15010223
15031,0.094774134
15032,0.08272071
15033,0.16749568
15034,0.106080845
15035,0.037138864
15036,0.11658838
15037,0.1139828
15038,0.10921485
15039,0.75919557
15040,0.7317386
15041,0.48751026
15042,0.056765754
15043,0.063123435
15044,0.052548952
15045,0.030564034
15046,0.24797222
15047,0.100947805
15048,0.21678494
15049,0.06683852
15050,0.09905527
15051,0.042475287
15052,0.10349903
15053,0.12833983
15054,0.15836513
15055,0.19204223
15056,0.3671961
15057,0.32700586
15058,0.14909528
15059,0.16380474
15060,0.13403668
15061,0.08858289
15062,0.13948101
15063,0.07926829
15064,0.06294034
15065,0.03929523
15066,0.1329757
15067,0.1387607
15068,0.08633428
15069,0.10861998
15070,0.03628492
15071,0.74610704
15072,1.0
15073,0.7776324
15074,0.10410809
15075,0.0681004
15076,0.1347035
15077,0.24093352
15078,0.031953167
15079,0.0266878
15080,0.027761485
15081,0.049395822
15082,0.09337995
15083,0.070709266
15084,0.23452057
15085,0.6280817
15086,0.07922663
15087,0.120014735
15088,0.12144191
15089,0.16328757
15090,0.09170684
15091,0.14878106
15092,0.11434888
15093,0.042405847
15094,0.0911366
15095,0.09991073
15096,0.10444435
15097,0.059105214
15098,0.047038577
15099,0.34295276
15100,0.27348545
15101,0.21184246
15102,0.09941721
15103,0.046597656
15104,0.101117805
15105,0.076374434
15106,0.19453673
15107,0.037645202
15108,0.059888925
15109,0.044822857
15110,0.023809142
15111,0.030220106
15112,0.05065145
15113,0.05962563
15114,0.18559852
15115,0.48266083
15116,0.21153007
15117,0.19358124
15118,0.14667799
15119,0.17846783
15120,0.16435626
15121,0.39512068
15122,0.08974226
15123,0.036022134
15124,0.03425178
15125,0.13754866
15126,0.15881193
15127,0.12297469
15128,0.34241566
15129,0.22880593
15130,0.19135998
15131,0.9343747
15132,0.15438895
15133,0.018366316
15134,0.121831834
15135,0.16018623
15136,0.05627139
15137,0.29692584
15138,0.060840834
15139,0.040872708
15140,0.04079321
15141,0.06301973
15142,0.13956647
15143,0.25528544
15144,0.22226071
15145,0.30137253
15146,0.25532663
15147,0.15284078
15148,0.15725017
15149,0.23766415
15150,0.024133783
15151,0.13324511
15152,0.081548005
15153,0.061512098
15154,0.26870307
15155,0.2553298
15156,0.06326924
15157,0.3919618
15158,0.22082143
15159,0.0
15160,0.07017188
15161,0.10616178
15162,0.079395175
15163,0.031343162
15164,0.0184792
15165,0.009300571
15166,0.036386598
15167,0.06560939
15168,0.09691934
15169,0.10707633
15170,0.16048774
15171,0.24564564
15172,0.6158292
15173,0.28264585
15174,0.21774907
15175,0.39180917
15176,0.12253551
15177,0.018874088
15178,0.06409236
15179,0.072668694
15180,0.1326933
15181,0.19554785
15182,0.124738984
15183,0.030813375
15184,0.084763944
15185,0.13393979
15186,0.043154106
15187,0.08991934
15188,0.022783747
15189,0.003888346
15190,0.038105886
15191,0.024994528
15192,0.021977298
15193,0.026272072
15194,0.04944478
15195,0.08048769
15196,0.080452204
15197,0.11062032
15198,0.22173868
15199,0.17785287
15200,0.13623534
15201,0.5011568
15202,0.4456744
15203,0.2693589
15204,0.14669113
15205,0.046020214
15206,0.036979843
15207,0.06646861
15208,0.11160241
15209,0.04632959
15210,0.057770383
15211,0.6303221
15212,0.0492957
15213,0.02313846
15214,0.06566146
15215,0.061300736
15216,0.114294544
15217,0.03295463
15218,0.06285438
15219,0.030447371
15220,0.047553662
15221,0.028658392
15222,0.026006667
15223,0.042983178
15224,0.10431049
15225,0.12579338
15226,0.4043353
15227,0.23715347
15228,0.14885539
15229,0.6975344
15230,0.27041706
15231,0.3387377
15232,0.16805115
15233,0.03538019
15234,0.033845626
15235,0.04487095
15236,0.059163086
15237,0.08583
15238,0.06457378
15239,0.07013077
15240,0.30213797
15241,0.08312361
15242,0.21629652
15243,0.032916807
15244,0.09390138
15245,0.1127056
15246,0.13725375
15247,0.17485507
15248,0.049372487
15249,0.038688708
15250,0.06231007
15251,0.1646906
15252,0.6144411
15253,0.18534589
15254,0.39934513
15255,0.19825777
15256,0.2404285
15257,0.17479697
15258,0.12345035
15259,0.037003342
15260,0.015778193
15261,0.0743691
15262,0.12962851
15263,0.12616576
15264,0.06592039
15265,0.2031025
15266,0.06367125
15267,0.009291495
15268,0.21003467
15269,0.042000074
15270,0.008759634
15271,0.015004855
15272,0.10868146
15273,0.15876229
15274,0.027199274
15275,0.005067847
15276,0.13086846
15277,0.15952845
15278,0.077865064
15279,0.10707573
15280,0.026675636
15281,0.08291851
15282,0.068556026
15283,0.06582262
15284,0.11146593
15285,0.11786018
15286,0.046896417
15287,0.007026387
15288,0.09323575
15289,0.010344871
15290,0.08477565
15291,0.041384745
15292,0.12552899
15293,0.06324852
15294,0.043582458
15295,0.07297545
15296,0.17938343
15297,0.24751171
15298,0.3773918
15299,0.1092462
15300,0.027429517
15301,0.017693609
15302,0.054617368
15303,0.05164837
15304,0.038606927
15305,0.08180244
15306,0.1442429
15307,0.0043836986
15308,0.021258207
15309,0.016754668
15310,0.023386203
15311,0.010589434
15312,0.015599362
15313,0.07775543
15314,0.095666096
15315,0.25083533
15316,0.015435266
15317,0.026916627
15318,0.060149
15319,0.0806496
15320,0.10292
15321,0.2608103
15322,0.11535423
15323,0.0064244447
15324,0.014823258
15325,0.123936355
15326,0.0513687
15327,0.12606682
15328,0.15190926
15329,0.06725701
15330,0.0056432453
15331,0.006757341
15332,0.014768183
15333,0.015561475
15334,0.199867
15335,0.020870212
15336,0.030191645
15337,0.11736819
15338,0.08256217
15339,0.033606015
15340,0.021720124
15341,0.048952743
15342,0.06522875
15343,0.24143027
15344,0.050319046
15345,0.022065774
15346,0.031806
15347,0.061075687
15348,0.058380283
15349,0.21228455
15350,0.07251481
15351,0.16477874
15352,0.07379457
15353,0.017660467
15354,0.04071561
15355,0.038594715
15356,0.019316312
15357,0.18512101
15358,0.0045489613
15359,0.019642299
15360,0.13695222
15361,0.027344989
15362,0.084125035
15363,0.071620196
15364,0.018113738
15365,0.2651321
15366,0.48362342
15367,0.11562524
15368,0.10051065
15369,0.028937656
15370,0.07069203
15371,0.03604035
15372,0.03914454
15373,0.07973768
15374,0.07683714
15375,0.13870358
15376,0.8918549
15377,0.049849454
15378,0.08417232
15379,0.029839942
15380,0.064795874
15381,0.06094877
15382,0.0111888
15383,0.03469738
15384,0.11906184
15385,0.34153995
15386,0.064138696
15387,0.1328736
15388,0.024777018
15389,0.03206788
15390,0.099027835
15391,0.024359105
15392,0.0430849
15393,0.010602456
15394,0.060256045
15395,0.06717394
15396,0.032750197
15397,0.03824466
15398,0.014704001
15399,0.20136468
15400,0.06640927
15401,0.027229177
15402,0.037241887
15403,0.061766732
15404,0.08264412
15405,0.014253464
15406,0.022465339
15407,0.040751252
15408,0.5856837
15409,0.05198971
15410,0.09620711
15411,0.043675724
15412,0.023141861
15413,0.04495051
15414,0.05906018
15415,0.0033680007
15416,0.016527226
15417,0.2507404
15418,0.027230125
15419,0.026809828
15420,0.038817048
15421,0.041871652
15422,0.14197335
15423,0.03187778
15424,0.08257755
15425,0.02225282
15426,0.01016566
15427,0.031149672
15428,0.19222137
15429,0.016944401
15430,0.013053676
15431,0.0
15432,0.0058393795
15433,0.056201488
15434,0.029189581
15435,0.13463926
15436,0.06069069
15437,5.3581807e-06
15438,0.009179351
15439,0.05372568
15440,0.17056261
15441,0.09776268
15442,0.06483558
15443,0.044256046
15444,0.013653251
15445,0.033023402
15446,0.04037259
15447,0.15889594
15448,0.102330066
15449,0.0065060556
15450,0.013969832
15451,0.042127658
15452,0.008942181
15453,0.014498856
15454,0.03203569
15455,0.012294718
15456,0.02502599
15457,0.016112948
15458,0.00402073
15459,0.011591324
15460,0.0104292
15461,0.025419647
15462,0.06674291
15463,0.069978684
15464,0.10366461
15465,0.0
15466,0.10706108
15467,0.0
15468,0.17867444
15469,0.020308377
15470,0.03298904
15471,0.0075600636
15472,0.029188966
15473,0.015331404
15474,0.019249035
15475,0.0255928
15476,0.002197564
15477,0.0071008243
15478,0.066517465
15479,0.012633473
15480,0.02282298
15481,0.035276234
15482,0.007223604
15483,0.0023224796
15484,0.040323272
15485,0.083986506
15486,0.029855488
15487,0.06855628
15488,0.022709316
15489,0.03321374
15490,0.022570197
15491,0.007260561
15492,0.083362885
15493,0.02558567
15494,0.013086246
15495,0.17772335
15496,0.041706815
15497,0.055658
15498,0.059953637
15499,0.059912566
15500,0.022356093
15501,0.02371333
15502,0.0690907
15503,0.018078692
15504,0.07331089
15505,0.0
15506,0.11547412
15507,0.036258798
15508,0.020155722
15509,0.019724974
15510,0.019255288
15511,0.046753976
15512,0.0019367147
15513,0.012104397
15514,0.0069376156
15515,0.03972463
15516,0.021804295
15517,0.017306922
15518,0.056735206
15519,0.060017932
15520,0.035468936
15521,0.1519207
15522,0.01383077
15523,0.021711724
15524,0.03380591
15525,0.049929984
15526,0.023101568
15527,0.01999648
15528,0.031285543
15529,0.0053512705
15530,0.022847284
15531,0.0045554703
15532,0.025439145
15533,0.15029371
15534,0.12881704
15535,0.072034426
15536,0.017369717
15537,0.041306183
15538,0.049329467
15539,0.07564392
15540,0.03738763
15541,0.048306096
15542,0.040645953
15543,0.10123927
15544,0.047376513
15545,0.010324716
15546,0.16298838
15547,0.05695286
15548,0.09954709
15549,0.06442292
15550,0.1793257
15551,0.14386074
15552,0.05465481
15553,0.25576866
15554,0.12962075
15555,0.31484678
15556,0.14739068
15557,0.20107229
15558,0.116389446
15559,0.088592485
15560,0.14173882
15561,0.08975179
15562,0.117370546
15563,0.14552172
15564,0.036600426
15565,0.54962564
15566,0.16297731
15567,0.043836836
15568,0.1592506
15569,0.058735214
15570,0.07115891
15571,0.025244942
15572,0.091239154
15573,0.0453504
15574,0.027439764
15575,0.020585038
15576,0.16084486
15577,0.35229373
15578,0.3826431
15579,0.0555851
15580,0.12122134
15581,0.17331952
15582,0.04290629
15583,0.09427644
15584,0.04238978
15585,0.08165941
15586,0.11158291
15587,0.27641273
15588,0.16144612
15589,0.18990281
15590,0.3816988
15591,0.13678114
15592,0.05164412
15593,0.37126058
15594,0.038256757
15595,0.15033202
15596,0.33243066
15597,0.10595093
15598,0.08387786
15599,0.07779155
15600,0.08387513
15601,0.077832036
15602,0.09726215
15603,0.09095365
15604,0.029467005
15605,0.059371732
15606,0.22207491
15607,0.030639129
15608,0.02998641
15609,0.07821118
15610,0.052751172
15611,0.085305706
15612,0.015231418
15613,0.023688203
15614,0.0
15615,0.042635422
15616,0.091741405
15617,0.021257954
15618,0.054000568
15619,0.17594397
15620,0.05479224
15621,0.18922785
15622,0.046000823
15623,0.048965517
15624,0.0334297
15625,0.01934357
15626,0.015958985
15627,0.28095436
15628,0.1250598
15629,0.076180995
15630,0.2584246
15631,0.28658804
15632,0.079486094
15633,0.06694128
15634,0.043970242
15635,0.029598683
15636,0.013673158
15637,0.0019164237
15638,0.029599085
15639,0.0010355706
15640,0.06232317
15641,0.09213229
15642,0.091450535
15643,0.19720577
15644,0.26904607
15645,0.024212863
15646,0.026617564
15647,0.025390213
15648,0.055630658
15649,0.02013855
15650,0.019488415
15651,0.03585563
15652,0.18103202
15653,0.02619506
15654,0.049760617
15655,0.011091665
15656,0.06555277
15657,0.14045152
15658,0.354355
15659,0.046603784
15660,0.07649032
15661,0.020398876
15662,0.01997847
15663,0.06924328
15664,0.06672618
15665,0.017597932
15666,0.043540776
15667,0.007012399
15668,0.09725633
15669,0.14027178
15670,0.08853172
15671,0.097339146
15672,0.08994392
15673,0.027181776
15674,0.020625116
15675,0.027032234
15676,0.038972232
15677,0.08279385
15678,0.063578755
15679,0.11171162
15680,0.01718439
15681,0.039893378
15682,0.0459969
15683,0.024311392
15684,0.022539938
15685,0.036922056
15686,0.05254584
15687,0.019937748
15688,0.06468565
15689,0.22886233
15690,0.2402402
15691,0.044186514
15692,0.07671999
15693,0.04240427
15694,0.11141346
15695,0.05623252
15696,0.014977684
15697,0.051888682
15698,0.0
15699,0.033295535
15700,0.15447582
15701,0.02336617
15702,0.02903538
15703,0.0425001
15704,0.06276514
15705,0.081025824
15706,0.15812643
15707,0.112981975
15708,0.12245449
15709,0.083433434
15710,0.051406953
15711,0.03352694
15712,0.06849911
15713,0.05944161
15714,0.0069017364
15715,0.11782263
15716,0.04917778
15717,0.42189685
15718,0.115803175
15719,0.13003224
15720,0.050316926
15721,0.044196267
15722,0.022357505
15723,0.06540977
15724,0.025426025
15725,0.013682544
15726,0.022170302
15727,0.077283785
15728,0.040852252
15729,0.07132959
15730,0.07112767
15731,0.12686697
15732,0.12455158
15733,0.23374648
15734,0.08481769
15735,0.036008693
15736,0.08302594
15737,0.026636824
15738,0.052770335
15739,0.0182872
15740,0.07645535
15741,0.051373385
15742,0.1273941
15743,0.052642535
15744,0.13933118
15745,0.04678793
15746,0.07166585
15747,0.025870554
15748,0.013338219
15749,0.11395829
15750,0.010203459
15751,0.031106211
15752,0.06788455
15753,0.03652732
15754,0.007091689
15755,0.024392815
15756,0.039891552
15757,0.050178353
15758,0.06663596
15759,0.11702446
15760,0.12080128
15761,0.15606081
15762,0.11823469
15763,0.13836657
15764,0.018996324
15765,0.08983042
15766,0.025611652
15767,0.061797265
15768,0.04474184
15769,0.078500986
15770,0.04807429
15771,0.028840382
15772,0.08805131
15773,0.045195635
15774,0.045293543
15775,0.06609215
15776,0.030232104
15777,0.052311365
15778,0.033944033
15779,0.054423958
15780,0.014827252
15781,0.042094495
15782,0.0886259
15783,0.054791197
15784,0.12314657
15785,0.40509015
15786,0.09162448
15787,0.102794014
15788,0.078945845
15789,0.0730237
15790,0.0767447
15791,0.08619785
15792,0.062173385
15793,0.0049854247
15794,0.023414731
15795,0.2618332
15796,0.07037377
15797,0.09396588
15798,0.046510383
15799,0.06127814
15800,0.02410643
15801,0.016890597
15802,0.0170138
15803,0.040517762
15804,0.21485077
15805,0.058680512
15806,0.054617573
15807,0.11429251
15808,0.55042887
15809,0.09392054
15810,0.029569665
15811,0.1256116
15812,0.07177333
15813,0.19445902
15814,0.21898322
15815,0.08264104
15816,0.05388688
15817,0.069961876
15818,0.13694386
15819,0.16238718
15820,0.06531018
15821,0.16186848
15822,0.073661275
15823,0.08024639
15824,0.019922402
15825,0.0
15826,0.0048651714
15827,0.017277105
15828,0.052880887
15829,0.052953884
15830,0.015300485
15831,0.11273312
15832,0.15949996
15833,0.12596005
15834,0.07220458
15835,0.052812617
15836,0.10181123
15837,0.15917595
15838,0.18327975
15839,0.06505775
15840,0.049805276
15841,0.020568227
15842,0.05986174
15843,0.43821713
15844,0.039364338
15845,0.17789136
15846,0.2526147
15847,0.13890806
15848,0.0142949335
15849,0.07974017
15850,0.1645346
15851,0.16529682
15852,0.03470681
15853,0.12757005
15854,0.10459707
15855,0.17053674
15856,0.17463444
15857,0.15067928
15858,0.21505146
15859,0.24047469
15860,0.11000593
15861,0.06708845
15862,0.096438356
15863,0.11233511
15864,0.24095137
15865,0.71628654
15866,0.0478778
15867,0.05601621
15868,0.24144013
15869,0.060255516
15870,0.24455817
15871,0.027675651
15872,0.012106496
15873,0.053665247
15874,0.08399928
15875,0.02007101
15876,0.05205299
15877,0.01276025
15878,0.2695679
15879,0.04718744
15880,0.08914733
15881,0.20144463
15882,0.14379652
15883,0.20991693
15884,0.23389462
15885,0.1986278
15886,0.020251174
15887,0.14858034
15888,0.10250681
15889,0.108194605
15890,0.673529
15891,0.29675543
15892,0.34200612
15893,0.012639408
15894,0.13811551
15895,0.040626805
15896,0.0
15897,0.018921733
15898,0.08441171
15899,0.036602587
15900,0.03145413
15901,0.08536759
15902,0.11759934
15903,0.13739528
15904,0.1302229
15905,0.11412697
15906,0.16051248
15907,0.12985888
15908,0.040766675
15909,0.103362545
15910,0.1784636
15911,0.03550422
15912,0.061924584
15913,0.74179775
15914,0.7313904
15915,0.48840547
15916,0.036368713
15917,0.030812083
15918,0.09550757
15919,0.31156552
15920,0.09986472
15921,0.06779822
15922,0.07943675
15923,0.10040979
15924,0.07598115
15925,0.03747935
15926,0.2368739
15927,0.056427334
15928,0.050109264
15929,0.1313763
15930,0.14328855
15931,0.092858985
15932,0.077410765
15933,0.16066997
15934,0.103506535
15935,0.036138646
15936,0.117615625
15937,0.11121953
15938,0.10787545
15939,0.7561497
15940,0.73577875
15941,0.49572104
15942,0.068053834
15943,0.06289617
15944,0.053271994
15945,0.24647266
15946,0.11059091
15947,0.2164379
15948,0.06552444
15949,0.0985584
15950,0.042063624
15951,0.10985348
15952,0.13652188
15953,0.15869705
15954,0.18760861
15955,0.3687684
15956,0.32945496
15957,0.15590778
15958,0.16315337
15959,0.13173108
15960,0.09117589
15961,0.13867912
15962,0.07695073
15963,0.064874195
15964,0.04017016
15965,0.13648362
15966,0.14429606
15967,0.08807917
15968,0.11178874
15969,0.03866788
15970,0.7475693
15971,1.0
15972,0.7903515
15973,0.10054189
15974,0.08389668
15975,0.13898431
15976,0.24394207
15977,0.04610446
15978,0.02316575
15979,0.031005546
15980,0.054467585
15981,0.09060166
15982,0.063165314
15983,0.23298243
15984,0.6274203
15985,0.08292874
15986,0.11625309
15987,0.11602605
15988,0.16277018
15989,0.08779469
15990,0.14335316
15991,0.113172375
15992,0.04017044
15993,0.09153417
15994,0.10233579
15995,0.103078894
15996,0.05916359
15997,0.34130466
15998,0.2789236
15999,0.22145124
16000,0.092740715
16001,0.05928359
16002,0.10228836
16003,0.07540598
16004,0.19443496
16005,0.048686128
16006,0.06093977
16007,0.0378367
16008,0.023589086
16009,0.03182774
16010,0.044409033
16011,0.04861754
16012,0.18059626
16013,0.47853532
16014,0.21176815
16015,0.18635543
16016,0.137798
16017,0.17448631
16018,0.15697996
16019,0.38622853
16020,0.08510163
16021,0.028938385
16022,0.032955572
16023,0.0332127
16024,0.13271907
16025,0.15540618
16026,0.11878314
16027,0.33730328
16028,0.23077995
16029,0.1975047
16030,0.9242339
16031,0.16361074
16032,0.016072705
16033,0.11739925
16034,0.15662035
16035,0.05385808
16036,0.28688374
16037,0.064661875
16038,0.046521477
16039,0.038591895
16040,0.05605271
16041,0.13860537
16042,0.25520122
16043,0.22653992
16044,0.29818782
16045,0.25048772
16046,0.15290044
16047,0.15391508
16048,0.2328133
16049,0.13624714
16050,0.08075954
16051,0.06214752
16052,0.26855278
16053,0.25425857
16054,0.069284335
16055,0.07157101
16056,0.38586226
16057,0.23408441
16058,0.07360772
16059,0.10577032
16060,0.079870425
16061,0.042961087
16062,0.013596838
16063,0.0038927898
16064,0.017902637
16065,0.0395726
16066,0.06094532
16067,0.08748963
16068,0.103652455
16069,0.15794076
16070,0.24746211
16071,0.6101817
16072,0.2753442
16073,0.21534593
16074,0.38601136
16075,0.11522191
16076,0.017385887
16077,0.06463164
16078,0.06941746
16079,0.13086587
16080,0.19293469
16081,0.121205
16082,0.03436576
16083,0.07620167
16084,0.14474
16085,0.01832154
16086,0.04412719
16087,0.087065116
16088,0.013043534
16089,0.03727096
16090,0.023192493
16091,0.03091687
16092,0.055917285
16093,0.07911015
16094,0.07430899
16095,0.110482946
16096,0.22247812
16097,0.18295576
16098,0.13387442
16099,0.49714136
16100,0.4465578
16101,0.26684752
16102,0.14266388
16103,0.049845997
16104,0.037015118
16105,0.06792775
16106,0.11227576
16107,0.6444087
16108,0.051866967
16109,0.026660008
16110,0.06992104
16111,0.061733015
16112,0.11559353
16113,0.045396276
16114,0.06530595
16115,0.031931836
16116,0.04985532
16117,0.032420054
16118,0.031596012
16119,0.04072245
16120,0.09728412
16121,0.124772996
16122,0.4041916
16123,0.24137318
16124,0.14561123
16125,0.6926361
16126,0.27041733
16127,0.33534318
16128,0.16314077
16129,0.038322803
16130,0.032997753
16131,0.04544697
16132,0.058953367
16133,0.08469937
16134,0.0833343
16135,0.30382606
16136,0.08576202
16137,0.2196729
16138,0.032465927
16139,0.09431721
16140,0.12426412
16141,0.1388221
16142,0.17545633
16143,0.050791007
16144,0.0401465
16145,0.051152106
16146,0.15953846
16147,0.6101659
16148,0.18543409
16149,0.3919694
16150,0.18922788
16151,0.23629713
16152,0.16727081
16153,0.11440844
16154,0.032023888
16155,0.0024779786
16156,0.011436824
16157,0.07261971
16158,0.08036386
16159,0.039210826
16160,0.1387005
16161,0.12372223
16162,0.06442721
16163,0.20234734
16164,0.059955552
16165,0.01671837
16166,0.20747148
16167,0.038469784
16168,0.0067765387
16169,0.008256145
16170,0.107938595
16171,0.15889621
16172,0.031696618
16173,0.0021013794
16174,0.12624778
16175,0.15980624
16176,0.07474816
16177,0.10244305
16178,0.0261054
16179,0.08377215
16180,0.06862391
16181,0.06496965
16182,0.11769927
16183,0.11197892
16184,0.060377542
16185,0.016088003
16186,0.0099424515
16187,0.09688984
16188,0.010171633
16189,0.0061198743
16190,0.08662171
16191,0.027786417
16192,0.03130637
16193,0.12145651
16194,0.060052723
16195,0.044750106
16196,0.007404422
16197,0.06502512
16198,0.17633149
16199,0.24106503
16200,0.36942932
16201,0.10553525
16202,0.05043468
16203,0.054552
16204,0.04568119
16205,0.0725915
16206,0.15439431
16207,0.0039700624
16208,0.021582562
16209,0.013251735
16210,0.020750005
16211,0.019095847
16212,0.014115742
16213,0.02500236
16214,0.065327756
16215,0.08924426
16216,0.24529035
16217,0.014253665
16218,0.018271191
16219,0.04984936
16220,0.07524852
16221,0.09412416
16222,0.25049883
16223,0.109294
16224,0.0039657485
16225,0.11911103
16226,0.044836756
16227,0.02092833
16228,0.13079174
16229,0.14034897
16230,0.07505921
16231,0.0039944486
16232,0.012743276
16233,0.1948815
16234,0.012619622
16235,0.019636676
16236,0.112819105
16237,0.07888993
16238,0.034297124
16239,0.014947391
16240,0.04052585
16241,0.061700404
16242,0.23450705
16243,0.04188013
16244,0.01911314
16245,0.028067576
16246,0.056416504
16247,0.060807433
16248,0.21888235
16249,0.062827334
16250,0.17445368
16251,0.071954146
16252,0.016770255
16253,0.009168241
16254,0.036736112
16255,0.03548198
16256,0.027346212
16257,0.18219368
16258,0.1273632
16259,0.01421194
16260,0.07699781
16261,0.065369815
16262,0.008762901
16263,0.25412703
16264,0.4775169
16265,0.10612395
16266,0.08949362
16267,0.022171987
16268,0.06550048
16269,0.032876246
16270,0.07420697
16271,0.07052064
16272,0.13146621
16273,0.89170384
16274,0.05386909
16275,0.07190671
16276,0.036936708
16277,0.06037736
16278,0.057480436
16279,0.028139757
16280,0.11337099
16281,0.3469917
16282,0.05960035
16283,0.12736815
16284,0.020088809
16285,0.03707174
16286,0.09272018
16287,0.022414861
16288,0.0320226
16289,0.0044387113
16290,0.050697524
16291,0.056099623
16292,0.025927298
16293,0.0072680917
16294,0.035023328
16295,0.0076921564
16296,0.012261627
16297,0.19407009
16298,0.05201683
16299,0.07037165
16300,0.014906285
16301,0.0442814
16302,0.057290938
16303,0.079118565
16304,0.035003144
16305,0.59107804
16306,0.047394153
16307,0.09064445
16308,0.010917565
16309,0.03718445
16310,0.052170955
16311,0.00084214576
16312,0.24399552
16313,0.017089982
16314,0.0013889474
16315,0.030940834
16316,0.041081764
16317,0.14535418
16318,0.018973246
16319,0.07752012
16320,0.018145662
16321,0.024819944
16322,0.19703434
16323,0.011767261
16324,0.006909411
16325,0.0
16326,0.0
16327,0.010291037
16328,0.053682804
16329,0.0
16330,0.023570465
16331,0.1322645
16332,0.054921094
16333,0.0005729741
16334,0.0059564635
16335,0.057306346
16336,0.17831405
16337,0.08922877
16338,0.07566409
16339,0.043569144
16340,0.013916663
16341,0.0340248
16342,0.03841342
16343,0.16807939
16344,0.101523474
16345,0.0047323406
16346,0.013693601
16347,0.013906186
16348,0.011999024
16349,0.027881658
16350,0.0130392425
16351,0.022375716
16352,0.011946909
16353,0.0077076294
16354,0.011487717
16355,0.011749458
16356,0.032119643
16357,0.07761355
16358,0.06456407
16359,0.117612414
16360,0.0
16361,0.10822122
16362,0.010607348
16363,0.18098709
16364,0.013365738
16365,0.010696907
16366,0.004287628
16367,0.031981345
16368,0.005103559
16369,0.0034519297
16370,0.02342663
16371,0.014467597
16372,0.006812783
16373,0.00787297
16374,0.059494596
16375,0.01440786
16376,0.025335362
16377,0.03598062
16378,0.006960871
16379,0.002876967
16380,0.019052623
16381,0.03589856
16382,0.08392516
16383,0.02233034
16384,0.05937694
16385,0.02402235
16386,0.019204307
16387,0.08503753
16388,0.0083543295
16389,0.17385815
16390,0.048984267
16391,0.052945383
16392,0.056273907
16393,0.0050478964
16394,0.067223094
16395,0.02220279
16396,0.021905832
16397,0.06878694
16398,0.016259149
16399,0.07731681
16400,0.0012668308
16401,0.12452061
16402,0.049475964
16403,0.022795646
16404,0.023231635
16405,0.023914512
16406,0.04477782
16407,0.004323924
16408,0.007027765
16409,0.005105341
16410,0.034497563
16411,0.01506145
16412,0.05784533
16413,0.064141095
16414,0.021562
16415,0.15050401
16416,0.013566663
16417,0.020480506
16418,0.025151305
16419,0.04261887
16420,0.06364151
16421,0.033418268
16422,0.028797405
16423,0.04433788
16424,0.017344719
16425,0.03747372
16426,0.017057525
16427,0.1628743
16428,0.14848408
16429,0.08616154
16430,0.031682305
16431,0.03769609
16432,0.046609327
16433,0.0403929
16434,0.06581145
16435,0.019619979
16436,0.02190448
16437,0.024976099
16438,0.08467354
16439,0.026617732
16440,0.007518626
16441,0.13778126
16442,0.03581716
16443,0.07751551
16444,0.038198218
16445,0.15731439
16446,0.11389408
16447,0.005769464
16448,0.031788222
16449,0.2411466
16450,0.119070046
16451,0.30340022
16452,0.13175099
16453,0.18964599
16454,0.09700764
16455,0.076772444
16456,0.1294573
16457,0.07285767
16458,0.09907307
16459,0.06074172
16460,0.14731401
16461,0.042464126
16462,0.5545933
16463,0.16375203
16464,0.16305293
16465,0.0893561
16466,0.052334767
16467,0.019460382
16468,0.03848245
16469,0.10362087
16470,0.16310889
16471,0.35366184
16472,0.3798181
16473,0.02521759
16474,0.121423975
16475,0.17431416
16476,0.056906935
16477,0.08879363
16478,0.045774404
16479,0.087870285
16480,0.030937135
16481,0.116467625
16482,0.2828705
16483,0.16700804
16484,0.1912716
16485,0.38728085
16486,0.13440777
16487,0.05272083
16488,0.3756569
16489,0.1504463
16490,0.350625
16491,0.104661904
16492,0.09145627
16493,0.088196225
16494,0.08334449
16495,0.09466354
16496,0.113197766
16497,0.10269618
16498,0.045422867
16499,0.032397825
16500,0.07082221
16501,0.23684502
16502,0.04267111
16503,0.040096525
16504,0.08869927
16505,0.08131929
16506,0.09439045
16507,0.03318356
16508,0.09749279
16509,0.06132489
16510,0.18237247
16511,0.1956766
16512,0.050908826
16513,0.035954524
16514,0.028115796
16515,0.016561946
16516,0.29760456
16517,0.14081416
16518,0.09195565
16519,0.26624367
16520,0.29785725
16521,0.091336824
16522,0.08503946
16523,0.054277
16524,0.038502183
16525,0.031444043
16526,0.039260965
16527,0.036191184
16528,0.0031408514
16529,0.03018018
16530,0.0729239
16531,0.10183714
16532,0.1989754
16533,0.27426574
16534,0.03381448
16535,0.031191442
16536,0.0676793
16537,0.024395846
16538,0.05040326
16539,0.18464443
16540,0.037226964
16541,0.057250235
16542,0.013759228
16543,0.067324445
16544,0.02799232
16545,0.13428798
16546,0.35164148
16547,0.076200485
16548,0.01784654
16549,0.07335879
16550,0.0626724
16551,0.033576384
16552,0.03846158
16553,0.10387083
16554,0.13595101
16555,0.09163043
16556,0.09689562
16557,0.0898663
16558,0.025395103
16559,0.019923594
16560,0.020993758
16561,0.025979122
16562,0.073036894
16563,0.050486974
16564,0.10627486
16565,0.009249199
16566,0.036029574
16567,0.041237213
16568,0.015358638
16569,0.017800532
16570,0.024227155
16571,0.04330103
16572,0.010898375
16573,0.013116574
16574,0.057418127
16575,0.22019911
16576,0.23782438
16577,0.033601366
16578,0.06651277
16579,0.050277192
16580,0.09980289
16581,0.0534894
16582,0.015060812
16583,0.04103651
16584,0.026686575
16585,0.14681825
16586,0.027078645
16587,0.027410906
16588,0.03392101
16589,0.05742217
16590,0.07234802
16591,0.15710367
16592,0.10946078
16593,0.1230047
16594,0.08308775
16595,0.046868205
16596,0.033201553
16597,0.060218204
16598,0.054610807
16599,0.11496902
16600,0.044928506
16601,0.42389497
16602,0.10963205
16603,0.05266064
16604,0.1228358
16605,0.05198782
16606,0.048693396
16607,0.015919344
16608,0.006660457
16609,0.018138533
16610,0.070415355
16611,0.021938398
16612,0.020617537
16613,0.02376834
16614,0.07192719
16615,0.041170347
16616,0.069209166
16617,0.06567236
16618,0.12906677
16619,0.124252915
16620,0.23751926
16621,0.08769452
16622,0.034692466
16623,0.08592305
16624,0.02157846
16625,0.051162057
16626,0.020329094
16627,0.013351838
16628,0.07682424
16629,0.05034662
16630,0.13261479
16631,0.049693905
16632,0.13676044
16633,0.062297273
16634,0.06769181
16635,0.030763976
16636,0.11816213
16637,0.010865081
16638,0.032133795
16639,0.076112635
16640,0.036506254
16641,0.013118612
16642,0.028118696
16643,0.036662806
16644,0.05262428
16645,0.06664337
16646,0.11369702
16647,0.12512892
16648,0.15788999
16649,0.12413526
16650,0.1433713
16651,0.019807933
16652,0.09485539
16653,0.062316813
16654,0.009821643
16655,0.04723859
16656,0.079602055
16657,0.055422768
16658,0.028019594
16659,0.08760847
16660,0.062832884
16661,0.052314773
16662,0.07593964
16663,0.02914429
16664,0.058643073
16665,0.030051919
16666,0.044300016
16667,0.066682175
16668,0.021748465
16669,0.04206108
16670,0.09426714
16671,0.05799395
16672,0.12301445
16673,0.41261294
16674,0.096648976
16675,0.11188991
16676,0.08714586
16677,0.07703063
16678,0.084965
16679,0.08646267
16680,0.06588827
16681,0.025789298
16682,0.26458555
16683,0.09120637
16684,0.095315024
16685,0.056726966
16686,0.07432091
16687,0.026159182
16688,0.033633456
16689,0.023241367
16690,0.023503758
16691,0.0416708
16692,0.2090492
16693,0.058553576
16694,0.05205215
16695,0.108392164
16696,0.5521833
16697,0.09317681
16698,0.032897335
16699,0.12804346
16700,0.07001203
16701,0.19691117
16702,0.2134798
16703,0.080587715
16704,0.018971484
16705,0.05381077
16706,0.06656822
16707,0.1339281
16708,0.17745163
16709,0.06089111
16710,0.1663169
16711,0.08093588
16712,0.08046298
16713,0.0
16714,0.011963469
16715,0.019038443
16716,0.047687605
16717,0.05343526
16718,0.01334336
16719,0.1074411
16720,0.16186304
16721,0.12582466
16722,0.076140575
16723,0.05585274
16724,0.10065826
16725,0.16223638
16726,0.17838463
16727,0.063612744
16728,0.050337475
16729,0.019704735
16730,0.05707642
16731,0.43580964
16732,0.055037107
16733,0.17408058
16734,0.25767127
16735,0.14679098
16736,0.0151198525
16737,0.013234984
16738,0.0
16739,0.05616168
16740,0.06778372
16741,0.1582528
16742,0.15657648
16743,0.022651698
16744,0.123169936
16745,0.097698525
16746,0.1677096
16747,0.17091145
16748,0.14276315
16749,0.21134873
16750,0.22881642
16751,0.10179779
16752,0.06085753
16753,0.08881172
16754,0.1109559
16755,0.23140287
16756,0.70711565
16757,0.03730394
16758,0.05430975
16759,0.24255988
16760,0.054317296
16761,0.2389859
16762,0.06757811
16763,0.09095743
16764,0.03270381
16765,0.06224737
16766,0.01961976
16767,0.28408238
16768,0.059203543
16769,0.10523478
16770,0.2166363
16771,0.15479504
16772,0.22512887
16773,0.24115098
16774,0.20933428
16775,0.034607776
16776,0.16171049
16777,0.11519045
16778,0.11948256
16779,0.6910643
16780,0.30612162
16781,0.3517502
16782,0.029847572
16783,0.15814997
16784,0.053603195
16785,0.03803676
16786,0.040038187
16787,0.09323657
16788,0.040957395
16789,0.045328792
16790,0.04783539
16791,0.09925037
16792,0.1355534
16793,0.15445368
16794,0.14308812
16795,0.13120547
16796,0.16963556
16797,0.14243205
16798,0.1195859
16799,0.19346043
16800,0.050054606
16801,0.07507928
16802,0.76119995
16803,0.74262327
16804,0.5000163
16805,0.058269814
16806,0.049197458
16807,0.11035066
16808,0.32677445
16809,0.12227427
16810,0.05035591
16811,0.07551088
16812,0.04882479
16813,0.09389321
16814,0.10791157
16815,0.08915755
16816,0.04821734
16817,0.24427699
16818,0.07148553
16819,0.06266903
16820,0.14800747
16821,0.15902382
16822,0.10440109
16823,0.09316625
16824,0.16846995
16825,0.114756614
16826,0.05150042
16827,0.13251582
16828,0.12489314
16829,0.12110271
16830,0.7742289
16831,0.7456886
16832,0.5060091
16833,0.07693816
16834,0.08064794
16835,0.073849976
16836,0.25999245
16837,0.12447685
16838,0.23752446
16839,0.078361675
16840,0.10494797
16841,0.051474262
16842,0.11392718
16843,0.13364094
16844,0.16149081
16845,0.18796384
16846,0.36578888
16847,0.3341304
16848,0.15808477
16849,0.16940178
16850,0.13708363
16851,0.09233527
16852,0.14405198
16853,0.074367985
16854,0.06574153
16855,0.044357255
16856,0.14146265
16857,0.14881356
16858,0.091370106
16859,0.11463326
16860,0.040116783
16861,0.75526565
16862,1.0
16863,0.79025614
16864,0.11852688
16865,0.082398266
16866,0.1463534
16867,0.24707939
16868,0.049607653
16869,0.03049809
16870,0.033000942
16871,0.049508367
16872,0.09131705
16873,0.06144226
16874,0.22792448
16875,0.6300173
16876,0.08302738
16877,0.120423056
16878,0.119300134
16879,0.16185123
16880,0.091089144
16881,0.13869207
16882,0.11196142
16883,0.042279217
16884,0.09443489
16885,0.10477497
16886,0.104291536
16887,0.059929863
16888,0.04568181
16889,0.34692273
16890,0.27637246
16891,0.2192778
16892,0.108647466
16893,0.0557069
16894,0.10757908
16895,0.080007166
16896,0.1954939
16897,0.050111067
16898,0.06956525
16899,0.03921599
16900,0.019631416
16901,0.020915449
16902,0.039171398
16903,0.04094142
16904,0.16958526
16905,0.4751795
16906,0.20591374
16907,0.18457246
16908,0.13511914
16909,0.16761433
16910,0.15432137
16911,0.37561458
16912,0.07793762
16913,0.029903278
16914,0.02969886
16915,0.1279787
16916,0.15021935
16917,0.112200655
16918,0.3369684
16919,0.22227558
16920,0.18937819
16921,0.9341875
16922,0.15408094
16923,0.015410384
16924,0.11604739
16925,0.15172625
16926,0.031427465
16927,0.056530487
16928,0.2736208
16929,0.06219778
16930,0.03710271
16931,0.034847792
16932,0.049870126
16933,0.1290879
16934,0.2533388
16935,0.22217904
16936,0.29789847
16937,0.2493024
16938,0.14752199
16939,0.15274999
16940,0.22369267
16941,0.021439683
16942,0.13422684
16943,0.077512644
16944,0.058454193
16945,0.2634638
16946,0.25541705
16947,0.06227351
16948,0.064938106
16949,0.3973096
16950,0.22604811
16951,0.066329844
16952,0.10591196
16953,0.07646984
16954,0.039926466
16955,0.009513549
16956,0.028590452
16957,0.055637754
16958,0.07974362
16959,0.09257158
16960,0.15451498
16961,0.24153784
16962,0.60832876
16963,0.27259552
16964,0.20840406
16965,0.38328296
16966,0.10453791
16967,0.061047878
16968,0.064607196
16969,0.12560926
16970,0.18628237
16971,0.12080007
16972,0.025791503
16973,0.086085506
16974,0.13514034
16975,0.017589353
16976,0.035285953
16977,0.08564339
16978,0.01583231
16979,0.039873533
16980,0.01754584
16981,0.030601181
16982,0.04864699
16983,0.07751449
16984,0.07027487
16985,0.10311395
16986,0.22276425
16987,0.18074343
16988,0.1357335
16989,0.49810442
16990,0.44332784
16991,0.267831
16992,0.13569185
16993,0.049974162
16994,0.035916742
16995,0.066382945
16996,0.10933527
16997,0.04938902
16998,0.026184572
16999,0.06609028
17000,0.6385208
17001,0.05484666
17002,0.032465998
17003,0.06479168
17004,0.06402312
17005,0.11434146
17006,0.044510137
17007,0.07162033
17008,0.029997032
17009,0.041472793
17010,0.028525943
17011,0.020747328
17012,0.035548404
17013,0.08967159
17014,0.113825604
17015,0.4008992
17016,0.23558246
17017,0.14389195
17018,0.6900206
17019,0.26360893
17020,0.33274817
17021,0.1525903
17022,0.03487255
17023,0.028320927
17024,0.040323727
17025,0.052434485
17026,0.08442794
17027,0.06843219
17028,0.073868155
17029,0.3032274
17030,0.08798957
17031,0.21096523
17032,0.031177647
17033,0.08948674
17034,0.11979956
17035,0.14155817
17036,0.16994317
17037,0.03883007
17038,0.03607554
17039,0.016116943
17040,0.05031733
17041,0.15536883
17042,0.6136514
17043,0.18642104
17044,0.39702782
17045,0.19339043
17046,0.23626651
17047,0.17145358
17048,0.11063572
17049,0.03412486
17050,0.0041325064
17051,0.011695681
17052,0.05600591
17053,0.13601215
17054,0.12990142
17055,0.07343252
17056,0.20041735
17057,0.06190283
17058,0.019031577
17059,0.21698529
17060,0.03973434
17061,0.005301742
17062,0.10069044
17063,0.15930316
17064,0.02960507
17065,0.004081244
17066,0.12733187
17067,0.15669715
17068,0.07585242
17069,0.09559182
17070,0.025127877
17071,0.08234819
17072,0.06580426
17073,0.068397455
17074,0.1129578
17075,0.1256954
17076,0.054610644
17077,0.015869215
17078,0.09188131
17079,0.012582647
17080,0.09305694
17081,0.027051762
17082,0.113867044
17083,0.060118314
17084,0.042317256
17085,0.009042985
17086,0.06576777
17087,0.17288113
17088,0.24182805
17089,0.3622368
17090,0.101792775
17091,0.05352117
17092,0.04946921
17093,0.040976305
17094,0.08596674
17095,0.14828616
17096,0.009555526
17097,0.016232759
17098,0.01532144
17099,0.01927746
17100,0.020209694
17101,0.02284711
17102,0.061552096
17103,0.08213371
17104,0.24583487
17105,0.012299716
17106,0.020388648
17107,0.051070936
17108,0.07227702
17109,0.09536603
17110,0.24378501
17111,0.106030464
17112,0.0043523833
17113,0.11782468
17114,0.04840215
17115,0.12656586
17116,0.15420315
17117,0.06942992
17118,0.007872383
17119,0.19388786
17120,0.0023520198
17121,0.010282867
17122,0.016550496
17123,0.106398016
17124,0.0801239
17125,0.033032674
17126,0.01775436
17127,0.042436924
17128,0.059418336
17129,0.23643847
17130,0.03585597
17131,0.018516298
17132,0.026075039
17133,0.060671363
17134,0.056893
17135,0.21534587
17136,0.077370964
17137,0.16951388
17138,0.07588176
17139,0.023524141
17140,0.0049868305
17141,0.039974224
17142,0.03517784
17143,0.027408008
17144,0.18120687
17145,0.11869022
17146,0.0038869479
17147,0.06333793
17148,0.05936496
17149,0.004331058
17150,0.24879934
17151,0.46799597
17152,0.10081648
17153,0.07623067
17154,0.012359148
17155,0.059799343
17156,0.026713546
17157,0.066371284
17158,0.061289296
17159,0.12848233
17160,0.88055074
17161,0.043093752
17162,0.07921155
17163,0.05706614
17164,0.056995496
17165,0.0
17166,0.024139093
17167,0.10582807
17168,0.3398147
17169,0.059623882
17170,0.11914256
17171,0.0054154363
17172,0.021159872
17173,0.018921101
17174,0.094412886
17175,0.021609118
17176,0.034392398
17177,0.0026154285
17178,0.053087592
17179,0.050534185
17180,0.02381196
17181,0.036558162
17182,0.008000469
17183,0.012123494
17184,0.19878376
17185,0.04856114
17186,0.06729388
17187,0.029908665
17188,0.039800335
17189,0.061677296
17190,0.08633116
17191,0.0077432296
17192,0.03515772
17193,0.5915984
17194,0.05511525
17195,0.09011627
17196,0.033473942
17197,0.0027032513
17198,0.042711098
17199,0.0653527
17200,0.011525405
17201,0.0212922
17202,0.25366095
17203,0.030969057
17204,0.021077476
17205,0.0
17206,0.0008147999
17207,0.013186197
17208,0.047143392
17209,0.049115047
17210,0.15376532
17211,0.045464627
17212,0.03148733
17213,0.09339547
17214,0.03684727
17215,0.014562796
17216,0.036463507
17217,0.20904383
17218,0.03097734
17219,0.0
17220,0.0
17221,0.054760724
17222,0.0
17223,0.026221348
17224,0.12982632
17225,0.056696422
17226,0.0014930017
17227,0.005649945
17228,0.053235896
17229,0.17462137
17230,0.103616364
17231,0.07056822
17232,0.047340736
17233,0.020514429
17234,0.029687325
17235,0.00879217
17236,0.03795322
17237,0.1679851
17238,0.10862974
17239,0.0035893945
17240,0.009789047
17241,0.046478793
17242,0.015158233
17243,0.017322466
17244,0.032309256
17245,0.013273725
17246,0.026823558
17247,0.011300247
17248,0.013853786
17249,0.013669099
17250,0.030721745
17251,0.076593585
17252,0.081624225
17253,0.1151891
17254,0.004620137
17255,0.11043357
17256,0.01318566
17257,0.19076598
17258,0.0148953805
17259,0.03175432
17260,0.0023780884
17261,0.004797864
17262,0.02387667
17263,0.01072457
17264,0.005989491
17265,0.02229556
17266,0.0023253176
17267,0.002497538
17268,0.07257715
17269,0.019700708
17270,0.019692916
17271,0.04178198
17272,0.004512995
17273,0.018384976
17274,0.04288597
17275,0.08841414
17276,0.030890705
17277,0.06704144
17278,0.022718476
17279,0.023751613
17280,0.026495373
17281,0.086876586
17282,0.036440633
17283,0.017345859
17284,0.17930736
17285,0.054799497
17286,0.06596111
17287,0.06104049
17288,0.0033667285
17289,0.070781715
17290,0.029832792
17291,0.02863995
17292,0.0059151044
17293,0.07554137
17294,0.08367752
17295,0.007166016
17296,0.12542926
17297,0.050762583
17298,0.012746139
17299,0.02775055
17300,0.035999984
17301,0.028557502
17302,0.0060253018
17303,0.012800565
17304,0.005789172
17305,0.03939475
17306,0.012003135
17307,0.061887275
17308,0.06319256
17309,0.006971853
17310,0.1531657
17311,0.023794862
17312,0.022459488
17313,0.008009555
17314,0.0017858791
17315,0.035564713
17316,0.052394252
17317,0.026384402
17318,0.013808043
17319,0.032798596
17320,0.009125145
17321,0.030046139
17322,0.015637813
17323,0.027982859
17324,0.15816401
17325,0.13560441
17326,0.07689215
17327,0.021730196
17328,0.028438527
17329,0.01855342
17330,0.044298
17331,0.03493947
17332,0.021206321
17333,0.023587087
17334,0.08490444
17335,0.026153399
17336,0.0
17337,0.14947899
17338,0.08806604
17339,0.048053514
17340,0.16149484
17341,0.12792346
17342,0.016324313
17343,0.04296914
17344,0.0026679856
17345,0.21191645
17346,0.08707283
17347,0.27302292
17348,0.10067833
17349,0.15289855
17350,0.07010928
17351,0.050421264
17352,0.04021374
17353,0.03407709
17354,0.031107046
17355,0.15319674
17356,0.045579772
17357,0.5593288
17358,0.16779242
17359,0.049084004
17360,0.17832604
17361,0.073148124
17362,0.098095775
17363,0.060783036
17364,0.04280613
17365,0.027893525
17366,0.10569577
17367,0.16241671
17368,0.35458952
17369,0.38005057
17370,0.13288932
17371,0.17926796
17372,0.09372547
17373,0.050414853
17374,0.0896182
17375,0.0355625
17376,0.10354749
17377,0.04845661
17378,0.2608892
17379,0.1466468
17380,0.17021514
17381,0.36054963
17382,0.11752543
17383,0.03236391
17384,0.36583337
17385,0.12781848
17386,0.3300396
17387,0.08830472
17388,0.07480769
17389,0.0686551
17390,0.06668082
17391,0.031264972
17392,0.09109386
17393,0.11124801
17394,0.10005116
17395,0.037103
17396,0.03392707
17397,0.06887677
17398,0.24543287
17399,0.042370524
17400,0.049860936
17401,0.08448289
17402,0.07914526
17403,0.09644483
17404,0.034946535
17405,0.04333702
17406,0.03679687
17407,0.0997199
17408,0.020444097
17409,0.054490995
17410,0.17715855
17411,0.18409254
17412,0.045699168
17413,0.03238969
17414,0.032473296
17415,0.02306215
17416,0.0005441273
17417,0.30203292
17418,0.14686258
17419,0.091633864
17420,0.27577093
17421,0.30390996
17422,0.040415812
17423,0.099034354
17424,0.10065931
17425,0.05805874
17426,0.048554663
17427,0.041205175
17428,0.029382098
17429,0.049006954
17430,0.017489078
17431,0.036676522
17432,0.066421635
17433,0.0969548
17434,0.08992319
17435,0.19757208
17436,0.26938775
17437,0.026803967
17438,0.027958293
17439,0.07236845
17440,0.017246911
17441,0.051353242
17442,0.03004021
17443,0.046341117
17444,0.18345973
17445,0.06066777
17446,0.013394976
17447,0.068580076
17448,0.043201257
17449,0.13902262
17450,0.3529015
17451,0.0494265
17452,0.07672239
17453,0.020751344
17454,0.08418593
17455,0.07564225
17456,0.034607686
17457,0.04372133
17458,0.015768988
17459,0.10594666
17460,0.14090423
17461,0.09567837
17462,0.10645112
17463,0.09166488
17464,0.0
17465,0.02823476
17466,0.019434595
17467,0.028633758
17468,0.07836487
17469,0.05384536
17470,0.115795225
17471,0.0124756815
17472,0.036488965
17473,0.043316524
17474,0.01674269
17475,0.013509735
17476,0.029785415
17477,0.04538464
17478,0.013608028
17479,0.014462124
17480,0.057369187
17481,0.22392757
17482,0.2494751
17483,0.047394797
17484,0.066325426
17485,0.052132156
17486,0.10588629
17487,0.0592814
17488,0.017960282
17489,0.046813414
17490,0.0023804253
17491,0.029308748
17492,0.15252934
17493,0.02384741
17494,0.03230869
17495,0.035298146
17496,0.060007904
17497,0.07296419
17498,0.16388187
17499,0.10994501
17500,0.12072183
17501,0.082424805
17502,0.045510042
17503,0.026168507
17504,0.06303423
17505,0.05395219
17506,0.010314918
17507,0.11217788
17508,0.0459147
17509,0.43280354
17510,0.12068333
17511,0.049731057
17512,0.12617695
17513,0.055037584
17514,0.048850622
17515,0.023713976
17516,0.0734329
17517,0.017459396
17518,0.028739218
17519,0.073377386
17520,0.039291255
17521,0.071868
17522,0.066361606
17523,0.13591804
17524,0.12481022
17525,0.23530951
17526,0.08710465
17527,0.033407368
17528,0.07896305
17529,0.024467587
17530,0.050576508
17531,0.07410617
17532,0.05140591
17533,0.14159639
17534,0.06081818
17535,0.133904
17536,0.06148314
17537,0.07110607
17538,0.03388684
17539,0.017381057
17540,0.12036459
17541,0.018575067
17542,0.032086812
17543,0.07920326
17544,0.03954821
17545,0.01142559
17546,0.031518787
17547,0.036542255
17548,0.049174413
17549,0.06773143
17550,0.11281547
17551,0.13040946
17552,0.15687653
17553,0.120354705
17554,0.14121066
17555,0.016952068
17556,0.086324595
17557,0.06016051
17558,0.04294972
17559,0.07909057
17560,0.062833585
17561,0.06044797
17562,0.0391331
17563,0.053866852
17564,0.07459919
17565,0.030681271
17566,0.059274722
17567,0.014661945
17568,0.028434148
17569,0.045819856
17570,0.063235626
17571,0.026430968
17572,0.043222945
17573,0.09209965
17574,0.0603644
17575,0.12341532
17576,0.41917577
17577,0.096917905
17578,0.10939175
17579,0.08626761
17580,0.07545712
17581,0.07771662
17582,0.089063406
17583,0.06501435
17584,0.012102605
17585,0.03662524
17586,0.26144078
17587,0.09010384
17588,0.09844091
17589,0.05956145
17590,0.074262865
17591,0.03554752
17592,0.022906035
17593,0.031010829
17594,0.05730683
17595,0.22116454
17596,0.06733963
17597,0.065376155
17598,0.1197466
17599,0.56969994
17600,0.10439931
17601,0.04135277
17602,0.13811874
17603,0.0793921
17604,0.2006164
17605,0.2270341
17606,0.09066736
17607,0.02831309
17608,0.061757855
17609,0.14173687
17610,0.18730263
17611,0.07497055
17612,0.18010487
17613,0.0918314
17614,0.098838165
17615,0.021507759
17616,0.004983145
17617,0.02018714
17618,0.04531569
17619,0.047733985
17620,0.012180037
17621,0.10430819
17622,0.16489215
17623,0.12255981
17624,0.07010863
17625,0.051440727
17626,0.09555097
17627,0.15145425
17628,0.17745158
17629,0.059205037
17630,0.043797232
17631,0.016941885
17632,0.021872358
17633,0.06437859
17634,0.42913103
17635,0.1736727
17636,0.256972
17637,0.1431991
17638,0.019007707
17639,0.0
17640,0.009770854
17641,0.054729547
17642,0.06283095
17643,0.14997075
17644,0.15283231
17645,0.123618245
17646,0.09185282
17647,0.15909684
17648,0.1639186
17649,0.1350751
17650,0.19798578
17651,0.22530253
17652,0.094809234
17653,0.051736467
17654,0.08346802
17655,0.11353452
17656,0.23612419
17657,0.6978564
17658,0.051029623
17659,0.23638716
17660,0.055624295
17661,0.23253593
17662,0.0060379775
17663,0.07113238
17664,0.09099106
17665,0.029408138
17666,0.06348966
17667,0.018892415
17668,0.28951702
17669,0.05834427
17670,0.101608425
17671,0.21462986
17672,0.15209341
17673,0.21675235
17674,0.24262354
17675,0.20733212
17676,0.15897028
17677,0.11105581
17678,0.1191253
17679,0.6986295
17680,0.31582934
17681,0.34747708
17682,0.031553872
17683,0.15696366
17684,0.059896596
17685,0.036573198
17686,0.039546296
17687,0.034074552
17688,0.09188131
17689,0.04321254
17690,0.051881175
17691,0.09700221
17692,0.13053815
17693,0.15105833
17694,0.13899758
17695,0.121440046
17696,0.16971917
17697,0.139041
17698,0.1168209
17699,0.18933138
17700,0.044531055
17701,0.07333313
17702,0.76737607
17703,0.75094205
17704,0.4943543
17705,0.0400295
17706,0.05569466
17707,0.048594393
17708,0.115255214
17709,0.32392204
17710,0.12255944
17711,0.050592378
17712,0.070539445
17713,0.035114534
17714,0.088311926
17715,0.09880967
17716,0.07672637
17717,0.04032406
17718,0.23441415
17719,0.06778466
17720,0.052674167
17721,0.13524559
17722,0.14788191
17723,0.092563875
17724,0.07565416
17725,0.160807
17726,0.10361897
17727,0.044384513
17728,0.12200425
17729,0.11301753
17730,0.10783256
17731,0.77265835
17732,0.74626064
17733,0.49260032
17734,0.069800325
17735,0.07321871
17736,0.0635282
17737,0.25715047
17738,0.113877766
17739,0.23006304
17740,0.092229895
17741,0.04565784
17742,0.11623972
17743,0.13243292
17744,0.15695353
17745,0.18796445
17746,0.36381987
17747,0.33832338
17748,0.15598384
17749,0.1645338
17750,0.13383558
17751,0.08839184
17752,0.13443379
17753,0.0745988
17754,0.06249769
17755,0.14224061
17756,0.14619592
17757,0.08738823
17758,0.10925689
17759,0.038517777
17760,0.7615888
17761,1.0
17762,0.7847413
17763,0.1150545
17764,0.083154224
17765,0.146818
17766,0.252131
17767,0.020590624
17768,0.031222476
17769,0.044209264
17770,0.08268862
17771,0.05735169
17772,0.22186446
17773,0.63011914
17774,0.07683537
17775,0.11146403
17776,0.111961015
17777,0.15381694
17778,0.07737983
17779,0.13483195
17780,0.10462656
17781,0.045477528
17782,0.09112176
17783,0.09806614
17784,0.09621863
17785,0.05046242
17786,0.03999178
17787,0.34915513
17788,0.28074753
17789,0.20967212
17790,0.101084
17791,0.10395263
17792,0.0754603
17793,0.19645464
17794,0.043314766
17795,0.06590656
17796,0.047701463
17797,0.036245894
17798,0.034009308
17799,0.04893593
17800,0.055243906
17801,0.18191816
17802,0.4936744
17803,0.2181147
17804,0.19400637
17805,0.14617299
17806,0.17797297
17807,0.15900512
17808,0.39014733
17809,0.088995695
17810,0.046685386
17811,0.0449831
17812,0.041382972
17813,0.13829869
17814,0.15914497
17815,0.124903604
17816,0.35759374
17817,0.24504358
17818,0.19816545
17819,0.9450168
17820,0.16913892
17821,0.03017691
17822,0.1298934
17823,0.17107992
17824,0.043024123
17825,0.0712648
17826,0.28974885
17827,0.0757801
17828,0.047164425
17829,0.041580204
17830,0.06114045
17831,0.13838863
17832,0.26880163
17833,0.23134787
17834,0.30430016
17835,0.25732404
17836,0.15484847
17837,0.15440157
17838,0.23519333
17839,0.033487406
17840,0.14287883
17841,0.08480057
17842,0.064347684
17843,0.2731346
17844,0.2730102
17845,0.08200938
17846,0.07069314
17847,0.40510693
17848,0.23807396
17849,0.07804914
17850,0.11672593
17851,0.09279136
17852,0.048491
17853,0.03597513
17854,0.034217536
17855,0.057935532
17856,0.08657934
17857,0.09743771
17858,0.1655431
17859,0.24627201
17860,0.61029595
17861,0.27618247
17862,0.21129593
17863,0.38049984
17864,0.11160386
17865,0.06526528
17866,0.067460485
17867,0.1270681
17868,0.19151855
17869,0.13395846
17870,0.04109271
17871,0.089448236
17872,0.1427315
17873,0.02488907
17874,0.042570576
17875,0.09202272
17876,0.027719136
17877,0.0125754
17878,0.024764635
17879,0.04134165
17880,0.05586682
17881,0.081405
17882,0.07870334
17883,0.10957282
17884,0.23538509
17885,0.1870703
17886,0.13929327
17887,0.5032841
17888,0.44781244
17889,0.26664075
17890,0.14435054
17891,0.05578428
17892,0.04036275
17893,0.069434494
17894,0.11616421
17895,0.06414028
17896,0.043078523
17897,0.07104575
17898,0.6477042
17899,0.06373915
17900,0.038465925
17901,0.073669076
17902,0.07199519
17903,0.12782106
17904,0.05023279
17905,0.080480576
17906,0.03880859
17907,0.045076407
17908,0.031833854
17909,0.020534575
17910,0.032006346
17911,0.09066747
17912,0.11285189
17913,0.40608755
17914,0.23447677
17915,0.14001913
17916,0.6877677
17917,0.26066092
17918,0.32412532
17919,0.15381645
17920,0.033250097
17921,0.025334362
17922,0.03594268
17923,0.051830795
17924,0.09174659
17925,0.06595508
17926,0.07561944
17927,0.3046874
17928,0.086556934
17929,0.21240997
17930,0.031717125
17931,0.09553378
17932,0.11808967
17933,0.1429858
17934,0.17132214
17935,0.035001107
17936,0.033214185
17937,0.04866456
17938,0.15174644
17939,0.61619085
17940,0.18266675
17941,0.39050648
17942,0.188489
17943,0.23066986
17944,0.16018203
17945,0.109213255
17946,0.028489629
17947,0.008443381
17948,0.08379606
17949,0.07191077
17950,0.050880134
17951,0.13511477
17952,0.12871261
17953,0.06935127
17954,0.19921346
17955,0.019995118
17956,0.0653012
17957,0.014673009
17958,0.2157643
17959,0.03846469
17960,0.0
17961,0.0032060174
17962,0.097583994
17963,0.1623587
17964,0.026366694
17965,0.0
17966,0.12294617
17967,0.15161636
17968,0.06509673
17969,0.09468525
17970,0.020008598
17971,0.07583444
17972,0.06306786
17973,0.0735834
17974,0.120286465
17975,0.12108564
17976,0.054229166
17977,0.018515702
17978,0.0911934
17979,0.09235188
17980,0.0345229
17981,0.119368576
17982,0.07178192
17983,0.047686882
17984,0.011645517
17985,0.069990195
17986,0.17640837
17987,0.2396804
17988,0.36993814
17989,0.10601953
17990,0.025282387
17991,0.067315124
17992,0.06540582
17993,0.042932104
17994,0.08996489
17995,0.15651274
17996,0.014598111
17997,0.02415277
17998,0.02233616
17999,0.022754572
18000,0.028112618
18001,0.030701367
18002,0.067334965
18003,0.085947
18004,0.25581023
18005,0.015981065
18006,0.02130292
18007,0.053605124
18008,0.07411593
18009,0.09153007
18010,0.24979824
18011,0.10856895
18012,0.007516898
18013,0.118230656
18014,0.06050781
18015,0.12683342
18016,0.15651302
18017,0.0141041465
18018,0.2047219
18019,0.018096317
18020,0.10597427
18021,0.08586214
18022,0.032476995
18023,0.01443159
18024,0.040734094
18025,0.057020232
18026,0.22836553
18027,0.037632104
18028,0.014685209
18029,0.026021343
18030,0.06854002
18031,0.06690436
18032,0.21137646
18033,0.07544382
18034,0.17181516
18035,0.077891625
18036,0.022641458
18037,0.0069815814
18038,0.04106365
18039,0.041774806
18040,0.026248047
18041,0.18313582
18042,0.12206149
18043,0.00977824
18044,0.0672596
18045,0.069448665
18046,0.0043649543
18047,0.005353746
18048,0.2514419
18049,0.4699433
18050,0.097088896
18051,0.082352206
18052,0.06646791
18053,0.029986478
18054,0.026709545
18055,0.06688564
18056,0.06558101
18057,0.14069635
18058,0.8949077
18059,0.08162982
18060,0.03140481
18061,0.06342141
18062,0.060458235
18063,0.0033784548
18064,0.029573932
18065,0.11677052
18066,0.3430002
18067,0.06594699
18068,0.12541689
18069,0.0064818873
18070,0.028876558
18071,0.026516013
18072,0.108169846
18073,0.029072119
18074,0.040708244
18075,0.008236043
18076,0.053033322
18077,0.060329005
18078,0.030132124
18079,0.019606346
18080,0.04350435
18081,0.016311103
18082,0.214671
18083,0.06659123
18084,0.071343124
18085,0.036000162
18086,0.05012028
18087,0.07170583
18088,0.09346721
18089,0.017756667
18090,0.049773395
18091,0.59845716
18092,0.0651116
18093,0.10006395
18094,0.041373778
18095,0.014093195
18096,0.035044823
18097,0.06384842
18098,0.0037271997
18099,0.24402066
18100,0.015653532
18101,0.015611082
18102,0.0035071012
18103,0.05188387
18104,0.14255339
18105,0.036294933
18106,0.088162825
18107,0.028722025
18108,0.009315025
18109,0.035817966
18110,0.20064136
18111,0.02571242
18112,0.012556677
18113,0.0
18114,0.0
18115,0.008262312
18116,0.06547114
18117,0.027870761
18118,0.1324005
18119,0.05359563
18120,0.008185523
18121,0.06821946
18122,0.1756241
18123,0.10666141
18124,0.07784168
18125,0.054322746
18126,0.02460393
18127,0.03665425
18128,0.049522385
18129,0.17179738
18130,0.11557957
18131,0.010490533
18132,0.05314218
18133,0.015527704
18134,0.014924853
18135,0.03153154
18136,0.011800781
18137,0.019675737
18138,0.012342344
18139,0.04165817
18140,0.07354924
18141,0.0806222
18142,0.1184155
18143,0.0075551453
18144,0.117955714
18145,0.012950842
18146,0.19366868
18147,0.044502437
18148,0.008832278
18149,0.00848496
18150,0.0291837
18151,0.015336335
18152,0.014775477
18153,0.038140096
18154,0.019518714
18155,0.07765987
18156,0.025827883
18157,0.028697528
18158,0.014317996
18159,0.05076946
18160,0.013451806
18161,0.0
18162,0.0
18163,0.051670864
18164,0.09090505
18165,0.030614562
18166,0.06838518
18167,0.017692124
18168,0.031865206
18169,0.013992192
18170,0.09993454
18171,0.18895096
18172,0.05668615
18173,0.07098537
18174,0.06601602
18175,0.07560201
18176,0.031886045
18177,0.032313135
18178,0.07284436
18179,0.0913767
18180,0.011469517
18181,0.14081657
18182,0.05216908
18183,0.020116895
18184,0.03732225
18185,0.03972357
18186,0.043353613
18187,0.035862494
18188,0.052942377
18189,0.0036961131
18190,0.0077042812
18191,0.017497107
18192,0.029548263
18193,0.01200573
18194,0.004694649
18195,0.05904127
18196,0.07143039
18197,0.02011578
18198,0.0062877685
18199,0.15798913
18200,0.02399896
18201,0.022614932
18202,0.0029570407
18203,0.0172981
18204,0.0040828525
18205,0.018522922
18206,0.03671453
18207,0.052848797
18208,0.021164091
18209,0.018436799
18210,0.033952694
18211,0.035222
18212,0.01094855
18213,0.008719257
18214,0.030781824
18215,0.16888525
18216,0.14846839
18217,0.026534736
18218,0.0863418
18219,0.026511816
18220,0.0031607961
18221,0.025032692
18222,0.049623627
18223,0.055540204
18224,0.042264745
18225,0.0545701
18226,0.11235258
18227,0.060055196
18228,0.019075112
18229,0.17032857
18230,0.071410015
18231,0.1111934
18232,0.07763454
18233,0.18861477
18234,0.15604107
18235,0.068639085
18236,0.20128669
18237,0.08225577
18238,0.2646709
18239,0.098780125
18240,0.14853916
18241,0.040796887
18242,0.09390099
18243,0.06152439
18244,0.026224418
18245,0.12959477
18246,0.02779056
18247,0.538005
18248,0.15292193
18249,0.032750048
18250,0.15362136
18251,0.049494565
18252,0.0
18253,0.05879874
18254,0.024182562
18255,0.073948026
18256,0.039958138
18257,0.024657713
18258,0.0172844
18259,0.09455922
18260,0.15709276
18261,0.3457307
18262,0.3776455
18263,0.07906419
18264,0.16913666
18265,0.04690167
18266,0.082043074
18267,0.0420553
18268,0.08393512
18269,0.10998199
18270,0.26746556
18271,0.14968833
18272,0.17971036
18273,0.36758366
18274,0.12555723
18275,0.03752338
18276,0.3654944
18277,0.13783476
18278,0.33123124
18279,0.08852271
18280,0.07834851
18281,0.07487242
18282,0.08043739
18283,0.0888309
18284,0.10545018
18285,0.10070702
18286,0.035297748
18287,0.033119455
18288,0.06519682
18289,0.2362545
18290,0.039944187
18291,0.03876741
18292,0.08565988
18293,0.07149756
18294,0.087823406
18295,0.040714905
18296,0.04549235
18297,0.104721196
18298,0.059634265
18299,0.17876692
18300,0.18969348
18301,0.049425468
18302,0.037369594
18303,0.03666483
18304,0.019374873
18305,0.29333824
18306,0.13463303
18307,0.08339685
18308,0.26853174
18309,0.29379827
18310,0.090176284
18311,0.09101289
18312,0.05280398
18313,0.033501543
18314,0.029474843
18315,0.020328274
18316,0.0075335745
18317,0.020274267
18318,0.02589996
18319,0.0719731
18320,0.09897139
18321,0.09593232
18322,0.20457886
18323,0.27352232
18324,0.02980704
18325,0.033346396
18326,0.076968186
18327,0.02623828
18328,0.05054627
18329,0.032556046
18330,0.19619137
18331,0.0649584
18332,0.015729008
18333,0.06737924
18334,0.048454084
18335,0.025669588
18336,0.142812
18337,0.35381854
18338,0.050768208
18339,0.071998164
18340,0.018575681
18341,0.022922002
18342,0.085568234
18343,0.0691457
18344,0.01868499
18345,0.039696917
18346,0.015067402
18347,0.10792154
18348,0.15041845
18349,0.089579396
18350,0.10752431
18351,0.100317776
18352,0.030614275
18353,0.017073583
18354,0.02584192
18355,0.035039775
18356,0.077269025
18357,0.059401616
18358,0.11765728
18359,0.008667073
18360,0.038492993
18361,0.041785683
18362,0.021665541
18363,0.015971461
18364,0.033244815
18365,0.0459717
18366,0.009407927
18367,0.056824833
18368,0.22576828
18369,0.25052744
18370,0.040568292
18371,0.07176942
18372,0.04875144
18373,0.10153187
18374,0.05824982
18375,0.019605167
18376,0.055997603
18377,0.1492677
18378,0.022610888
18379,0.030641327
18380,0.041363914
18381,0.01056802
18382,0.060036536
18383,0.079644926
18384,0.16686845
18385,0.10726092
18386,0.12385036
18387,0.08201847
18388,0.051557384
18389,0.029754749
18390,0.06761814
18391,0.05566374
18392,0.006385195
18393,0.112758
18394,0.048879873
18395,0.43498036
18396,0.11498128
18397,0.0562995
18398,0.122947045
18399,0.055130504
18400,0.051620007
18401,0.029262686
18402,0.06885387
18403,0.02584429
18404,0.015077427
18405,0.025926406
18406,0.07829771
18407,0.043649413
18408,0.070751175
18409,0.07189687
18410,0.13775913
18411,0.12098068
18412,0.23729257
18413,0.08555286
18414,0.038309254
18415,0.08140381
18416,0.027906014
18417,0.051142607
18418,0.007494637
18419,0.021360375
18420,0.006953081
18421,0.07354084
18422,0.053225614
18423,0.1426277
18424,0.053970724
18425,0.13932694
18426,0.058081504
18427,0.06673067
18428,0.0328343
18429,0.113914646
18430,0.040388793
18431,0.07347879
18432,0.036265552
18433,0.020257859
18434,0.033014454
18435,0.045084458
18436,0.058166485
18437,0.10990265
18438,0.12380244
18439,0.14459889
18440,0.11388965
18441,0.13121079
18442,0.013405869
18443,0.08031726
18444,0.018989785
18445,0.05227848
18446,0.000834027
18447,0.033936296
18448,0.072462164
18449,0.022277508
18450,0.080156125
18451,0.048598167
18452,0.026309634
18453,0.044366207
18454,0.06777501
18455,0.031396408
18456,0.04437672
18457,0.028287996
18458,0.05856276
18459,0.021327253
18460,0.045852352
18461,0.09416688
18462,0.0569567
18463,0.12665975
18464,0.41872597
18465,0.09079746
18466,0.10908392
18467,0.08242492
18468,0.078068115
18469,0.07786648
18470,0.09021092
18471,0.06328952
18472,0.01080246
18473,0.027486883
18474,0.26457283
18475,0.08441129
18476,0.09177461
18477,0.056218024
18478,0.07359589
18479,0.026806718
18480,0.028917123
18481,0.025701605
18482,0.05156677
18483,0.22315764
18484,0.068770535
18485,0.0613321
18486,0.12235466
18487,0.5686138
18488,0.09764254
18489,0.04040858
18490,0.13363971
18491,0.08136676
18492,0.20012993
18493,0.22754529
18494,0.08830621
18495,0.020310683
18496,0.05826529
18497,0.052143693
18498,0.07858303
18499,0.14423256
18500,0.18097374
18501,0.06766793
18502,0.17612508
18503,0.0905281
18504,0.09663317
18505,0.02358006
18506,0.0023851795
18507,0.017158346
18508,0.050019983
18509,0.051876117
18510,0.010847228
18511,0.10962747
18512,0.16651724
18513,0.11851427
18514,0.0718757
18515,0.049672913
18516,0.10023686
18517,0.153679
18518,0.180674
18519,0.059555117
18520,0.043015894
18521,0.018545609
18522,0.022687685
18523,0.057315104
18524,0.43433812
18525,0.046783045
18526,0.16908132
18527,0.2557035
18528,0.14460707
18529,0.017451819
18530,0.0
18531,0.0132136475
18532,0.05774147
18533,0.07357603
18534,0.16015364
18535,0.15754026
18536,0.1312841
18537,0.09384807
18538,0.16690466
18539,0.16819157
18540,0.14580175
18541,0.20625128
18542,0.23456569
18543,0.101200104
18544,0.016220314
18545,0.05699593
18546,0.09111252
18547,0.12039065
18548,0.23510142
18549,0.70910424
18550,0.03576458
18551,0.055801827
18552,0.24383591
18553,0.062171273
18554,0.24666265
18555,0.06757731
18556,0.09516913
18557,0.033024013
18558,0.0616305
18559,0.29061562
18560,0.053772412
18561,0.10284924
18562,0.21233577
18563,0.156253
18564,0.2184508
18565,0.2453196
18566,0.20715594
18567,0.033480175
18568,0.15315281
18569,0.109748214
18570,0.12020274
18571,0.6989185
18572,0.30823943
18573,0.35215768
18574,0.029759023
18575,0.15784535
18576,0.059876584
18577,0.044132903
18578,0.033079524
18579,0.031994067
18580,0.03538297
18581,0.10049204
18582,0.043384276
18583,0.052438207
18584,0.057412617
18585,0.09686305
18586,0.13621157
18587,0.15319693
18588,0.14758983
18589,0.12757112
18590,0.17684798
18591,0.1432975
18592,0.0589484
18593,0.12150206
18594,0.18794651
18595,0.07884321
18596,0.7720976
18597,0.7477852
18598,0.5034675
18599,0.061008994
18600,0.119667806
18601,0.3359143
18602,0.12052538
18603,0.0510001
18604,0.07922935
18605,0.025838522
18606,0.078605145
18607,0.096836016
18608,0.07419051
18609,0.032313224
18610,0.23305543
18611,0.06273175
18612,0.041950595
18613,0.13033463
18614,0.13943605
18615,0.090571776
18616,0.07120092
18617,0.15735137
18618,0.09729106
18619,0.034666255
18620,0.11610101
18621,0.10104836
18622,0.10037323
18623,0.7667956
18624,0.7325195
18625,0.4911293
18626,0.058530975
18627,0.065272145
18628,0.058258183
18629,0.2509788
18630,0.11528571
18631,0.21744452
18632,0.090335436
18633,0.036664013
18634,0.106815085
18635,0.13074137
18636,0.15469979
18637,0.18023576
18638,0.36274326
18639,0.33355242
18640,0.14554238
18641,0.15990499
18642,0.12567192
18643,0.0866819
18644,0.13026269
18645,0.071425386
18646,0.056451906
18647,0.1328045
18648,0.1405748
18649,0.075701214
18650,0.102079734
18651,0.033725657
18652,0.75600827
18653,1.0
18654,0.7835525
18655,0.105041035
18656,0.072167
18657,0.13915358
18658,0.24624155
18659,0.048592556
18660,0.021273628
18661,0.031474635
18662,0.052194536
18663,0.09011173
18664,0.059299864
18665,0.23046473
18666,0.6350253
18667,0.0760708
18668,0.11651203
18669,0.11347422
18670,0.1617838
18671,0.08288555
18672,0.1413353
18673,0.1082576
18674,0.043610185
18675,0.091362454
18676,0.10212186
18677,0.094208404
18678,0.05296209
18679,0.04487646
18680,0.35325152
18681,0.27696496
18682,0.21816003
18683,0.10074731
18684,0.0510614
18685,0.105965026
18686,0.07207533
18687,0.20024186
18688,0.05468169
18689,0.06324702
18690,0.047630098
18691,0.03574367
18692,0.041240215
18693,0.055604666
18694,0.056437682
18695,0.18976405
18696,0.49782595
18697,0.21659571
18698,0.19830003
18699,0.14693177
18700,0.18518543
18701,0.16375645
18702,0.39589638
18703,0.09187236
18704,0.04406366
18705,0.044469424
18706,0.044684276
18707,0.13553406
18708,0.16089022
18709,0.12903379
18710,0.36093575
18711,0.24050662
18712,0.20589896
18713,0.9439258
18714,0.16707411
18715,0.031434968
18716,0.12575403
18717,0.17411274
18718,0.053636692
18719,0.06785089
18720,0.32220334
18721,0.06920234
18722,0.048319794
18723,0.042173397
18724,0.056258686
18725,0.14015897
18726,0.26687777
18727,0.22375329
18728,0.30251834
18729,0.25200737
18730,0.15598539
18731,0.15307735
18732,0.23486675
18733,0.1401046
18734,0.07596045
18735,0.060017396
18736,0.27118957
18737,0.27027673
18738,0.07139694
18739,0.07235122
18740,0.3979404
18741,0.22993359
18742,0.0
18743,0.08344739
18744,0.10651106
18745,0.08974865
18746,0.053028025
18747,0.026485689
18748,0.014119394
18749,0.020725463
18750,0.039653316
18751,0.06280918
18752,0.08597798
18753,0.10348844
18754,0.16789967
18755,0.24295786
18756,0.61279434
18757,0.27514616
18758,0.21671313
18759,0.38345617
18760,0.115557775
18761,0.01956799
18762,0.0667715
18763,0.06290076
18764,0.12701815
18765,0.19385365
18766,0.13550524
18767,0.034760706
18768,0.086562045
18769,0.13887155
18770,0.024351984
18771,0.018711504
18772,0.052249305
18773,0.08608825
18774,0.028956868
18775,0.021392826
18776,0.041931983
18777,0.021997446
18778,0.03159319
18779,0.053851485
18780,0.07882745
18781,0.07065082
18782,0.1081724
18783,0.23029052
18784,0.17630503
18785,0.13434061
18786,0.49479687
18787,0.4457787
18788,0.26214585
18789,0.14085326
18790,0.049839377
18791,0.02835192
18792,0.061933484
18793,0.11104822
18794,0.058235884
18795,0.029295327
18796,0.06070839
18797,0.63639295
18798,0.055750918
18799,0.033154197
18800,0.07589658
18801,0.05860964
18802,0.12160764
18803,0.05159907
18804,0.06782039
18805,0.04314027
18806,0.032734785
18807,0.029168617
18808,0.040078226
18809,0.09326438
18810,0.12210088
18811,0.41164228
18812,0.23436087
18813,0.1457159
18814,0.6899296
18815,0.26927656
18816,0.3302798
18817,0.16096856
18818,0.028897986
18819,0.0379546
18820,0.02397291
18821,0.039091095
18822,0.057364248
18823,0.09649168
18824,0.02053266
18825,0.06626714
18826,0.07495778
18827,0.3073485
18828,0.09189459
18829,0.22528692
18830,0.028980901
18831,0.09996974
18832,0.13010539
18833,0.14097507
18834,0.17175318
18835,0.043714363
18836,0.037425946
18837,0.046839196
18838,0.15657312
18839,0.61732334
18840,0.17812853
18841,0.39178112
18842,0.18622859
18843,0.23486313
18844,0.16191417
18845,0.111943156
18846,0.022705942
18847,0.08411888
18848,0.07662526
18849,0.046769895
18850,0.13003078
18851,0.1269515
18852,0.07026667
18853,0.20766811
18854,0.012836677
18855,0.06531492
18856,0.022266442
18857,0.20933121
18858,0.034473494
18859,0.006395794
18860,0.0040307823
18861,0.10316494
18862,0.16424552
18863,0.022582827
18864,0.00010453956
18865,0.121440046
18866,0.15656397
18867,0.067583166
18868,0.09816934
18869,0.014979115
18870,0.07531478
18871,0.06493325
18872,0.07466044
18873,0.113484636
18874,0.117729664
18875,0.049899492
18876,0.013973462
18877,0.100402266
18878,0.086673066
18879,0.030523129
18880,0.12202092
18881,0.07074006
18882,0.04097436
18883,0.010745645
18884,0.065555476
18885,0.17842728
18886,0.23923817
18887,0.37049368
18888,0.10370267
18889,0.016079191
18890,0.06546352
18891,0.055675387
18892,0.0836803
18893,0.14925437
18894,0.013339101
18895,0.030433083
18896,0.013003309
18897,0.028173601
18898,0.019505173
18899,0.024535745
18900,0.0650341
18901,0.090298235
18902,0.25646722
18903,0.010967466
18904,0.022101948
18905,0.050869275
18906,0.07783379
18907,0.09278679
18908,0.25205266
18909,0.107950985
18910,0.007323635
18911,0.0032753642
18912,0.11648128
18913,0.060355075
18914,0.022541223
18915,0.13107227
18916,0.15192728
18917,0.07040879
18918,0.022083318
18919,0.20426008
18920,0.015245565
18921,0.012674796
18922,0.10720486
18923,0.083398536
18924,0.024342718
18925,0.034877587
18926,0.05761739
18927,0.22650158
18928,0.036765825
18929,0.00981519
18930,0.023536365
18931,0.0652667
18932,0.055752173
18933,0.21249469
18934,0.06773748
18935,0.16313507
18936,0.072534375
18937,0.019960688
18938,0.011840103
18939,0.030309033
18940,0.038192388
18941,0.0302453
18942,0.17554848
18943,0.1479007
18944,0.0024107574
18945,0.066544235
18946,0.06503911
18947,0.0010861597
18948,0.2436395
18949,0.46859473
18950,0.09327902
18951,0.07953999
18952,0.009321503
18953,0.057393044
18954,0.024726626
18955,0.015383738
18956,0.060069643
18957,0.06115009
18958,0.13547699
18959,0.88180953
18960,0.071977526
18961,0.020778753
18962,0.05611822
18963,0.055831533
18964,0.0062910356
18965,0.11124207
18966,0.34505153
18967,0.053971805
18968,0.11588364
18969,0.052769866
18970,0.020310096
18971,0.09826973
18972,0.013501356
18973,0.02741527
18974,0.0013967056
18975,0.043732885
18976,0.052026246
18977,0.018957004
18978,0.0050408784
18979,0.0327539
18980,0.0040045762
18981,0.20396113
18982,0.06502496
18983,0.034003697
18984,0.058912102
18985,0.08334996
18986,0.015178677
18987,0.038754456
18988,0.5950178
18989,0.047645874
18990,0.0850401
18991,0.03166115
18992,0.032495923
18993,0.037829988
18994,0.062939376
18995,0.0
18996,0.009959898
18997,0.24617238
18998,0.015344229
18999,0.0162994
19000,0.0
19001,0.0
19002,0.0
19003,0.04605072
19004,0.042286262
19005,0.14522624
19006,0.03014313
19007,0.019420527
19008,0.08436012
19009,0.027595844
19010,0.0
19011,0.033790108
19012,0.20619322
19013,0.01723782
19014,0.0
19015,0.019830678
19016,0.0036535303
19017,0.05716818
19018,0.0
19019,0.01970975
19020,0.008235366
19021,0.12715828
19022,0.045892347
19023,0.0
19024,0.0
19025,0.0
19026,0.0
19027,0.051227864
19028,0.17090304
19029,0.093115665
19030,0.0633222
19031,0.04312613
19032,0.016083792
19033,0.035673417
19034,0.04010058
19035,0.16995527
19036,0.09971098
19037,0.0
19038,0.049443778
19039,0.0061586434
19040,0.011368458
19041,0.024440281
19042,0.011163197
19043,0.016577052
19044,0.005241342
19045,0.0066041704
19046,0.0017276894
19047,0.004658376
19048,0.029271208
19049,0.07343277
19050,0.07168108
19051,0.10850062
19052,0.0009631238
19053,0.0023742998
19054,0.11313846
19055,0.01571331
19056,0.1824048
19057,0.008927329
19058,0.04562648
19059,0.004285645
19060,0.009750975
19061,0.026914844
19062,0.019521175
19063,0.017496847
19064,0.03249074
19065,0.008117065
19066,0.073541135
19067,0.026734767
19068,0.037143733
19069,0.0071510314
19070,0.04432793
19071,0.009452077
19072,0.024289217
19073,0.051258076
19074,0.08482164
19075,0.030343745
19076,0.06457952
19077,0.026787039
19078,0.0
19079,0.011173004
19080,0.09083317
19081,0.03589421
19082,0.016233446
19083,0.012778104
19084,0.18741933
19085,0.06273424
19086,0.063007064
19087,0.06047951
19088,0.00587999
19089,0.07144835
19090,0.033544946
19091,0.03043719
19092,0.074961
19093,0.02532443
19094,0.08822831
19095,0.13364494
19096,0.057267938
19097,0.030548172
19098,0.04012166
19099,0.03730497
19100,0.032255664
19101,0.009932704
19102,0.016190663
19103,0.006764804
19104,0.032234423
19105,0.01568953
19106,0.012546643
19107,0.0602774
19108,0.064828254
19109,0.15895678
19110,0.019577602
19111,0.0041842093
19112,0.039093666
19113,0.06168163
19114,0.027535805
19115,0.038449727
19116,0.019811057
19117,0.036328666
19118,0.007575023
19119,0.17384748
19120,0.14555182
19121,0.09099499
19122,0.027160069
19123,0.012091258
19124,0.012337017
19125,0.027622286
19126,0.03486614
19127,0.051021174
19128,0.022352913
19129,0.036974616
19130,0.029549178
19131,0.080396175
19132,0.0309995
19133,0.005453379
19134,0.15363675
19135,0.08144895
19136,0.05079079
19137,0.16698112
19138,0.13724138
19139,0.20235044
19140,0.07761548
19141,0.252682
19142,0.08969192
19143,0.14466102
19144,0.06570347
19145,0.09462954
19146,0.06053935
19147,0.02334626
19148,0.13428694
19149,0.026778618
19150,0.5296444
19151,0.14746211
19152,0.0019005964
19153,0.16558722
19154,0.058678847
19155,0.07659145
19156,0.04070837
19157,0.01707488
19158,0.016777242
19159,0.089755446
19160,0.1465849
19161,0.32787433
19162,0.36268967
19163,0.07215254
19164,0.123119794
19165,0.16626257
19166,0.023493903
19167,0.07519057
19168,0.03330963
19169,0.06685638
19170,0.11388269
19171,0.051086627
19172,0.26362768
19173,0.13850193
19174,0.17142461
19175,0.3645081
19176,0.041991133
19177,0.3746344
19178,0.028403146
19179,0.13488898
19180,0.3144936
19181,0.0883402
19182,0.07627282
19183,0.06446369
19184,0.07710434
19185,0.07353808
19186,0.08280882
19187,0.08096629
19188,0.020767141
19189,0.021422867
19190,0.058209635
19191,0.23393941
19192,0.03492021
19193,0.028623698
19194,0.07125905
19195,0.043304775
19196,0.0761859
19197,0.016117297
19198,0.114625104
19199,0.06179963
19200,0.17358372
19201,0.19262105
19202,0.055119276
19203,0.049803827
19204,0.026689328
19205,0.015537708
19206,0.2943341
19207,0.12828025
19208,0.085154936
19209,0.27312383
19210,0.30309972
19211,0.10144091
19212,0.08843962
19213,0.019780256
19214,0.0546918
19215,0.032232787
19216,0.014753181
19217,0.048992988
19218,0.027731108
19219,0.06960401
19220,0.089253776
19221,0.09432547
19222,0.20580596
19223,0.27945888
19224,0.032947063
19225,0.041246157
19226,0.071030006
19227,0.024761219
19228,0.051832486
19229,0.03194914
19230,0.042593434
19231,0.19432701
19232,0.03953151
19233,0.0702827
19234,0.05199135
19235,0.035966817
19236,0.018392438
19237,0.1383688
19238,0.35408464
19239,0.048097674
19240,0.072797984
19241,0.016045433
19242,0.025151448
19243,0.07395976
19244,0.0662554
19245,0.03531283
19246,0.09331125
19247,0.14288382
19248,0.09118521
19249,0.10717834
19250,0.09471548
19251,0.024102002
19252,0.020634988
19253,0.020663304
19254,0.034637738
19255,0.06755496
19256,0.053093664
19257,0.121517584
19258,0.010492909
19259,0.03461474
19260,0.030558914
19261,0.013339422
19262,0.012855451
19263,0.032962795
19264,0.05039908
19265,0.0143688945
19266,0.058455743
19267,0.23215887
19268,0.24308024
19269,0.041839153
19270,0.06878319
19271,0.0319733
19272,0.10130896
19273,0.056133743
19274,0.009156039
19275,0.05262415
19276,0.036190554
19277,0.14622475
19278,0.024118941
19279,0.023409352
19280,0.038908508
19281,0.0042438284
19282,0.048269078
19283,0.07128364
19284,0.16867526
19285,0.10703339
19286,0.117918774
19287,0.06873834
19288,0.041177906
19289,0.024585377
19290,0.065282725
19291,0.058037758
19292,0.009292806
19293,0.112335525
19294,0.05321712
19295,0.42547977
19296,0.114198774
19297,0.051259942
19298,0.12067078
19299,0.050961062
19300,0.023835883
19301,0.017926909
19302,0.06337365
19303,0.020613467
19304,0.021774616
19305,0.016015995
19306,0.018124955
19307,0.075272836
19308,0.036755726
19309,0.058414258
19310,0.06296611
19311,0.13899653
19312,0.12018367
19313,0.23079148
19314,0.07170325
19315,0.027360324
19316,0.075664945
19317,0.025001144
19318,0.052947167
19319,0.008627411
19320,0.020228162
19321,0.00929122
19322,0.07254888
19323,0.056993395
19324,0.13255763
19325,0.05261875
19326,0.13371798
19327,0.038680535
19328,0.06388492
19329,0.028095363
19330,0.11705878
19331,0.020489689
19332,0.067429066
19333,0.030599868
19334,0.0075565837
19335,0.018478904
19336,0.036012087
19337,0.04421328
19338,0.05185206
19339,0.10699435
19340,0.13106231
19341,0.14982434
19342,0.113411054
19343,0.12338354
19344,0.008479418
19345,0.08060089
19346,0.060105536
19347,0.038966876
19348,0.08225239
19349,0.026948024
19350,0.08056954
19351,0.035219688
19352,0.045649804
19353,0.060725555
19354,0.03142262
19355,0.053543355
19356,0.030246522
19357,0.031620033
19358,0.066122025
19359,0.020146502
19360,0.049448177
19361,0.09389392
19362,0.051240478
19363,0.12434962
19364,0.42658418
19365,0.09662114
19366,0.109203555
19367,0.075196005
19368,0.07373983
19369,0.07874832
19370,0.093926735
19371,0.07171476
19372,0.016290927
19373,0.032755602
19374,0.26558444
19375,0.07163096
19376,0.09554955
19377,0.058099806
19378,0.0671446
19379,0.036475327
19380,0.028427199
19381,0.045552354
19382,0.22191982
19383,0.0636639
19384,0.050782222
19385,0.11521091
19386,0.5716383
19387,0.09863255
19388,0.035694543
19389,0.12157701
19390,0.07220482
19391,0.19617812
19392,0.22642745
19393,0.091897786
19394,0.024435835
19395,0.059060395
19396,0.07901808
19397,0.14041065
19398,0.16335985
19399,0.06660921
19400,0.17317317
19401,0.07924315
19402,0.09961256
19403,0.0035850357
19404,0.009618187
19405,0.047256384
19406,0.045243725
19407,0.0
19408,0.10095798
19409,0.16801591
19410,0.117978536
19411,0.06563592
19412,0.03608459
19413,0.08954917
19414,0.14820148
19415,0.17803043
19416,0.061620947
19417,0.0
19418,0.04228525
19419,0.022574669
19420,0.012878865
19421,0.05622441
19422,0.4289903
19423,0.02764333
19424,0.16649684
19425,0.2512258
19426,0.13179636
19427,0.0
19428,0.008725352
19429,0.044513125
19430,0.065124266
19431,0.14783314
19432,0.13977651
19433,0.1270946
19434,0.08762417
19435,0.15497671
19436,0.1489151
19437,0.12942596
19438,0.19508559
19439,0.22623396
19440,0.09757776
19441,0.050577093
19442,0.08945336
19443,0.10489362
19444,0.22832261
19445,0.69806826
19446,0.045636054
19447,0.225337
19448,0.057936773
19449,0.23717178
19450,0.060524333
19451,0.09289278
19452,0.02687889
19453,0.050042108
19454,0.015503184
19455,0.2926017
19456,0.053723928
19457,0.0970967
19458,0.19923468
19459,0.14605255
19460,0.21346048
19461,0.24316326
19462,0.209709
19463,0.03309651
19464,0.15623948
19465,0.10950478
19466,0.124719046
19467,0.6895969
19468,0.307636
19469,0.34729713
19470,0.025768666
19471,0.14552183
19472,0.061817452
19473,0.027778346
19474,0.03474779
19475,0.09589341
19476,0.041933697
19477,0.057076316
19478,0.094492294
19479,0.12813674
19480,0.13777356
19481,0.13506714
19482,0.12025859
19483,0.17236933
19484,0.14352828
19485,0.058507424
19486,0.11879612
19487,0.18871091
19488,0.045090407
19489,0.08103721
19490,0.7604539
19491,0.74485934
19492,0.49628478
19493,0.036354676
19494,0.047405295
19495,0.119286425
19496,0.33027664
19497,0.11290186
19498,0.043760654
19499,0.0718553
19500,0.01868351
19501,0.027928477
19502,0.07195508
19503,0.09496254
19504,0.06844822
19505,0.021127703
19506,0.22527604
19507,0.0651206
19508,0.042304963
19509,0.12498499
19510,0.12673782
19511,0.08077419
19512,0.066613466
19513,0.15559787
19514,0.100246996
19515,0.036950406
19516,0.11612018
19517,0.10453788
19518,0.100532666
19519,0.75787675
19520,0.7323185
19521,0.48667163
19522,0.06168463
19523,0.04633757
19524,0.027861949
19525,0.25332245
19526,0.11237307
19527,0.21254615
19528,0.056160543
19529,0.08568651
19530,0.037377834
19531,0.09878892
19532,0.12749179
19533,0.14758143
19534,0.16767411
19535,0.35358784
19536,0.33456525
19537,0.14452064
19538,0.15317914
19539,0.11159754
19540,0.07550822
19541,0.12429901
19542,0.06829579
19543,0.05803174
19544,0.046354428
19545,0.13371252
19546,0.13921781
19547,0.07781463
19548,0.10086306
19549,0.037268687
19550,0.74571323
19551,1.0
19552,0.7777186
19553,0.0854153
19554,0.06909654
19555,0.13418995
19556,0.028638717
19557,0.24720915
19558,0.044303857
19559,0.028442372
19560,0.029903378
19561,0.055399846
19562,0.08944824
19563,0.053193122
19564,0.22776422
19565,0.64249325
19566,0.081503965
19567,0.11624112
19568,0.10585484
19569,0.15706503
19570,0.083376884
19571,0.14466064
19572,0.11629233
19573,0.056317054
19574,0.0987254
19575,0.10721983
19576,0.10277673
19577,0.058200315
19578,0.054874405
19579,0.3494115
19580,0.28184313
19581,0.21878132
19582,0.08757648
19583,0.10745628
19584,0.08144964
19585,0.20766445
19586,0.056847923
19587,0.06342749
19588,0.05281631
19589,0.03218988
19590,0.042463
19591,0.052958682
19592,0.0483484
19593,0.18508098
19594,0.50331104
19595,0.22004636
19596,0.19604659
19597,0.1373298
19598,0.17848411
19599,0.16226524
19600,0.39723912
19601,0.097924575
19602,0.05478798
19603,0.04984985
19604,0.047799755
19605,0.14211987
19606,0.16414599
19607,0.13704921
19608,0.35511315
19609,0.24340232
19610,0.20453766
19611,0.92877257
19612,0.16847599
19613,0.030943695
19614,0.1331459
19615,0.17955275
19616,0.053820413
19617,0.06604884
19618,0.31464824
19619,0.062226444
19620,0.046120513
19621,0.03610531
19622,0.044747353
19623,0.13205384
19624,0.26894078
19625,0.22378193
19626,0.29684266
19627,0.23898338
19628,0.14586201
19629,0.14816412
19630,0.23278749
19631,0.028856574
19632,0.13979802
19633,0.079124175
19634,0.059851028
19635,0.27578288
19636,0.26103213
19637,0.070870556
19638,0.3793649
19639,0.22791342
19640,0.078276694
19641,0.110480785
19642,0.091766596
19643,0.049789667
19644,0.021261524
19645,0.010401478
19646,0.03410588
19647,0.053392883
19648,0.07111853
19649,0.092035145
19650,0.16661449
19651,0.23963831
19652,0.6037708
19653,0.25877404
19654,0.20324162
19655,0.3751947
19656,0.110130355
19657,0.06311674
19658,0.06271637
19659,0.12350379
19660,0.19509892
19661,0.1229127
19662,0.030886158
19663,0.0646385
19664,0.13350324
19665,0.01709055
19666,0.0031170142
19667,0.043730438
19668,0.08670984
19669,0.027626686
19670,0.014806313
19671,0.033359718
19672,0.0138091985
19673,0.019823488
19674,0.046858348
19675,0.06796555
19676,0.054345567
19677,0.09527339
19678,0.22755963
19679,0.17153977
19680,0.12387131
19681,0.47697917
19682,0.43086147
19683,0.2524388
19684,0.13398014
19685,0.0447389
19686,0.026721768
19687,0.056973267
19688,0.11084771
19689,0.044197567
19690,0.023975087
19691,0.6295789
19692,0.04704375
19693,0.01611393
19694,0.06593204
19695,0.057785522
19696,0.11883173
19697,0.043566883
19698,0.057802446
19699,0.033371717
19700,0.026010875
19701,0.027221277
19702,0.034262076
19703,0.082005024
19704,0.114247665
19705,0.41395733
19706,0.23464142
19707,0.14029239
19708,0.6771577
19709,0.25940502
19710,0.32561842
19711,0.1591412
19712,0.0378999
19713,0.027388602
19714,0.039176695
19715,0.062209465
19716,0.08749906
19717,0.047943752
19718,0.07318958
19719,0.3036871
19720,0.07990016
19721,0.2203681
19722,0.03320263
19723,0.10223964
19724,0.12711889
19725,0.13600288
19726,0.16716501
19727,0.038991593
19728,0.046583883
19729,0.018864997
19730,0.046685115
19731,0.15982522
19732,0.6307438
19733,0.18951438
19734,0.39746264
19735,0.1845618
19736,0.23609702
19737,0.16835819
19738,0.12122104
19739,0.037226878
19740,0.02550516
19741,0.086231515
19742,0.083198965
19743,0.03955175
19744,0.13936783
19745,0.13439529
19746,0.069377474
19747,0.2138546
19748,0.028163603
19749,0.07869004
19750,0.21546431
19751,0.040990565
19752,0.0019790202
19753,0.0
19754,0.09907607
19755,0.17032473
19756,0.026627734
19757,0.0
19758,0.11243234
19759,0.15045688
19760,0.066686206
19761,0.10010635
19762,0.022159128
19763,0.07916471
19764,0.07354287
19765,0.069432154
19766,0.11697454
19767,0.103170544
19768,0.05189564
19769,0.017611831
19770,0.099247865
19771,0.015704732
19772,0.08546523
19773,0.025411008
19774,0.12031493
19775,0.07920231
19776,0.047402136
19777,0.011469353
19778,0.05893063
19779,0.17470308
19780,0.24072409
19781,0.37481362
19782,0.112732
19783,0.027071735
19784,0.062618114
19785,0.061548162
19786,0.047087878
19787,0.071504064
19788,0.15363336
19789,0.007491937
19790,0.03166159
19791,0.023372205
19792,0.031334415
19793,0.020680226
19794,0.026094822
19795,0.055282846
19796,0.08395316
19797,0.26029038
19798,0.012756161
19799,0.018186571
19800,0.03960536
19801,0.069470495
19802,0.08963363
19803,0.25173345
19804,0.112341225
19805,0.11807501
19806,0.05287065
19807,0.12804899
19808,0.13511197
19809,0.070148736
19810,0.018672729
19811,0.01568022
19812,0.20803812
19813,0.012857302
19814,0.00912483
19815,0.10706104
19816,0.093422964
19817,0.03233266
19818,0.014395842
19819,0.029814914
19820,0.05545542
19821,0.22954965
19822,0.042647924
19823,0.017610207
19824,0.036091097
19825,0.06398343
19826,0.063187145
19827,0.21567266
19828,0.05712342
19829,0.1690762
19830,0.0765824
19831,0.015675656
19832,0.042240113
19833,0.048171684
19834,0.034968328
19835,0.17866965
19836,0.14488484
19837,0.0031862895
19838,0.07072593
19839,0.079389036
19840,0.0066001774
19841,0.0076975254
19842,0.24290232
19843,0.47075808
19844,0.10065263
19845,0.08974757
19846,0.07163822
19847,0.036706824
19848,0.030834278
19849,0.07219017
19850,0.078030266
19851,0.13851936
19852,0.89356995
19853,0.050145447
19854,0.06568897
19855,0.031045476
19856,0.064491734
19857,0.055872
19858,0.013407194
19859,0.033129968
19860,0.12554683
19861,0.35409996
19862,0.061034564
19863,0.123330384
19864,0.012542896
19865,0.054079585
19866,0.008715422
19867,0.031358805
19868,0.119486734
19869,0.032683827
19870,0.033545133
19871,0.010427253
19872,0.057973564
19873,0.069100924
19874,0.04074106
19875,0.026153142
19876,0.051601175
19877,0.022992136
19878,0.21387054
19879,0.079395436
19880,0.051137436
19881,0.07415268
19882,0.090257496
19883,0.029161885
19884,0.059926324
19885,0.61093354
19886,0.06157566
19887,0.09935391
19888,0.046666667
19889,0.040672697
19890,0.034588065
19891,0.06986574
19892,0.0020393834
19893,0.009147699
19894,0.2409122
19895,0.015294242
19896,0.0
19897,0.0037088066
19898,0.041669477
19899,0.046623163
19900,0.14530608
19901,0.016430996
19902,0.022263635
19903,0.08531011
19904,0.020212738
19905,0.015420709
19906,0.0054333145
19907,0.040671356
19908,0.207818
19909,0.01687696
19910,0.0
19911,0.013716878
19912,0.00822999
19913,0.07191284
19914,0.026715888
19915,0.12971647
19916,0.053660706
19917,0.008614381
19918,0.008811621
19919,0.06338311
19920,0.17880118
19921,0.08722188
19922,0.07398367
19923,0.05189441
19924,0.016519036
19925,0.043184325
19926,0.0149111375
19927,0.05480018
19928,0.17939837
19929,0.10716848
19930,0.0049052862
19931,0.006042978
19932,0.010049164
19933,0.0095549105
19934,0.01527818
19935,0.0049017407
19936,0.015525712
19937,0.010822133
19938,0.010159479
19939,0.008753338
19940,0.032606773
19941,0.07251125
19942,0.056967665
19943,0.11034241
19944,0.119018346
19945,0.18104252
19946,0.049562078
19947,0.0061867977
19948,0.015763398
19949,0.011270373
19950,0.0017892636
19951,0.017290141
19952,0.041665632
19953,0.011947981
19954,0.008357554
19955,0.013300352
19956,0.014883962
19957,0.056838397
19958,0.016360933
19959,0.033845615
19960,0.012993298
19961,0.04097637
19962,0.006484526
19963,0.02129488
19964,0.05843196
19965,0.08996104
19966,0.029779108
19967,0.056666363
19968,0.032790508
19969,0.033856243
19970,0.009290139
19971,0.016117463
19972,0.0954176
19973,0.021858646
19974,0.19454809
19975,0.0646067
19976,0.062893756
19977,0.060750235
19978,0.07102217
19979,0.027414704
19980,0.016958384
19981,0.06959298
19982,0.02279041
19983,0.0897319
19984,0.13266379
19985,0.052029695
19986,0.023330474
19987,0.03406316
19988,0.041684877
19989,0.031626083
19990,0.0041358336
19991,0.059943892
19992,0.0029925108
19993,0.007109237
19994,0.0060186926
19995,0.030173171
19996,0.01646227
19997,0.06282279
19998,0.067153916
19999,0.16382669
20000,0.016147718
20001,0.008719786
20002,0.023268415
20003,0.030576656
20004,0.05606529
20005,0.027129538
20006,0.028233865
20007,0.045586873
20008,0.042794026
20009,0.015245725
20010,0.045632806
20011,0.16910991
20012,0.14953238
20013,0.03465966
20014,0.09751991
20015,0.026826933
20016,0.010191959
20017,0.026108235
20018,0.016643627
20019,0.02455025
20020,0.043013446
20021,0.030734437
20022,0.08322693
20023,0.026644027
20024,0.04414105
20025,0.124975294
20026,0.021015316
20027,0.055758327
20028,0.023444101
20029,0.13673763
20030,0.11270883
20031,0.22066422
20032,0.27396667
20033,0.109320484
20034,0.16139282
20035,0.08814614
20036,0.115230285
20037,0.06927912
20038,0.038864035
20039,0.13568175
20040,0.028836215
20041,0.53401
20042,0.1501718
20043,0.03662087
20044,0.18194656
20045,0.058206078
20046,0.0
20047,0.06841229
20048,0.0393072
20049,0.018770883
20050,0.10362161
20051,0.1611138
20052,0.34471124
20053,0.37787062
20054,0.049203433
20055,0.15195054
20056,0.18082358
20057,0.048911344
20058,0.07948275
20059,0.044379808
20060,0.08102366
20061,0.10892713
20062,0.26260754
20063,0.13978994
20064,0.17105654
20065,0.36124328
20066,0.3879159
20067,0.13836166
20068,0.32436198
20069,0.07708338
20070,0.071793966
20071,0.063082
20072,0.07449131
20073,0.08708859
20074,0.09866747
20075,0.0320729
20076,0.038439505
20077,0.07583581
20078,0.26179197
20079,0.047456264
20080,0.04484576
20081,0.08930239
20082,0.0677438
20083,0.07949967
20084,0.026209041
20085,0.10440592
20086,0.020697674
20087,0.055515897
20088,0.16960812
20089,0.18409258
20090,0.052301683
20091,0.04250563
20092,0.023077171
20093,0.004651698
20094,0.007661079
20095,0.28900054
20096,0.12525478
20097,0.07757645
20098,0.27125633
20099,0.3018419
20100,0.03402954
20101,0.09509282
20102,0.08874768
20103,0.0171182
20104,0.05385103
20105,0.02344042
20106,0.042066462
20107,0.021647299
20108,0.058589924
20109,0.08054785
20110,0.081066616
20111,0.19825798
20112,0.27252063
20113,0.029217608
20114,0.06565766
20115,0.018240005
20116,0.017476313
20117,0.031217774
20118,0.18172
20119,0.05662971
20120,0.054131147
20121,0.036450546
20122,0.14166656
20123,0.35799208
20124,0.049553584
20125,0.0728548
20126,0.015082016
20127,0.02396863
20128,0.07943312
20129,0.0687586
20130,0.024907738
20131,0.09278126
20132,0.14112255
20133,0.09387586
20134,0.10437099
20135,0.090729244
20136,0.036927883
20137,0.021645546
20138,0.015969887
20139,0.024193658
20140,0.06837219
20141,0.053174768
20142,0.11830107
20143,0.010549075
20144,0.035333674
20145,0.033586003
20146,0.014710414
20147,0.011329598
20148,0.037147876
20149,0.055193707
20150,0.018453559
20151,0.058379605
20152,0.23186322
20153,0.24944077
20154,0.045229644
20155,0.0739949
20156,0.043580703
20157,0.09179112
20158,0.053393904
20159,0.051750172
20160,0.033091545
20161,0.1461935
20162,0.02262799
20163,0.016214423
20164,0.025962926
20165,0.007170243
20166,0.046584852
20167,0.068863206
20168,0.16295737
20169,0.10458803
20170,0.11613618
20171,0.06926388
20172,0.040047403
20173,0.020558015
20174,0.0669663
20175,0.060330883
20176,0.0077354135
20177,0.109757856
20178,0.050420083
20179,0.42933902
20180,0.115087725
20181,0.053970203
20182,0.108651444
20183,0.04571972
20184,0.036973346
20185,0.020460406
20186,0.023199558
20187,0.01350534
20188,0.056093473
20189,0.013691488
20190,0.010096474
20191,0.061493758
20192,0.038848594
20193,0.055896483
20194,0.059712157
20195,0.13244505
20196,0.11690477
20197,0.22817533
20198,0.07139525
20199,0.025396269
20200,0.07080404
20201,0.025851179
20202,0.054406747
20203,0.019236285
20204,0.0069002677
20205,0.06913768
20206,0.053362824
20207,0.13558313
20208,0.052674185
20209,0.13559467
20210,0.04695292
20211,0.051032145
20212,0.022020485
20213,0.0068624313
20214,0.016338963
20215,0.11730165
20216,0.015234552
20217,0.029890744
20218,0.059315365
20219,0.027233519
20220,0.0069591184
20221,0.012177475
20222,0.023960004
20223,0.04803319
20224,0.051061336
20225,0.10546744
20226,0.12623787
20227,0.14827244
20228,0.11252199
20229,0.1248026
20230,0.0082423845
20231,0.07746703
20232,0.06329213
20233,0.006459483
20234,0.037282735
20235,0.08034887
20236,0.08417327
20237,0.045219105
20238,0.041301966
20239,0.059474885
20240,0.028940639
20241,0.05551329
20242,0.025539506
20243,0.025233332
20244,0.062776744
20245,0.011097248
20246,0.034648288
20247,0.09496601
20248,0.047701932
20249,0.120074876
20250,0.41901174
20251,0.09232147
20252,0.10556665
20253,0.07386723
20254,0.07075499
20255,0.07286663
20256,0.09375599
20257,0.07215354
20258,0.03179026
20259,0.26644033
20260,0.078882545
20261,0.08167591
20262,0.051004138
20263,0.063146055
20264,0.031245518
20265,0.024019001
20266,0.022824995
20267,0.03424619
20268,0.20486309
20269,0.0624791
20270,0.044986725
20271,0.10867924
20272,0.56180924
20273,0.09207596
20274,0.029800732
20275,0.11799133
20276,0.066963054
20277,0.18803951
20278,0.22399975
20279,0.09007964
20280,0.010139361
20281,0.018767202
20282,0.05237149
20283,0.0757958
20284,0.13900962
20285,0.16835444
20286,0.05047868
20287,0.16382064
20288,0.07298768
20289,0.00895721
20290,0.09107973
20291,0.0049021337
20292,0.037118886
20293,0.050978195
20294,0.0
20295,0.10134563
20296,0.165106
20297,0.11834126
20298,0.06666141
20299,0.039418206
20300,0.09122672
20301,0.14698213
20302,0.18252201
20303,0.06672211
20304,0.042515673
20305,0.022585664
20306,0.01954602
20307,0.059921425
20308,0.43450862
20309,0.03955732
20310,0.15728556
20311,0.24879253
20312,0.13246022
20313,0.0
20314,0.01617359
20315,0.0048356364
20316,0.03491947
20317,0.049780022
20318,0.14836076
20319,0.13569354
20320,0.11897795
20321,0.082780086
20322,0.15079533
20323,0.14704187
20324,0.12589666
20325,0.18865946
20326,0.22551876
20327,0.09747212
20328,0.04560072
20329,0.08425759
20330,0.106354
20331,0.22681282
20332,0.6983796
20333,0.013073893
20334,0.037995968
20335,0.2207941
20336,0.051116444
20337,0.22917248
20338,0.029762816
20339,0.059238788
20340,0.08585661
20341,0.035714682
20342,0.054267265
20343,0.29279307
20344,0.057188004
20345,0.10122352
20346,0.20566966
20347,0.15083145
20348,0.21534255
20349,0.2507564
20350,0.21791157
20351,0.038847584
20352,0.1605915
20353,0.11283653
20354,0.12783131
20355,0.69936514
20356,0.3144345
20357,0.3559169
20358,0.036969993
20359,0.026436705
20360,0.1492871
20361,0.06330524
20362,0.04112636
20363,0.026407577
20364,0.08085095
20365,0.027005281
20366,0.02569254
20367,0.03741641
20368,0.049261417
20369,0.08995005
20370,0.12425728
20371,0.13620225
20372,0.13183977
20373,0.11413438
20374,0.17195602
20375,0.14372453
20376,0.054659944
20377,0.11654087
20378,0.18505664
20379,0.040415883
20380,0.07614328
20381,0.76221585
20382,0.7436514
20383,0.4968982
20384,0.0421222
20385,0.11276796
20386,0.3225794
20387,0.10352475
20388,0.039131004
20389,0.07030005
20390,0.03221527
20391,0.07053784
20392,0.08779469
20393,0.077152364
20394,0.0252212
20395,0.2286334
20396,0.06518032
20397,0.045637347
20398,0.12898013
20399,0.13304113
20400,0.0854214
20401,0.06836383
20402,0.16305918
20403,0.10831782
20404,0.04097758
20405,0.121739574
20406,0.1087582
20407,0.10373274
20408,0.76751333
20409,0.7389852
20410,0.4951596
20411,0.050595067
20412,0.062221024
20413,0.04997113
20414,0.25467867
20415,0.11255034
20416,0.21104372
20417,0.05940551
20418,0.092005886
20419,0.04592671
20420,0.10163373
20421,0.12458603
20422,0.16054767
20423,0.17602976
20424,0.36120737
20425,0.3388871
20426,0.15211515
20427,0.16143636
20428,0.122162886
20429,0.084417485
20430,0.13031158
20431,0.08001917
20432,0.07036465
20433,0.1420018
20434,0.14909938
20435,0.08629698
20436,0.10832519
20437,0.04451148
20438,0.75961196
20439,1.0
20440,0.79046845
20441,0.104561
20442,0.06711699
20443,0.13898842
20444,0.039754987
20445,0.25282723
20446,0.04874317
20447,0.024707986
20448,0.020465028
20449,0.04021085
20450,0.09013121
20451,0.049265474
20452,0.22310042
20453,0.63453174
20454,0.07681518
20455,0.11221516
20456,0.10413688
20457,0.15369114
20458,0.07710607
20459,0.14410082
20460,0.116341986
20461,0.06659272
20462,0.09473137
20463,0.10481805
20464,0.098975874
20465,0.053379226
20466,0.049833965
20467,0.35102737
20468,0.28048873
20469,0.21924813
20470,0.09443894
20471,0.040183138
20472,0.09997148
20473,0.08028261
20474,0.20099942
20475,0.04900398
20476,0.0539039
20477,0.05937448
20478,0.03304405
20479,0.03756653
20480,0.063934185
20481,0.054713253
20482,0.19070967
20483,0.50564206
20484,0.22565007
20485,0.20231308
20486,0.14590445
20487,0.18540266
20488,0.16628696
20489,0.40697187
20490,0.108266756
20491,0.056148373
20492,0.055690534
20493,0.14861153
20494,0.16961738
20495,0.14230114
20496,0.36702156
20497,0.2523405
20498,0.21529695
20499,0.94592756
20500,0.16450578
20501,0.03375147
20502,0.14227138
20503,0.1831802
20504,0.056268994
20505,0.066817746
20506,0.3232798
20507,0.04940825
20508,0.027551679
20509,0.03340846
20510,0.03743984
20511,0.12401025
20512,0.25759953
20513,0.21571334
20514,0.2894369
20515,0.2338857
20516,0.13910827
20517,0.1385135
20518,0.22884782
20519,0.13401645
20520,0.0719435
20521,0.05165005
20522,0.26736265
20523,0.2592682
20524,0.06613625
20525,0.3828476
20526,0.21027088
20527,0.0
20528,0.0692779
20529,0.10593393
20530,0.08172175
20531,0.03856588
20532,0.0011764166
20533,0.019130232
20534,0.05428918
20535,0.06740415
20536,0.0875846
20537,0.15886644
20538,0.23516288
20539,0.5999581
20540,0.25726932
20541,0.20008108
20542,0.36913726
20543,0.10978384
20544,0.060928263
20545,0.059128847
20546,0.11889601
20547,0.19027166
20548,0.124741696
20549,0.029744983
20550,0.07171427
20551,0.11945378
20552,0.009819079
20553,0.0
20554,0.0383248
20555,0.08575613
20556,0.021174995
20557,0.024049401
20558,0.0117056435
20559,0.0329899
20560,0.069969065
20561,0.05173846
20562,0.091930084
20563,0.22091877
20564,0.16817151
20565,0.12116565
20566,0.47658166
20567,0.428808
20568,0.24748862
20569,0.13474077
20570,0.043657687
20571,0.024241507
20572,0.053472765
20573,0.107127786
20574,0.04713375
20575,0.02394117
20576,0.045522176
20577,0.61663675
20578,0.040879495
20579,0.013046871
20580,0.061633628
20581,0.05793907
20582,0.11348726
20583,0.037043482
20584,0.049599387
20585,0.015500629
20586,0.032990478
20587,0.022310708
20588,0.017770495
20589,0.040683247
20590,0.08381554
20591,0.115322016
20592,0.411734
20593,0.23569085
20594,0.14200452
20595,0.681178
20596,0.2617693
20597,0.32508588
20598,0.16431955
20599,0.02932597
20600,0.040093813
20601,0.06290725
20602,0.094852954
20603,0.024641966
20604,0.060544387
20605,0.06466503
20606,0.3019407
20607,0.08125071
20608,0.22048745
20609,0.037773833
20610,0.10131284
20611,0.12501319
20612,0.13221748
20613,0.16812703
20614,0.04302802
20615,0.022591108
20616,0.04580055
20617,0.1582045
20618,0.62582564
20619,0.18786868
20620,0.39647993
20621,0.18588698
20622,0.23576611
20623,0.16513045
20624,0.123704374
20625,0.036469176
20626,0.09089036
20627,0.08670895
20628,0.049457327
20629,0.1281481
20630,0.12995362
20631,0.06803299
20632,0.21127881
20633,0.030039774
20634,0.075068206
20635,0.025584493
20636,0.20898381
20637,0.0392575
20638,0.0034580778
20639,0.0
20640,0.09520833
20641,0.16315934
20642,0.022735052
20643,0.0
20644,0.111510575
20645,0.14787892
20646,0.061211538
20647,0.10034262
20648,0.019154401
20649,0.075139746
20650,0.06929853
20651,0.07184398
20652,0.11641619
20653,0.11082913
20654,0.03842903
20655,0.010923177
20656,0.002151896
20657,0.09442503
20658,0.008656886
20659,0.07673776
20660,0.013081933
20661,0.024438983
20662,0.11860674
20663,0.074196525
20664,0.04566901
20665,0.01039897
20666,0.06016843
20667,0.17428468
20668,0.23740892
20669,0.37720937
20670,0.115737334
20671,0.009990828
20672,0.06718949
20673,0.063149355
20674,0.05051037
20675,0.0813222
20676,0.1423262
20677,0.0060599856
20678,0.028998293
20679,0.02516085
20680,0.034346875
20681,0.026446104
20682,0.024274258
20683,0.04755049
20684,0.07548463
20685,0.24852414
20686,0.004262689
20687,0.010355874
20688,0.03408283
20689,0.06229187
20690,0.079558164
20691,0.24736868
20692,0.10858622
20693,0.0025706508
20694,0.10944926
20695,0.050681617
20696,0.018615827
20697,0.12471122
20698,0.13816977
20699,0.052081324
20700,0.009249114
20701,0.010708535
20702,0.19756831
20703,0.021970171
20704,0.018020786
20705,0.005807523
20706,0.10300756
20707,0.0860719
20708,0.028254243
20709,0.010980177
20710,0.028707417
20711,0.052691832
20712,0.2238892
20713,0.042698428
20714,0.0
20715,0.013399492
20716,0.03166098
20717,0.06620955
20718,0.062443044
20719,0.21674977
20720,0.06459626
20721,0.15542382
20722,0.06970798
20723,0.011898427
20724,0.009622197
20725,0.04168348
20726,0.042117048
20727,0.02773472
20728,0.17450383
20729,0.022613708
20730,0.14383416
20731,0.016242573
20732,0.08304604
20733,0.08841157
20734,0.018895358
20735,0.25816822
20736,0.484368
20737,0.111365795
20738,0.10617171
20739,0.041272134
20740,0.08462817
20741,0.051289015
20742,0.044017423
20743,0.08435306
20744,0.089973785
20745,0.15711898
20746,0.90919924
20747,0.067596294
20748,0.089535415
20749,0.07399092
20750,0.068468325
20751,0.024772221
20752,0.048946913
20753,0.13586569
20754,0.36324
20755,0.06849496
20756,0.13553806
20757,0.027825084
20758,0.06940251
20759,0.0032049376
20760,0.025112165
20761,0.10994245
20762,0.026412278
20763,0.030244477
20764,0.050119974
20765,0.06695823
20766,0.03920795
20767,0.047616627
20768,0.01370016
20769,0.016588232
20770,0.21390334
20771,0.06369281
20772,0.07827939
20773,0.026715467
20774,0.035291888
20775,0.065085046
20776,0.084287
20777,0.021960163
20778,0.051678523
20779,0.601507
20780,0.05046924
20781,0.09299487
20782,0.037428793
20783,0.03191575
20784,0.06389579
20785,0.0
20786,0.007113185
20787,0.23952971
20788,0.011014948
20789,0.0
20790,0.0018994724
20791,0.047260214
20792,0.14776433
20793,0.025284993
20794,0.009992419
20795,0.07981682
20796,0.017816635
20797,0.011793288
20798,0.035997853
20799,0.2019655
20800,0.009344879
20801,0.003762375
20802,0.014047239
20803,0.009224409
20804,0.069609694
20805,0.02834815
20806,0.13200073
20807,0.0530482
20808,0.011870895
20809,0.010669069
20810,0.0041592447
20811,0.067686915
20812,0.1849262
20813,0.09974262
20814,0.06537919
20815,0.050067917
20816,0.017789703
20817,0.04322367
20818,0.019402403
20819,0.053793468
20820,0.17721269
20821,0.10330316
20822,0.0008153718
20823,0.007487094
20824,0.007655604
20825,0.0036545142
20826,0.011381629
20827,0.012388978
20828,0.009194335
20829,0.009884435
20830,0.007079215
20831,0.0056596138
20832,0.033379015
20833,0.07510471
20834,0.0659568
20835,0.09820632
20836,0.0050637806
20837,0.11448
20838,0.010619635
20839,0.17364565
20840,0.002197169
20841,0.0
20842,0.040145364
20843,4.273507e-05
20844,0.012590246
20845,0.0064411256
20846,0.015275008
20847,0.050485972
20848,0.06224556
20849,0.010518046
20850,0.026771354
20851,0.0299974
20852,0.0002530518
20853,0.0
20854,0.019950157
20855,0.053789653
20856,0.088591404
20857,0.029072206
20858,0.058267605
20859,0.005431206
20860,0.033181336
20861,0.014615524
20862,0.09738228
20863,0.013873769
20864,0.024010766
20865,0.19120212
20866,0.05668928
20867,0.059293147
20868,0.06991384
20869,0.026969144
20870,0.018820973
20871,0.06690264
20872,0.025811005
20873,0.089318335
20874,0.13488977
20875,0.056076966
20876,0.021292007
20877,0.036476605
20878,0.03860031
20879,0.025682887
20880,0.025765007
20881,0.010101893
20882,0.011319484
20883,0.03092104
20884,0.022921082
20885,0.06743969
20886,0.072818115
20887,0.0486716
20888,0.009573547
20889,0.1641803
20890,0.013642805
20891,0.019831989
20892,0.04491989
20893,0.015524359
20894,0.025140744
20895,0.0489733
20896,0.0171407
20897,0.02395599
20898,0.041918512
20899,0.03508198
20900,0.03687429
20901,0.16700748
20902,0.14445989
20903,0.027607404
20904,0.08713691
20905,0.0029218656
20906,0.04213401
20907,0.060252756
20908,0.017864887
20909,0.026118703
20910,0.03943658
20911,0.050564222
20912,0.10296179
20913,0.037864365
20914,0.10454601
20915,0.010637797
20916,0.045036335
20917,0.008623088
20918,0.11684874
20919,0.09347227
20920,0.19465254
20921,0.08063204
20922,0.25766242
20923,0.08891711
20924,0.13592178
20925,0.0633272
20926,0.035118584
20927,0.09098163
20928,0.046160445
20929,0.061215114
20930,0.016499631
20931,0.11530659
20932,0.018512787
20933,0.52334225
20934,0.13540494
20935,0.17331977
20936,0.036162253
20937,0.0
20938,0.058468524
20939,0.06598472
20940,0.022579368
20941,0.016062992
20942,0.05806061
20943,0.12560464
20944,0.30885753
20945,0.3379179
20946,0.0041830773
20947,0.04577941
20948,0.11813784
20949,0.13359398
20950,0.05186938
20951,0.0024661538
20952,0.03986888
20953,0.038846716
20954,0.26210225
20955,0.13894023
20956,0.16610779
20957,0.35122663
20958,0.118397415
20959,0.38910693
20960,0.14141902
20961,0.315518
20962,0.08447391
20963,0.0648842
20964,0.056931067
20965,0.07254176
20966,0.10475837
20967,0.11599278
20968,0.10839517
20969,0.040231526
20970,0.08002925
20971,0.2811581
20972,0.06539607
20973,0.062352393
20974,0.11053485
20975,0.0770752
20976,0.105065316
20977,0.037474368
20978,0.020961666
20979,0.099857576
20980,0.0037349642
20981,0.04860497
20982,0.16235279
20983,0.039911903
20984,0.16767058
20985,0.036531728
20986,0.03730117
20987,0.035864733
20988,0.016003096
20989,0.2588946
20990,0.09480423
20991,0.03795929
20992,0.23229119
20993,0.25825956
20994,0.06525682
20995,0.04601989
20996,0.0
20997,0.027307669
20998,0.0
20999,0.0
21000,0.010516218
21001,0.0
21002,0.053152952
21003,0.07476634
21004,0.066118434
21005,0.18396208
21006,0.25360712
21007,0.024050638
21008,0.047598872
21009,0.03304057
21010,0.0056348266
21011,0.02013511
21012,0.17483884
21013,0.020800078
21014,0.049354825
21015,0.056688
21016,0.034908377
21017,0.009369477
21018,0.13570897
21019,0.34741697
21020,0.044166174
21021,0.06737968
21022,0.0144855585
21023,0.02713999
21024,0.06971263
21025,0.07149676
21026,0.03570493
21027,0.0016599185
21028,0.09003691
21029,0.14257969
21030,0.09163779
21031,0.10543443
21032,0.09394832
21033,0.0
21034,0.03992569
21035,0.024144914
21036,0.013209793
21037,0.022218548
21038,0.06345544
21039,0.043271568
21040,0.12119444
21041,0.0010279893
21042,0.035864368
21043,0.03377221
21044,0.010797614
21045,0.0023491392
21046,0.028819565
21047,0.04224805
21048,0.0074672997
21049,0.055412527
21050,0.23266402
21051,0.2373497
21052,0.04559718
21053,0.07808823
21054,0.035773005
21055,0.10021763
21056,0.047520142
21057,0.0043983976
21058,0.050836626
21059,0.033940047
21060,0.1385411
21061,0.023768716
21062,0.012095683
21063,0.022629179
21064,0.0
21065,0.04030954
21066,0.057601366
21067,0.1644921
21068,0.09370826
21069,0.11530818
21070,0.06809142
21071,0.034775976
21072,0.010218908
21073,0.05727937
21074,0.046026576
21075,0.0
21076,0.10543206
21077,0.049862187
21078,0.4158892
21079,0.11409659
21080,0.056704897
21081,0.11571931
21082,0.038487323
21083,0.030499697
21084,0.018188206
21085,0.017232245
21086,0.01083954
21087,0.017860768
21088,0.049604096
21089,0.014113447
21090,0.005258966
21091,0.05744126
21092,0.027175859
21093,0.048902404
21094,0.047731604
21095,0.133261
21096,0.10530625
21097,0.22662862
21098,0.06950404
21099,0.019406056
21100,0.059746217
21101,0.015445469
21102,0.03938369
21103,0.00940086
21104,0.0
21105,0.06409314
21106,0.052086156
21107,0.121414535
21108,0.050964322
21109,0.13761061
21110,0.037067812
21111,0.057381317
21112,0.0140692955
21113,0.0
21114,0.013348005
21115,0.11061554
21116,0.011849984
21117,0.02866184
21118,0.05210722
21119,0.017503617
21120,0.010217162
21121,0.022784688
21122,0.03923762
21123,0.046944454
21124,0.09636403
21125,0.129931
21126,0.13955118
21127,0.113852456
21128,0.12578863
21129,0.005129379
21130,0.06928636
21131,0.051146302
21132,0.0
21133,0.035115447
21134,0.08194937
21135,0.029897846
21136,0.08906643
21137,0.038211197
21138,0.036227994
21139,0.055159714
21140,0.028826863
21141,0.051704414
21142,0.027187826
21143,0.0063145803
21144,0.06718878
21145,0.010249851
21146,0.034585875
21147,0.08728331
21148,0.044697948
21149,0.11208435
21150,0.42381778
21151,0.084713064
21152,0.10801
21153,0.07596613
21154,0.068754874
21155,0.06579885
21156,0.08734035
21157,0.06112061
21158,0.03407047
21159,0.27244627
21160,0.072987534
21161,0.09201515
21162,0.04704306
21163,0.059943892
21164,0.03224468
21165,0.033097696
21166,0.026780188
21167,0.031666514
21168,0.037828214
21169,0.20923002
21170,0.059225865
21171,0.04641218
21172,0.105118155
21173,0.5710445
21174,0.08889698
21175,0.036673553
21176,0.12451965
21177,0.06939237
21178,0.1854012
21179,0.22201362
21180,0.083476104
21181,0.05574656
21182,0.08250546
21183,0.14944507
21184,0.16688886
21185,0.06524731
21186,0.16428903
21187,0.07421483
21188,0.09611467
21189,0.011814685
21190,0.006884394
21191,0.039556935
21192,0.045796007
21193,0.0
21194,0.09585555
21195,0.17241257
21196,0.113233306
21197,0.07160521
21198,0.0440176
21199,0.09172706
21200,0.14241493
21201,0.17860697
21202,0.05818962
21203,0.0
21204,0.04396177
21205,0.02779956
21206,0.011868078
21207,0.06470211
21208,0.44301498
21209,0.036162782
21210,0.17012529
21211,0.247332
21212,0.1317585
21213,0.022460097
21214,0.0041266847
21215,0.028951056
21216,0.0445966
21217,0.1355571
21218,0.12756847
21219,0.0
21220,0.11866288
21221,0.07005067
21222,0.14811766
21223,0.14401977
21224,0.11877554
21225,0.17647068
21226,0.21398216
21227,0.08131814
21228,0.039425325
21229,0.08184996
21230,0.09105458
21231,0.223972
21232,0.6992648
21233,0.018292144
21234,0.028913863
21235,0.21247081
21236,0.006885663
21237,0.046600945
21238,0.22681274
21239,0.065464534
21240,0.0928673
21241,0.035105094
21242,0.05833637
21243,0.01807477
21244,0.3046722
21245,0.056652725
21246,0.11073998
21247,0.21484168
21248,0.15590441
21249,0.21534789
21250,0.2514137
21251,0.2139517
21252,0.04007534
21253,0.16173159
21254,0.11885521
21255,0.13761786
21256,0.69626015
21257,0.3237877
21258,0.36899596
21259,0.05438235
21260,0.029548725
21261,0.15315796
21262,0.07098385
21263,0.030262602
21264,0.05428467
21265,0.09950119
21266,0.04140117
21267,0.04813854
21268,0.07278008
21269,0.101054296
21270,0.14541328
21271,0.15701383
21272,0.14855231
21273,0.12577927
21274,0.18425313
21275,0.15140425
21276,0.06409555
21277,0.12940826
21278,0.19783632
21279,0.058074098
21280,0.09756933
21281,0.77075034
21282,0.7646443
21283,0.5216168
21284,0.05763256
21285,0.062401433
21286,0.13208617
21287,0.34405318
21288,0.11901929
21289,0.052103862
21290,0.08558041
21291,0.039173827
21292,0.07223695
21293,0.09027876
21294,0.07201616
21295,0.02476372
21296,0.22318935
21297,0.0725328
21298,0.04057547
21299,0.13396998
21300,0.13768652
21301,0.08596778
21302,0.06384254
21303,0.15919009
21304,0.09983134
21305,0.034247044
21306,0.118440695
21307,0.10537164
21308,0.1052248
21309,0.75988185
21310,0.7438121
21311,0.50371224
21312,0.06348071
21313,0.060806412
21314,0.04931534
21315,0.2578305
21316,0.11785803
21317,0.21037216
21318,0.056212254
21319,0.09112009
21320,0.046232976
21321,0.09668056
21322,0.12041784
21323,0.14875919
21324,0.16891986
21325,0.34911102
21326,0.33958733
21327,0.1404009
21328,0.15977389
21329,0.120156005
21330,0.07831159
21331,0.1191379
21332,0.06949772
21333,0.055225864
21334,0.12861887
21335,0.13914822
21336,0.076258175
21337,0.10316498
21338,0.043119077
21339,0.7453283
21340,1.0
21341,0.7923692
21342,0.09456021
21343,0.07335044
21344,0.13092157
21345,0.24932697
21346,0.021132607
21347,0.041663416
21348,0.0839635
21349,0.047776487
21350,0.21662486
21351,0.6408527
21352,0.07072177
21353,0.1161735
21354,0.107750796
21355,0.15320598
21356,0.0715533
21357,0.13920021
21358,0.106824
21359,0.072247624
21360,0.0869693
21361,0.10048768
21362,0.094557814
21363,0.05383983
21364,0.054062363
21365,0.3423639
21366,0.28428394
21367,0.2267691
21368,0.090058915
21369,0.097525395
21370,0.07910161
21371,0.20311992
21372,0.05328015
21373,0.052200835
21374,0.062603705
21375,0.036321227
21376,0.055068627
21377,0.050526373
21378,0.18153624
21379,0.5092655
21380,0.21685883
21381,0.20357354
21382,0.1468205
21383,0.18221967
21384,0.15803634
21385,0.39937326
21386,0.09605092
21387,0.045688465
21388,0.048662245
21389,0.14149569
21390,0.1673801
21391,0.14383173
21392,0.3556602
21393,0.25343794
21394,0.2201201
21395,0.9388497
21396,0.17366208
21397,0.028607497
21398,0.13839258
21399,0.18260288
21400,0.057847254
21401,0.062416818
21402,0.33181155
21403,0.044378515
21404,0.02330698
21405,0.021543493
21406,0.030253557
21407,0.11183741
21408,0.25822327
21409,0.20392266
21410,0.28769803
21411,0.23180234
21412,0.13292585
21413,0.12726347
21414,0.21824996
21415,0.008023409
21416,0.12398888
21417,0.06182816
21418,0.046413347
21419,0.2658938
21420,0.24490735
21421,0.064234175
21422,0.37277022
21423,0.21642779
21424,0.0
21425,0.06609474
21426,0.09905564
21427,0.078144975
21428,0.0009577534
21429,3.260185e-05
21430,0.018771404
21431,0.046310067
21432,0.064103745
21433,0.07929767
21434,0.16337605
21435,0.22725809
21436,0.6021049
21437,0.25907186
21438,0.19778456
21439,0.3617731
21440,0.10307183
21441,0.0048241
21442,0.054786462
21443,0.052899398
21444,0.11754519
21445,0.1926887
21446,0.114266895
21447,0.031728823
21448,0.065522864
21449,0.12949662
21450,0.0
21451,0.03902753
21452,0.08276375
21453,0.021484116
21454,0.009640467
21455,0.020534934
21456,0.0032101027
21457,0.014517934
21458,0.036587138
21459,0.06594606
21460,0.05239415
21461,0.08759924
21462,0.22938457
21463,0.1642229
21464,0.12726887
21465,0.4823404
21466,0.43046775
21467,0.24408063
21468,0.13198501
21469,0.041472036
21470,0.021968171
21471,0.056078028
21472,0.11350086
21473,0.040615026
21474,0.029881125
21475,0.04328684
21476,0.6306357
21477,0.040578105
21478,0.013504285
21479,0.06629244
21480,0.058902718
21481,0.117752455
21482,0.05004101
21483,0.013420538
21484,0.033217896
21485,0.022935977
21486,0.019180732
21487,0.034473244
21488,0.08228419
21489,0.10880416
21490,0.4180128
21491,0.22955513
21492,0.14592054
21493,0.6847495
21494,0.26124194
21495,0.31949076
21496,0.15937664
21497,0.03686367
21498,0.04051207
21499,0.06709329
21500,0.0861472
21501,0.056122094
21502,0.07647694
21503,0.29945228
21504,0.0795211
21505,0.22295927
21506,0.036550485
21507,0.103391014
21508,0.1292471
21509,0.1304721
21510,0.16385992
21511,0.041068394
21512,0.05097837
21513,0.031511206
21514,0.059399348
21515,0.16681679
21516,0.6472342
21517,0.19686311
21518,0.4155261
21519,0.20458879
21520,0.25036892
21521,0.17466556
21522,0.13389139
21523,0.047138948
21524,0.020790316
21525,0.10931773
21526,0.060165096
21527,0.15509021
21528,0.14259544
21529,0.08143347
21530,0.22888082
21531,0.04394656
21532,0.09227646
21533,0.044948444
21534,0.22236857
21535,0.050120525
21536,0.0
21537,0.0
21538,0.08778231
21539,0.16852999
21540,0.015691187
21541,0.0
21542,0.11417397
21543,0.14644338
21544,0.054708313
21545,0.094491474
21546,0.013785935
21547,0.07464982
21548,0.07257642
21549,0.06222999
21550,0.11926092
21551,0.10549862
21552,0.049332764
21553,0.007526626
21554,0.09598867
21555,0.010068827
21556,0.011982614
21557,0.074084185
21558,0.01943737
21559,0.108618535
21560,0.07700482
21561,0.03606297
21562,0.010844703
21563,0.060269676
21564,0.17028698
21565,0.22834353
21566,0.36879617
21567,0.102706686
21568,0.06343194
21569,0.0734295
21570,0.1506678
21571,0.0008600607
21572,0.027999805
21573,0.020467248
21574,0.032954752
21575,0.05125182
21576,0.07419938
21577,0.26003566
21578,0.0033596081
21579,0.01950458
21580,0.04288704
21581,0.066997044
21582,0.079195656
21583,0.24765846
21584,0.10425853
21585,0.003430636
21586,0.11510011
21587,0.047208525
21588,0.027601363
21589,0.13742237
21590,0.13898006
21591,0.06912581
21592,0.0
21593,0.016953574
21594,0.0147178825
21595,0.20487921
21596,0.027265998
21597,0.0013610418
21598,0.09357452
21599,0.08943535
21600,0.019203335
21601,0.011981039
21602,0.029363802
21603,0.04924923
21604,0.21537896
21605,0.034840304
21606,0.010902581
21607,0.032931894
21608,0.054588594
21609,0.063280754
21610,0.22131325
21611,0.057258766
21612,0.16432053
21613,0.06430438
21614,0.0072536417
21615,0.037544977
21616,0.041280054
21617,0.02905339
21618,0.16732158
21619,0.0
21620,0.15210651
21621,0.0144735165
21622,0.076290414
21623,0.09445243
21624,0.012521876
21625,0.024333762
21626,0.26150218
21627,0.48360285
21628,0.105532914
21629,0.10099098
21630,0.031474076
21631,0.07658602
21632,0.046678618
21633,0.03931933
21634,0.084533535
21635,0.093922056
21636,0.14817546
21637,0.9127149
21638,0.08487529
21639,0.045340843
21640,0.07126474
21641,0.06650095
21642,0.027006289
21643,0.047485843
21644,0.13770618
21645,0.36723608
21646,0.066511765
21647,0.13103323
21648,0.080352075
21649,0.009897043
21650,0.12444454
21651,0.028499976
21652,0.04203946
21653,0.05274827
21654,0.07023865
21655,0.037871074
21656,0.051467378
21657,0.025229944
21658,0.21342103
21659,0.07566908
21660,0.0939815
21661,0.030516567
21662,0.055327237
21663,0.07082005
21664,0.09078079
21665,0.03265541
21666,0.037838276
21667,0.061980043
21668,0.61396384
21669,0.05694727
21670,0.09695115
21671,0.06628803
21672,0.05683958
21673,0.02224743
21674,0.067023955
21675,0.0
21676,0.007878725
21677,0.23585172
21678,0.0022693628
21679,0.012421603
21680,0.0
21681,0.033420425
21682,0.04786263
21683,0.1520925
21684,0.017712142
21685,0.018653834
21686,0.074177906
21687,0.012936548
21688,0.011114615
21689,0.034925554
21690,0.20304891
21691,0.004448999
21692,0.022084132
21693,0.07568281
21694,0.03205869
21695,0.13126786
21696,0.04724758
21697,0.007292715
21698,0.0060032103
21699,0.0043720165
21700,0.071234286
21701,0.19219944
21702,0.095114745
21703,0.07698557
21704,0.047374
21705,0.015854578
21706,0.045489985
21707,0.01797359
21708,0.05566614
21709,0.18124114
21710,0.10135222
21711,0.0
21712,0.052831065
21713,0.0
21714,0.008590008
21715,0.01627696
21716,0.00014544674
21717,0.002804899
21718,0.04130579
21719,0.0
21720,0.03415028
21721,0.07960181
21722,0.058552865
21723,0.107036605
21724,0.0045539476
21725,0.006960705
21726,0.11357657
21727,0.16891867
21728,0.0
21729,0.0
21730,0.028207388
21731,0.0
21732,0.047115844
21733,0.005074586
21734,0.016853614
21735,0.006605495
21736,0.0
21737,0.011023838
21738,0.05679039
21739,0.0
21740,0.0
21741,0.05851503
21742,0.009480231
21743,0.028943816
21744,0.0
21745,0.0
21746,0.026376512
21747,0.073012464
21748,0.09539984
21749,0.04593246
21750,0.074783325
21751,0.017847987
21752,0.038321186
21753,0.027977984
21754,0.11407934
21755,0.060430437
21756,0.016315864
21757,0.02928977
21758,0.20622459
21759,0.07725986
21760,0.06788801
21761,0.067970105
21762,0.067915425
21763,0.035022516
21764,0.06544484
21765,0.025005382
21766,0.08565127
21767,0.012318077
21768,0.14277993
21769,0.067693025
21770,0.027901154
21771,0.039390616
21772,0.044815827
21773,0.025635228
21774,0.06876469
21775,0.0026715281
21776,0.017502794
21777,0.0288108
21778,0.021462988
21779,0.019021712
21780,0.06655188
21781,0.080055855
21782,0.024870297
21783,0.16974342
21784,0.01538226
21785,0.01904973
21786,0.05959213
21787,0.027935488
21788,0.037207384
21789,0.056940936
21790,0.020040676
21791,0.027508104
21792,0.04085328
21793,0.03577267
21794,0.018073222
21795,0.04955545
21796,0.16679682
21797,0.15670781
21798,0.097710155
21799,0.03568416
21800,0.048973158
21801,0.046973575
21802,0.04522067
21803,0.06426967
21804,0.03760326
21805,0.05440847
21806,0.10773638
21807,0.056586884
21808,0.04771656
21809,0.01749319
21810,0.061608147
21811,0.15496598
21812,0.055010855
21813,0.090339646
21814,0.16735132
21815,0.14385323
21816,0.023750104
21817,0.046530474
21818,0.21352866
21819,0.093461156
21820,0.27142173
21821,0.106678836
21822,0.15488024
21823,0.04449552
21824,0.099396914
21825,0.062289707
21826,0.028522143
21827,0.1333824
21828,0.030541534
21829,0.5363013
21830,0.15236627
21831,0.17719546
21832,0.044738803
21833,0.0624795
21834,0.07845262
21835,0.13994966
21836,0.32413286
21837,0.35719547
21838,0.024657564
21839,0.066132404
21840,0.12432992
21841,0.14448677
21842,0.054459956
21843,0.016004572
21844,0.05236893
21845,0.14458975
21846,0.06573239
21847,0.2829409
21848,0.16070928
21849,0.19187908
21850,0.37819454
21851,0.14524399
21852,0.4017925
21853,0.15423997
21854,0.34337014
21855,0.09355807
21856,0.08491624
21857,0.075924605
21858,0.092783205
21859,0.09662578
21860,0.108790554
21861,0.038228393
21862,0.045125697
21863,0.071571425
21864,0.2648726
21865,0.0557215
21866,0.09438454
21867,0.07595609
21868,0.08517822
21869,0.028535187
21870,0.03098728
21871,0.11972003
21872,0.016677791
21873,0.055500764
21874,0.17017896
21875,0.05174033
21876,0.18069573
21877,0.0494355
21878,0.041218527
21879,0.019016389
21880,0.020585047
21881,0.28306818
21882,0.11990826
21883,0.019551236
21884,0.068262346
21885,0.26247293
21886,0.28210792
21887,0.087888435
21888,0.06722768
21889,0.008708848
21890,0.04346362
21891,0.010296987
21892,0.0
21893,0.034092635
21894,0.059883956
21895,0.08242774
21896,0.0789789
21897,0.19670106
21898,0.26001284
21899,0.01686521
21900,0.029239634
21901,0.051364094
21902,0.015078967
21903,0.028017027
21904,0.011559245
21905,0.025021128
21906,0.18097259
21907,0.016393676
21908,0.045895603
21909,0.06600619
21910,0.048228893
21911,0.023886774
21912,0.15010484
21913,0.3554795
21914,0.048140272
21915,0.07295741
21916,0.021129621
21917,0.033985857
21918,0.075134695
21919,0.077570796
21920,0.032338288
21921,0.09657977
21922,0.15037034
21923,0.08888827
21924,0.10363212
21925,0.102361396
21926,0.04326857
21927,0.018189317
21928,0.014141007
21929,0.0236505
21930,0.07203072
21931,0.047018353
21932,0.1347781
21933,0.0076919678
21934,0.03648136
21935,0.03531955
21936,0.016347226
21937,0.009095527
21938,0.035444524
21939,0.042539798
21940,0.005274106
21941,0.054285675
21942,0.23173897
21943,0.23500091
21944,0.04390031
21945,0.070687495
21946,0.043403465
21947,0.0890801
21948,0.047330495
21949,0.0031703548
21950,0.050856367
21951,0.034582246
21952,0.14773269
21953,0.018725587
21954,0.013939363
21955,0.024973596
21956,0.002832994
21957,0.049797285
21958,0.062260628
21959,0.17898813
21960,0.10128469
21961,0.116837636
21962,0.07055123
21963,0.041238036
21964,0.01787775
21965,0.06481676
21966,0.04723079
21967,0.0
21968,0.10521772
21969,0.049849574
21970,0.4144528
21971,0.113312185
21972,0.050216634
21973,0.105494246
21974,0.03921014
21975,0.03018412
21976,0.01912042
21977,0.00762426
21978,0.040179748
21979,0.011840343
21980,0.00987267
21981,0.062555686
21982,0.036562618
21983,0.061160173
21984,0.055160884
21985,0.15052703
21986,0.1156527
21987,0.23092808
21988,0.07473387
21989,0.02863815
21990,0.07017503
21991,0.04335793
21992,0.06664881
21993,0.054843564
21994,0.122748174
21995,0.052949943
21996,0.13389231
21997,0.048380725
21998,0.049926244
21999,0.017562147
22000,0.103777595
22001,0.045452904
22002,0.030377714
22003,0.0049918983
22004,0.0118375905
22005,0.024905844
22006,0.045631144
22007,0.056208953
22008,0.10080004
22009,0.14420377
22010,0.14690438
22011,0.115158655
22012,0.1280252
22013,0.011368201
22014,0.07672198
22015,0.02447014
22016,0.05212727
22017,0.08171354
22018,0.043170907
22019,0.028890196
22020,0.08235491
22021,0.04653088
22022,0.017138535
22023,0.036727566
22024,0.054620884
22025,0.029535823
22026,0.041873194
22027,0.028519215
22028,0.011254822
22029,0.06341804
22030,0.03820271
22031,0.09517246
22032,0.055458102
22033,0.118016
22034,0.43958625
22035,0.09356188
22036,0.11081184
22037,0.079698324
22038,0.07648936
22039,0.07473011
22040,0.09615015
22041,0.063597165
22042,0.034558486
22043,0.2672304
22044,0.08280285
22045,0.08306246
22046,0.049038306
22047,0.060900692
22048,0.024762115
22049,0.021962943
22050,0.035011504
22051,0.206914
22052,0.061182234
22053,0.051239535
22054,0.10511701
22055,0.5808799
22056,0.091813006
22057,0.033542592
22058,0.12231906
22059,0.07119405
22060,0.1883996
22061,0.2248906
22062,0.0800199
22063,0.0011786736
22064,0.0113224955
22065,0.050871775
22066,0.07706063
22067,0.13829638
22068,0.17077143
22069,0.05036188
22070,0.16035141
22071,0.069238834
22072,0.082793504
22073,0.01403604
22074,0.010208806
22075,0.012165334
22076,0.045338605
22077,0.055850074
22078,0.012316902
22079,0.10395207
22080,0.19034582
22081,0.124246985
22082,0.07657192
22083,0.049914673
22084,0.1016264
22085,0.15351097
22086,0.18958163
22087,0.06283105
22088,0.0
22089,0.04718463
22090,0.013868943
22091,0.06735495
22092,0.439964
22093,0.048142944
22094,0.16333745
22095,0.25149214
22096,0.13488017
22097,0.01723652
22098,0.03897296
22099,0.055119254
22100,0.15035205
22101,0.14523445
22102,0.008847183
22103,0.14133716
22104,0.085805304
22105,0.15782537
22106,0.15465783
22107,0.13341579
22108,0.19230774
22109,0.22969778
22110,0.09070055
22111,0.04738916
22112,0.090015605
22113,0.09779642
22114,0.23136586
22115,0.70095444
22116,0.016245268
22117,0.03781492
22118,0.2203335
22119,0.015996097
22120,0.046118394
22121,0.23654559
22122,0.06272242
22123,0.09062596
22124,0.037136137
22125,0.063238434
22126,0.018148327
22127,0.31458256
22128,0.059643418
22129,0.10768368
22130,0.21271583
22131,0.15778078
22132,0.21842103
22133,0.25436532
22134,0.21057025
22135,0.03260527
22136,0.15586516
22137,0.1140551
22138,0.13301957
22139,0.6902378
22140,0.31841764
22141,0.35792193
22142,0.03957153
22143,0.025685811
22144,0.14825672
22145,0.05773738
22146,0.016252542
22147,0.033298805
22148,0.08590284
22149,0.028709315
22150,0.034946196
22151,0.036855083
22152,0.07133345
22153,0.09268799
22154,0.13100006
22155,0.143531
22156,0.13907169
22157,0.11749538
22158,0.17584787
22159,0.1366658
22160,0.11058101
22161,0.18061292
22162,0.041916993
22163,0.08161402
22164,0.75337106
22165,0.7479168
22166,0.4991859
22167,0.03685077
22168,0.10748259
22169,0.32966518
22170,0.093652315
22171,0.04626521
22172,0.071339756
22173,0.0721885
22174,0.090731055
22175,0.076740816
22176,0.032359354
22177,0.22595665
22178,0.0851368
22179,0.046259817
22180,0.13360734
22181,0.13825431
22182,0.09053778
22183,0.069609314
22184,0.16483547
22185,0.09914346
22186,0.03043219
22187,0.113664225
22188,0.10219883
22189,0.103118345
22190,0.75655293
22191,0.74113494
22192,0.49533176
22193,0.051363613
22194,0.059637155
22195,0.023066564
22196,0.24727778
22197,0.117520645
22198,0.19905582
22199,0.06442419
22200,0.09093008
22201,0.043435257
22202,0.10076959
22203,0.1250076
22204,0.1576213
22205,0.180653
22206,0.35601556
22207,0.35632885
22208,0.15022282
22209,0.16354877
22210,0.1248612
22211,0.08701905
22212,0.12904222
22213,0.07928052
22214,0.058675475
22215,0.064569235
22216,0.12894157
22217,0.13850921
22218,0.07722282
22219,0.10519599
22220,0.74613726
22221,1.0
22222,0.7881262
22223,0.10534848
22224,0.06537075
22225,0.1338898
22226,0.028515501
22227,0.24291164
22228,0.018247591
22229,0.039279137
22230,0.08585155
22231,0.052535526
22232,0.21655545
22233,0.6506199
22234,0.07356949
22235,0.11297425
22236,0.10548191
22237,0.15493931
22238,0.07448346
22239,0.14200889
22240,0.10329951
22241,0.06089538
22242,0.08031785
22243,0.0928746
22244,0.08854841
22245,0.048896752
22246,0.04932106
22247,0.33619875
22248,0.27877095
22249,0.21555209
22250,0.093873136
22251,0.03708357
22252,0.093519524
22253,0.064764954
22254,0.18973035
22255,0.05010609
22256,0.038047787
22257,0.055312946
22258,0.059437826
22259,0.057766575
22260,0.18394803
22261,0.521514
22262,0.22218774
22263,0.20285545
22264,0.14703278
22265,0.18643418
22266,0.1634476
22267,0.404663
22268,0.09500753
22269,0.041518155
22270,0.043530352
22271,0.13796741
22272,0.1649182
22273,0.14157161
22274,0.35197616
22275,0.25040585
22276,0.21138428
22277,0.9451448
22278,0.16118944
22279,0.027082743
22280,0.12653698
22281,0.17169447
22282,0.057154357
22283,0.050744884
22284,0.32281962
22285,0.04806585
22286,0.027495034
22287,0.030003868
22288,0.041584946
22289,0.11834031
22290,0.27456287
22291,0.21334273
22292,0.291071
22293,0.23610575
22294,0.14123149
22295,0.13676588
22296,0.22763096
22297,0.039362345
22298,0.007944288
22299,0.122948125
22300,0.06239108
22301,0.048042625
22302,0.2677248
22303,0.2453146
22304,0.0652934
22305,0.38315678
22306,0.20804627
22307,0.068870604
22308,0.09129131
22309,0.071327835
22310,0.04054305
22311,0.0
22312,0.006639078
22313,0.025878629
22314,0.05768968
22315,0.07835425
22316,0.08871972
22317,0.18263488
22318,0.23959735
22319,0.6083974
22320,0.26629448
22321,0.20900945
22322,0.3741947
22323,0.115371995
22324,0.056664914
22325,0.05638149
22326,0.1220936
22327,0.19743891
22328,0.11759329
22329,0.035707235
22330,0.07882857
22331,0.12403434
22332,0.04472258
22333,0.07791856
22334,0.017586112
22335,0.015957927
22336,0.015873402
22337,0.01807698
22338,0.04936281
22339,0.014662905
22340,0.037232853
22341,0.07086409
22342,0.060183164
22343,0.09055979
22344,0.24218184
22345,0.17010061
22346,0.12709957
22347,0.4831013
22348,0.43523094
22349,0.2500406
22350,0.13782364
22351,0.018988743
22352,0.05416491
22353,0.11178957
22354,0.037479963
22355,0.050131045
22356,0.6187122
22357,0.039602224
22358,0.011490002
22359,0.06552596
22360,0.04759605
22361,0.10739298
22362,0.04332028
22363,0.038917977
22364,0.03322128
22365,0.032211956
22366,0.02895744
22367,0.048522342
22368,0.09920422
22369,0.12089572
22370,0.4399411
22371,0.24456388
22372,0.15488234
22373,0.6946415
22374,0.2751362
22375,0.3345818
22376,0.17434634
22377,0.04141163
22378,0.031017223
22379,0.047730014
22380,0.07451301
22381,0.09214314
22382,0.07209724
22383,0.07368416
22384,0.3076074
22385,0.08663781
22386,0.23132372
22387,0.034374826
22388,0.10216255
22389,0.138234
22390,0.12848003
22391,0.1813963
22392,0.050202824
22393,0.045212965
22394,0.060777288
22395,0.16336624
22396,0.6536205
22397,0.19632973
22398,0.4089456
22399,0.19893879
22400,0.24872103
22401,0.17421448
22402,0.13331895
22403,0.037748415
22404,0.012466115
22405,0.03470157
22406,0.09471965
22407,0.060598206
22408,0.13675526
22409,0.1352084
22410,0.07300807
22411,0.22170313
22412,0.026228745
22413,0.0755059
22414,0.20483442
22415,0.052114774
22416,0.0886354
22417,0.17921989
22418,0.019461483
22419,0.112827614
22420,0.1490993
22421,0.058561005
22422,0.09822273
22423,0.008699038
22424,0.07062929
22425,0.06875768
22426,0.11467034
22427,0.11023537
22428,0.035301533
22429,0.0
22430,0.09311473
22431,0.0
22432,0.060853742
22433,0.041067485
22434,0.022225788
22435,0.10657849
22436,0.0848016
22437,0.036940113
22438,0.05603014
22439,0.17004974
22440,0.22930308
22441,0.36963427
22442,0.09721158
22443,0.0009411009
22444,0.01623584
22445,0.046877652
22446,0.055948213
22447,0.07527312
22448,0.13374344
22449,0.0
22450,0.022232687
22451,0.004159971
22452,0.017594602
22453,0.022065016
22454,0.0
22455,0.055494428
22456,0.073613495
22457,0.26928666
22458,0.0056909327
22459,0.01578892
22460,0.040101726
22461,0.06821399
22462,0.081609376
22463,0.24995084
22464,0.10021759
22465,0.0
22466,0.10964059
22467,0.027003694
22468,0.040526994
22469,0.021571824
22470,0.12568906
22471,0.14227787
22472,0.05365561
22473,0.012640681
22474,0.0
22475,0.1909733
22476,0.02774618
22477,0.018505305
22478,0.014366282
22479,0.10175127
22480,0.10744894
22481,0.030297322
22482,0.017028019
22483,0.035341136
22484,0.05922881
22485,0.22655532
22486,0.045895237
22487,0.014205728
22488,0.03643682
22489,0.05666972
22490,0.066013835
22491,0.21834256
22492,0.06931915
22493,0.15761301
22494,0.06854472
22495,0.010455581
22496,0.031454556
22497,0.03613676
22498,0.034125593
22499,0.18094322
22500,0.023713037
22501,0.14887974
22502,0.022464016
22503,0.07945245
22504,0.10745131
22505,0.02436601
22506,0.26246464
22507,0.48856762
22508,0.11169459
22509,0.10703113
22510,0.031181077
22511,0.07316602
22512,0.042297054
22513,0.036541402
22514,0.08282194
22515,0.09241226
22516,0.14524189
22517,0.9104328
22518,0.09192099
22519,0.033618543
22520,0.07049033
22521,0.064688124
22522,0.026441265
22523,0.036380667
22524,0.1275481
22525,0.36729345
22526,0.05559022
22527,0.1396401
22528,0.025832593
22529,0.07211057
22530,0.1388052
22531,0.03594108
22532,0.04436393
22533,0.060271796
22534,0.077640735
22535,0.038939953
22536,0.018937267
22537,0.048447687
22538,0.024880216
22539,0.21184942
22540,0.07474932
22541,0.08735787
22542,0.038924128
22543,0.044966795
22544,0.07140752
22545,0.09032986
22546,0.033452276
22547,0.028094925
22548,0.053183965
22549,0.61538285
22550,0.04738759
22551,0.10691986
22552,0.06263713
22553,0.04995996
22554,0.029212145
22555,0.08382549
22556,0.0
22557,0.011713635
22558,0.24461928
22559,0.012233698
22560,0.0
22561,0.049383726
22562,0.14790972
22563,0.02856055
22564,0.010734211
22565,0.077206165
22566,0.014926427
22567,0.0143523
22568,0.028570173
22569,0.20690905
22570,0.0
22571,0.008754295
22572,0.017645288
22573,0.010821034
22574,0.09383958
22575,0.03724887
22576,0.021319915
22577,0.14139059
22578,0.058567114
22579,0.008069053
22580,0.007818338
22581,0.074110545
22582,0.18937184
22583,0.10731834
22584,0.07042117
22585,0.051757533
22586,0.019199718
22587,0.012026329
22588,0.050666034
22589,0.18645646
22590,0.09558857
22591,0.0040130583
22592,0.0
22593,0.06731225
22594,0.0059312396
22595,0.010104532
22596,0.018721825
22597,0.00659257
22598,0.010448826
22599,0.034667272
22600,0.0
22601,0.0
22602,0.0028669194
22603,0.03335095
22604,0.07309862
22605,0.06708078
22606,0.096796624
22607,0.1049009
22608,0.1594795
22609,0.008140043
22610,0.0
22611,0.060065266
22612,0.0006285817
22613,0.0050573596
22614,0.017766735
22615,0.011520881
22616,0.017014585
22617,0.04862013
22618,0.0
22619,0.0014301755
22620,0.012604207
22621,0.065511234
22622,0.0076179784
22623,0.02932049
22624,0.0
22625,0.01797282
22626,0.00523512
22627,0.0
22628,0.014396418
22629,0.070869215
22630,0.08633691
22631,0.060603864
22632,0.0076706717
22633,0.019759046
22634,0.011124241
22635,0.096655585
22636,0.013582611
22637,0.18092445
22638,0.062175214
22639,0.04182438
22640,0.06143493
22641,0.1201731
22642,0.08269313
22643,0.043753266
22644,0.080304995
22645,0.09092979
22646,0.016634984
22647,0.14919682
22648,0.06840604
22649,0.036983922
22650,0.04335628
22651,0.079292014
22652,0.006279205
22653,0.015063481
22654,0.03250092
22655,0.025031637
22656,0.016257163
22657,0.059698775
22658,0.075302675
22659,0.0014414189
22660,0.1571138
22661,0.00198918
22662,0.025185028
22663,0.010654695
22664,0.048879076
22665,0.024283903
22666,0.03448613
22667,0.058221944
22668,0.022518478
22669,0.029864464
22670,0.036876444
22671,0.028668858
22672,0.010007794
22673,0.0052998
22674,0.017344452
22675,0.044361793
22676,0.16017942
22677,0.15074237
22678,0.020090152
22679,0.08386832
22680,0.027483696
22681,0.031616986
22682,0.0453564
22683,0.053743865
22684,0.0771204
22685,0.12012811
22686,0.0693215
22687,0.13517338
22688,0.033371706
22689,0.07302802
22690,0.03853696
22691,0.14398892
22692,0.12922198
22693,0.034895916
22694,0.20441689
22695,0.26479074
22696,0.09796789
22697,0.14219867
22698,0.040151518
22699,0.098443195
22700,0.042809457
22701,0.04617446
22702,0.017809862
22703,0.12740158
22704,0.022714145
22705,0.5328015
22706,0.14678629
22707,0.018740837
22708,0.16901724
22709,0.043525785
22710,0.053274672
22711,0.026220148
22712,0.01705085
22713,0.03194313
22714,0.07881501
22715,0.13846558
22716,0.32697612
22717,0.35795873
22718,0.021450205
22719,0.07165611
22720,0.12249489
22721,0.14961706
22722,0.02757995
22723,0.047818907
22724,0.014766494
22725,0.053739537
22726,0.052844014
22727,0.26820615
22728,0.15030178
22729,0.17939156
22730,0.3617366
22731,0.13751689
22732,0.38670692
22733,0.14230101
22734,0.3312772
22735,0.073666245
22736,0.06404445
22737,0.08602074
22738,0.09895444
22739,0.11544671
22740,0.038833827
22741,0.054462176
22742,0.07594369
22743,0.26685047
22744,0.06365748
22745,0.051980253
22746,0.099509135
22747,0.08092656
22748,0.08234997
22749,0.03110991
22750,0.03927006
22751,0.10102208
22752,0.04675023
22753,0.16575591
22754,0.0452372
22755,0.17022201
22756,0.03807536
22757,0.015002358
22758,0.281092
22759,0.122259595
22760,0.0645629
22761,0.26750466
22762,0.28217527
22763,0.016653098
22764,0.024741428
22765,0.09151958
22766,0.06998798
22767,0.0044782795
22768,0.008566859
22769,0.0400889
22770,0.08183999
22771,0.07234046
22772,0.19879365
22773,0.25714132
22774,0.021954564
22775,0.016137138
22776,0.029931754
22777,0.051185306
22778,0.012959687
22779,0.017944897
22780,0.006890058
22781,0.022960648
22782,0.18402976
22783,0.011583383
22784,0.048110973
22785,0.07237065
22786,0.05251324
22787,0.15914963
22788,0.3595601
22789,0.06018181
22790,0.08135316
22791,0.027028602
22792,0.0416302
22793,0.08190815
22794,0.07735334
22795,0.035980884
22796,0.029218351
22797,0.101471476
22798,0.16037974
22799,0.09103018
22800,0.11279967
22801,0.105575524
22802,0.0
22803,0.04160228
22804,0.01873201
22805,0.017065449
22806,0.030138692
22807,0.00038086632
22808,0.07690998
22809,0.051623244
22810,0.12208154
22811,0.006789454
22812,0.03373233
22813,0.03689799
22814,0.0046232594
22815,0.039703324
22816,0.04183436
22817,0.008883832
22818,0.055398658
22819,0.23459734
22820,0.23698843
22821,0.03889688
22822,0.070734374
22823,0.043296248
22824,0.081174135
22825,0.044827525
22826,0.0032760613
22827,0.056079775
22828,0.0052493247
22829,0.033010356
22830,0.14507213
22831,0.02150858
22832,0.01910411
22833,0.0337021
22834,0.0055408585
22835,0.056916837
22836,0.06910577
22837,0.16853195
22838,0.102622494
22839,0.1163289
22840,0.074370004
22841,0.042976692
22842,0.015645789
22843,0.07131584
22844,0.048765667
22845,0.10857099
22846,0.054948207
22847,0.41868046
22848,0.11054905
22849,0.052503884
22850,0.09982861
22851,0.038947478
22852,0.032530174
22853,0.026584128
22854,0.008800595
22855,0.045376506
22856,0.023965226
22857,0.012674327
22858,0.013088408
22859,0.06933509
22860,0.037321478
22861,0.06633066
22862,0.06005705
22863,0.13812186
22864,0.11504147
22865,0.2284704
22866,0.07660361
22867,0.028427798
22868,0.06599406
22869,0.03030299
22870,0.042943794
22871,0.068053074
22872,0.057993192
22873,0.12502715
22874,0.048237815
22875,0.13423058
22876,0.048564803
22877,0.042311594
22878,0.015350455
22879,0.10142477
22880,0.010632071
22881,0.048700646
22882,0.028008526
22883,0.004736445
22884,0.013963898
22885,0.030595884
22886,0.045300562
22887,0.060290053
22888,0.10460676
22889,0.13070916
22890,0.14520377
22891,0.11161145
22892,0.12880549
22893,0.01006841
22894,0.07145157
22895,0.027930813
22896,0.050623693
22897,0.034992654
22898,0.08377369
22899,0.044360243
22900,0.02308862
22901,0.08160364
22902,0.045625523
22903,0.033426452
22904,0.053928457
22905,0.033961106
22906,0.038430948
22907,0.026149178
22908,0.013413111
22909,0.0619805
22910,0.014310083
22911,0.042710595
22912,0.09365973
22913,0.05835706
22914,0.12064059
22915,0.42490962
22916,0.09067907
22917,0.1060825
22918,0.079296485
22919,0.074007414
22920,0.06827756
22921,0.09842866
22922,0.060911495
22923,0.012096243
22924,0.26529714
22925,0.08071533
22926,0.07317621
22927,0.044555034
22928,0.059026144
22929,0.020137722
22930,0.026055092
22931,0.02315666
22932,0.03858699
22933,0.21405329
22934,0.062300786
22935,0.05676981
22936,0.110372886
22937,0.5688345
22938,0.0915615
22939,0.031444587
22940,0.12454851
22941,0.07134342
22942,0.18457837
22943,0.22980045
22944,0.07996548
22945,0.015583239
22946,0.052635804
22947,0.07270819
22948,0.13899438
22949,0.17131522
22950,0.04310698
22951,0.15849943
22952,0.06999555
22953,0.08782605
22954,0.014704936
22955,0.051441986
22956,0.05593281
22957,0.016811293
22958,0.10817212
22959,0.17726457
22960,0.12295964
22961,0.07343804
22962,0.05110827
22963,0.10073994
22964,0.14865392
22965,0.19345564
22966,0.061740834
22967,0.0479128
22968,0.061966665
22969,0.4396261
22970,0.047650915
22971,0.15504667
22972,0.24860425
22973,0.13460103
22974,0.021233302
22975,0.019153567
22976,0.012026534
22977,0.046119455
22978,0.065829426
22979,0.1550418
22980,0.15433583
22981,0.01767409
22982,0.13286278
22983,0.08912489
22984,0.1592985
22985,0.16045836
22986,0.1371363
22987,0.19205756
22988,0.23817869
22989,0.09421722
22990,0.052724216
22991,0.097096
22992,0.10400591
22993,0.23058455
22994,0.70522356
22995,0.012561392
22996,0.03953402
22997,0.22466126
22998,0.025441594
22999,0.05472203
23000,0.23919575
23001,0.0
23002,0.044330314
23003,0.07781538
23004,0.10928266
23005,0.049772236
23006,0.08028622
23007,0.034921713
23008,0.3140546
23009,0.07090947
23010,0.11710316
23011,0.22646275
23012,0.16944773
23013,0.22611727
23014,0.27079263
23015,0.22203335
23016,0.17164347
23017,0.12733652
23018,0.14804651
23019,0.7043937
23020,0.32558277
23021,0.37013742
23022,0.03535141
23023,0.1605309
23024,0.0742874
23025,0.058526166
23026,0.031377517
23027,0.0953057
23028,0.04274013
23029,0.044374634
23030,0.061551645
23031,0.09470014
23032,0.13116577
23033,0.14802413
23034,0.14148477
23035,0.11593778
23036,0.18302138
23037,0.13887508
23038,0.053010054
23039,0.12075144
23040,0.18713734
23041,0.04594467
23042,0.08738698
23043,0.75827307
23044,0.7458281
23045,0.50214726
23046,0.02895984
23047,0.044394653
23048,0.114778824
23049,0.3310079
23050,0.09952346
23051,0.046519373
23052,0.06283938
23053,0.03878718
23054,7.9998106e-05
23055,0.07877482
23056,0.10088113
23057,0.08087026
23058,0.040900502
23059,0.23422338
23060,0.076102205
23061,0.049019177
23062,0.13452019
23063,0.14349459
23064,0.09369802
23065,0.06879893
23066,0.17275614
23067,0.1020999
23068,0.037959397
23069,0.12458167
23070,0.109470434
23071,0.10789319
23072,0.7622024
23073,0.73979366
23074,0.49904066
23075,0.047119588
23076,0.060796037
23077,0.050875258
23078,0.25532117
23079,0.11961061
23080,0.20567404
23081,0.065425545
23082,0.08317692
23083,0.05353233
23084,0.113248415
23085,0.14105028
23086,0.16764337
23087,0.19508673
23088,0.3701749
23089,0.3531867
23090,0.15887472
23091,0.1703542
23092,0.13599412
23093,0.09607181
23094,0.1341244
23095,0.09309371
23096,0.06752444
23097,0.14236136
23098,0.15531923
23099,0.0903869
23100,0.11586337
23101,0.05776457
23102,0.75767905
23103,1.0
23104,0.7977276
23105,0.11479571
23106,0.0670192
23107,0.14094117
23108,0.25684738
23109,0.05918107
23110,0.04306283
23111,0.08361463
23112,0.054710254
23113,0.21845584
23114,0.6352193
23115,0.06996249
23116,0.10752072
23117,0.10435584
23118,0.15173319
23119,0.06730671
23120,0.1435632
23121,0.0998896
23122,0.055091042
23123,0.08147869
23124,0.09742568
23125,0.08945365
23126,0.047305245
23127,0.04947488
23128,0.33548173
23129,0.27106297
23130,0.21289456
23131,0.09106142
23132,0.026473094
23133,0.08831203
23134,0.059416354
23135,0.19140738
23136,0.045829717
23137,0.03829973
23138,0.036144063
23139,0.013822799
23140,0.023194715
23141,0.040193833
23142,0.042934228
23143,0.16884139
23144,0.48910585
23145,0.20157376
23146,0.18039493
23147,0.1288997
23148,0.16622107
23149,0.13926384
23150,0.38921022
23151,0.074590586
23152,0.025671925
23153,0.031074386
23154,0.12186566
23155,0.14631963
23156,0.12471847
23157,0.3342521
23158,0.22569089
23159,0.19171974
23160,0.92532617
23161,0.13357198
23162,0.004868195
23163,0.10418137
23164,0.1563645
23165,0.035870906
23166,0.033989757
23167,0.27736408
23168,0.043887433
23169,0.026880313
23170,0.023368573
23171,0.039361317
23172,0.11584233
23173,0.25476357
23174,0.20533735
23175,0.28121912
23176,0.23058128
23177,0.13362703
23178,0.12519075
23179,0.22478689
23180,0.0047067273
23181,0.12310085
23182,0.058897927
23183,0.04205273
23184,0.26348025
23185,0.24019925
23186,0.05318706
23187,0.37594673
23188,0.19303745
23189,0.0
23190,0.06699116
23191,0.08154435
23192,0.068606526
23193,0.03186829
23194,0.0
23195,0.00879291
23196,0.031596206
23197,0.057386633
23198,0.0824629
23199,0.092553966
23200,0.16916782
23201,0.23792428
23202,0.6048775
23203,0.26710233
23204,0.20773736
23205,0.36895192
23206,0.118860185
23207,0.010758857
23208,0.06314986
23209,0.059220612
23210,0.12243596
23211,0.19952671
23212,0.118810125
23213,0.029933155
23214,0.07795073
23215,0.11535776
23216,0.0077736243
23217,0.04917538
23218,0.07450383
23219,0.021197105
23220,0.018059237
23221,0.014645888
23222,0.042139914
23223,0.013851827
23224,0.03998553
23225,0.06759615
23226,0.06132692
23227,0.091429144
23228,0.22574982
23229,0.16546257
23230,0.120615035
23231,0.4809443
23232,0.43099394
23233,0.24183293
23234,0.13834693
23235,0.040409
23236,0.05154242
23237,0.110912375
23238,0.03573188
23239,0.046288308
23240,0.6070707
23241,0.033363726
23242,0.007860182
23243,0.06701385
23244,0.041216426
23245,0.108039014
23246,0.038012892
23247,0.038138904
23248,0.015429895
23249,0.018070772
23250,0.033828553
23251,0.03413778
23252,0.047682084
23253,0.10277565
23254,0.124192774
23255,0.42593688
23256,0.2423536
23257,0.15082552
23258,0.69491214
23259,0.27332684
23260,0.3288018
23261,0.17729737
23262,0.04735935
23263,0.033319123
23264,0.047535155
23265,0.076063484
23266,0.09282275
23267,0.07068218
23268,0.06447037
23269,0.3037966
23270,0.08543568
23271,0.23523934
23272,0.030422844
23273,0.10523626
23274,0.1353543
23275,0.1301286
23276,0.17742793
23277,0.037479952
23278,0.032100298
23279,0.049451504
23280,0.028236102
23281,0.063406974
23282,0.16572152
23283,0.6386743
23284,0.19317763
23285,0.4039469
23286,0.19826753
23287,0.2459698
23288,0.1674926
23289,0.13532811
23290,0.039108504
23291,0.011329469
23292,0.03531027
23293,0.087506354
23294,0.05824136
23295,0.12659971
23296,0.13045576
23297,0.07086413
23298,0.22467692
23299,0.021335015
23300,0.0776378
23301,0.03457177
23302,0.20554116
23303,0.047204603
23304,0.08969244
23305,0.16297565
23306,0.015011179
23307,0.11085824
23308,0.14504994
23309,0.05054097
23310,0.09893369
23311,0.008760989
23312,0.06819444
23313,0.06806815
23314,0.055427108
23315,0.10611906
23316,0.106580324
23317,0.023847792
23318,0.0
23319,0.09479031
23320,0.0
23321,0.0
23322,0.0046114223
23323,0.06026234
23324,0.03439255
23325,0.11847089
23326,0.079392664
23327,0.04332515
23328,0.010213369
23329,0.06489611
23330,0.17683569
23331,0.23211837
23332,0.38118052
23333,0.10379366
23334,0.058232322
23335,0.04866563
23336,0.082453415
23337,0.1331251
23338,0.0012384077
23339,0.034743655
23340,0.008803409
23341,0.029263739
23342,0.027780674
23343,0.003016918
23344,0.02456865
23345,0.06720712
23346,0.08505186
23347,0.26342347
23348,0.011621907
23349,0.019873379
23350,0.048513647
23351,0.07454582
23352,0.083970614
23353,0.26104316
23354,0.106345646
23355,0.11758706
23356,0.049347963
23357,0.023401905
23358,0.13256949
23359,0.1490042
23360,0.05258319
23361,5.6019297e-05
23362,0.024697559
23363,0.004054168
23364,0.20218836
23365,0.03300784
23366,0.0
23367,0.018886497
23368,0.011536425
23369,0.09864703
23370,0.08704335
23371,0.021685684
23372,0.006569878
23373,0.02921049
23374,0.051018074
23375,0.21437398
23376,0.042444926
23377,0.007609578
23378,0.031585995
23379,0.05094807
23380,0.053301346
23381,0.21068043
23382,0.06150287
23383,0.14199801
23384,0.058332697
23385,0.002852191
23386,0.011142871
23387,0.021101326
23388,0.032809235
23389,0.024844581
23390,0.17057352
23391,0.115426645
23392,0.03204223
23393,0.08875629
23394,0.0994538
23395,0.022397546
23396,0.026315926
23397,0.26874188
23398,0.492765
23399,0.11192125
23400,0.11598889
23401,0.08173033
23402,0.054251548
23403,0.04485009
23404,0.08863388
23405,0.099969536
23406,0.15192832
23407,0.9101283
23408,0.09651272
23409,0.030411566
23410,0.0726863
23411,0.069492795
23412,0.03636366
23413,0.03843551
23414,0.13662854
23415,0.37042043
23416,0.06324562
23417,0.14167844
23418,0.01911656
23419,0.051065624
23420,0.11636441
23421,0.025294216
23422,0.036198016
23423,0.046055194
23424,0.07215515
23425,0.028490154
23426,0.013058267
23427,0.045958884
23428,0.01624885
23429,0.20409262
23430,0.060001507
23431,0.0776604
23432,0.0290726
23433,0.027316492
23434,0.05916026
23435,0.08069119
23436,0.028931342
23437,0.04782121
23438,0.60406667
23439,0.040599693
23440,0.094514966
23441,0.046440504
23442,0.014471672
23443,0.03883574
23444,0.07614772
23445,0.004053992
23446,0.013983326
23447,0.24913652
23448,0.01278014
23449,0.003941807
23450,0.049398966
23451,0.15297548
23452,0.03347203
23453,0.07972187
23454,0.02005086
23455,0.024594424
23456,0.037970494
23457,0.21035594
23458,0.011112506
23459,0.0
23460,0.08213764
23461,0.03549439
23462,0.14188361
23463,0.055089425
23464,0.016319135
23465,0.009925855
23466,0.07010163
23467,0.19041343
23468,0.10820566
23469,0.063509755
23470,0.050249115
23471,0.020299975
23472,0.056300852
23473,0.010376765
23474,0.056042157
23475,0.1858792
23476,0.099539556
23477,0.0
23478,0.052888244
23479,0.003301224
23480,0.0056279968
23481,0.018572768
23482,0.0042490447
23483,0.014518178
23484,0.029839901
23485,0.0
23486,0.0051588602
23487,0.00022378973
23488,0.026619999
23489,0.071417995
23490,0.06524604
23491,0.08716315
23492,0.0
23493,0.10755491
23494,0.1607084
23495,0.0
23496,0.0026771289
23497,0.05269632
23498,0.0050536115
23499,0.0076358817
23500,0.016346797
23501,0.026600925
23502,0.0508478
23503,0.005109546
23504,0.0078707
23505,0.012928343
23506,0.019405514
23507,0.07073151
23508,0.013051234
23509,0.039871477
23510,0.0013682988
23511,0.007902172
23512,0.06673388
23513,0.09399553
23514,0.036634658
23515,0.07074336
23516,0.015730178
23517,0.047268994
23518,0.032185502
23519,0.10021325
23520,0.045910876
23521,0.027367176
23522,0.19386713
23523,0.06916441
23524,0.05334198
23525,0.06733546
23526,0.00082690234
23527,0.09511865
23528,0.06943265
23529,0.028646281
23530,0.063474774
23531,0.08243717
23532,0.13183554
23533,0.056094974
23534,0.028900126
23535,0.02198187
23536,0.035379916
23537,0.0627929
23538,0.0015741435
23539,0.008511909
23540,0.024226066
23541,0.025487887
23542,0.0117492
23543,0.063151725
23544,0.06649668
23545,0.15769282
23546,0.0037114592
23547,0.0011430725
23548,0.018721996
23549,0.01968537
23550,0.03421508
23551,0.055870797
23552,0.01619672
23553,0.032273762
23554,0.034321517
23555,0.03068468
23556,0.015413852
23557,0.0070600323
23558,0.016607933
23559,0.045370627
23560,0.16031754
23561,0.14388962
23562,0.015596543
23563,0.08640035
23564,0.0229737
23565,0.071681365
23566,0.07821769
23567,0.04270327
23568,0.0760134
23569,0.02993672
23570,0.0406039
23571,0.045616005
23572,0.11320501
23573,0.052772243
23574,0.04981608
23575,0.055972967
23576,0.13158445
23577,0.031560715
23578,0.08115061
23579,0.14927432
23580,0.13129508
23581,0.03707671
23582,0.19845878
23583,0.07832268
23584,0.27054426
23585,0.0965182
23586,0.14511494
23587,0.077917784
23588,0.098254874
23589,0.053066857
23590,0.014243274
23591,0.13162614
23592,0.028716713
23593,0.54873747
23594,0.15551928
23595,0.048779517
23596,0.035933513
23597,0.17852789
23598,0.048533548
23599,0.05949381
23600,0.07034975
23601,0.057628356
23602,0.099027246
23603,0.16045573
23604,0.3588997
23605,0.38267922
23606,0.09753045
23607,0.14799331
23608,0.17061253
23609,0.06160223
23610,0.08088165
23611,0.03852568
23612,0.07954357
23613,0.1465438
23614,0.07400734
23615,0.29114735
23616,0.18317673
23617,0.20506334
23618,0.39177433
23619,0.16434233
23620,0.41315624
23621,0.051434577
23622,0.16128549
23623,0.36625072
23624,0.10768013
23625,0.09513771
23626,0.09079972
23627,0.11173066
23628,0.098120905
23629,0.12454675
23630,0.111668214
23631,0.04509671
23632,0.08630032
23633,0.2695251
23634,0.05683322
23635,0.048718322
23636,0.0947188
23637,0.09212522
23638,0.09258903
23639,0.032045405
23640,0.042250473
23641,0.031587236
23642,0.11070757
23643,0.01398619
23644,0.0527406
23645,0.18167992
23646,0.053957976
23647,0.1833088
23648,0.057567332
23649,0.054345295
23650,0.038074978
23651,0.013142119
23652,0.28384656
23653,0.13494767
23654,0.07441381
23655,0.27414322
23656,0.29612002
23657,0.028709976
23658,0.032518115
23659,0.0882833
23660,0.07261551
23661,0.004804314
23662,0.02329327
23663,0.09192676
23664,0.079590105
23665,0.20283094
23666,0.2684848
23667,0.021312617
23668,0.024094228
23669,0.051211637
23670,0.029170696
23671,0.02692782
23672,0.1869516
23673,0.020446438
23674,0.04399499
23675,0.07209505
23676,0.04503454
23677,0.15282458
23678,0.36054114
23679,0.05396445
23680,0.080446444
23681,0.025430284
23682,0.07157208
23683,0.06471578
23684,0.013363248
23685,0.037803918
23686,0.030081784
23687,0.0030841113
23688,0.09507629
23689,0.15293923
23690,0.08953085
23691,0.09832134
23692,0.100885116
23693,0.0
23694,0.030917935
23695,0.012774111
23696,0.012188086
23697,0.022698112
23698,0.0
23699,0.0877368
23700,0.043432966
23701,0.121580146
23702,0.0008149974
23703,0.02953582
23704,0.042635076
23705,0.014379527
23706,0.00752322
23707,0.039390963
23708,0.04882799
23709,0.01394957
23710,0.013989807
23711,0.0562244
23712,0.22441003
23713,0.23266496
23714,0.032271996
23715,0.062581114
23716,0.051131923
23717,0.08805027
23718,0.04240006
23719,0.054651916
23720,0.0
23721,0.0343326
23722,0.14719567
23723,0.0134956315
23724,0.012171677
23725,0.024206443
23726,0.0
23727,0.0656886
23728,0.058860518
23729,0.16597547
23730,0.094592996
23731,0.11007735
23732,0.07805204
23733,0.039455574
23734,0.016490692
23735,0.06894845
23736,0.05370424
23737,0.1073417
23738,0.042705905
23739,0.41230202
23740,0.1018691
23741,0.10464966
23742,0.034464955
23743,0.009678756
23744,0.0
23745,0.019351032
23746,0.04688979
23747,0.0077802353
23748,0.017238481
23749,0.0068504647
23750,0.008345073
23751,0.062028676
23752,0.032806415
23753,0.07729149
23754,0.05200083
23755,0.13775443
23756,0.10920108
23757,0.22440787
23758,0.082474746
23759,0.027095784
23760,0.06902809
23761,0.03012467
23762,0.050071456
23763,0.016762685
23764,0.00760746
23765,0.06901288
23766,0.04793998
23767,0.12083758
23768,0.041746963
23769,0.12621118
23770,0.056534484
23771,0.049321704
23772,0.013057031
23773,0.0022730003
23774,0.106072165
23775,0.0023004294
23776,0.052403018
23777,0.03026617
23778,0.004989308
23779,0.015297275
23780,0.029366057
23781,0.04686221
23782,0.0773276
23783,0.102627285
23784,0.13641849
23785,0.14544001
23786,0.11362573
23787,0.14075337
23788,0.014813132
23789,0.08056229
23790,0.03382919
23791,0.06382808
23792,0.042029146
23793,0.07979724
23794,0.046247583
23795,0.022674497
23796,0.079661116
23797,0.059671976
23798,0.021521313
23799,0.03720973
23800,0.059756666
23801,0.038743995
23802,0.04915504
23803,0.0336822
23804,0.023192188
23805,0.004647393
23806,0.015538631
23807,0.051351827
23808,0.0047619594
23809,0.030599253
23810,0.08433994
23811,0.064513065
23812,0.10777962
23813,0.4197375
23814,0.0800339
23815,0.09721529
23816,0.08036284
23817,0.06787066
23818,0.066506796
23819,0.09344559
23820,0.063234374
23821,0.0072207963
23822,0.016279086
23823,0.25247332
23824,0.083880305
23825,0.07538159
23826,0.0374568
23827,0.053972837
23828,0.03159378
23829,0.019980324
23830,0.02270657
23831,0.018787218
23832,0.035298068
23833,0.20820102
23834,0.05924017
23835,0.06918504
23836,0.103771165
23837,0.56992126
23838,0.087175556
23839,0.028836556
23840,0.13187426
23841,0.071465895
23842,0.18906674
23843,0.23107648
23844,0.088547654
23845,0.022277655
23846,0.05505
23847,0.067671806
23848,0.13242945
23849,0.18073939
23850,0.051571507
23851,0.15766044
23852,0.07120154
23853,0.0809489
23854,0.0045142267
23855,0.009933044
23856,0.04410687
23857,0.051389158
23858,0.027743587
23859,0.10008738
23860,0.17686859
23861,0.117090695
23862,0.069347054
23863,0.05695081
23864,0.0993794
23865,0.15165928
23866,0.19324866
23867,0.06883996
23868,0.0071964534
23869,0.048844013
23870,0.023615953
23871,0.011253659
23872,0.055447277
23873,0.43157828
23874,0.055592075
23875,0.16202816
23876,0.24628223
23877,0.13432394
23878,0.020581283
23879,0.0449419
23880,0.062088776
23881,0.15409242
23882,0.1688623
23883,0.01318366
23884,0.13606116
23885,0.08685028
23886,0.15880176
23887,0.16989525
23888,0.13937001
23889,0.19865727
23890,0.24156606
23891,0.10491072
23892,0.02165647
23893,0.057249743
23894,0.09060861
23895,0.10338237
23896,0.22765939
23897,0.7007701
23898,0.040806375
23899,0.22797853
23900,0.027713535
23901,0.049956173
23902,0.24421786
23903,0.004468257
23904,0.071426645
23905,0.10033071
23906,0.04361168
23907,0.089601584
23908,0.025219997
23909,0.31204194
23910,0.06342361
23911,0.11139525
23912,0.23068842
23913,0.16647021
23914,0.22750576
23915,0.26896903
23916,0.22751549
23917,0.17523791
23918,0.12665084
23919,0.13634777
23920,0.6985588
23921,0.31744656
23922,0.3604729
23923,0.049198736
23924,0.03141247
23925,0.15863691
23926,0.06431033
23927,0.058337003
23928,0.033434413
23929,0.09013903
23930,0.055840816
23931,0.03845824
23932,0.06332415
23933,0.090999566
23934,0.12924314
23935,0.1560351
23936,0.14229256
23937,0.12111153
23938,0.18498284
23939,0.14814255
23940,0.050092686
23941,0.122820556
23942,0.19451712
23943,0.049044285
23944,0.07947364
23945,0.7562233
23946,0.74147683
23947,0.49626806
23948,0.046285983
23949,0.10858705
23950,0.33460408
23951,0.10536563
23952,0.05091684
23953,0.067969635
23954,0.0
23955,0.06558169
23956,0.08512478
23957,0.067905396
23958,0.04341146
23959,0.2177172
23960,0.06728501
23961,0.034728907
23962,0.12200785
23963,0.14091589
23964,0.08391617
23965,0.06338309
23966,0.16412792
23967,0.10077777
23968,0.024452336
23969,0.116061196
23970,0.106260605
23971,0.10040314
23972,0.7495628
23973,0.7248526
23974,0.4825715
23975,0.045679808
23976,0.05005278
23977,0.042176887
23978,0.23853971
23979,0.112617075
23980,0.2009265
23981,0.05923333
23982,0.07771749
23983,0.05795905
23984,0.11875571
23985,0.14399421
23986,0.17337884
23987,0.21629804
23988,0.37236932
23989,0.36306998
23990,0.16328493
23991,0.17654236
23992,0.15211587
23993,0.10499041
23994,0.14740895
23995,0.10316602
23996,0.08490273
23997,0.14755474
23998,0.16549912
23999,0.10587756
24000,0.12707378
24001,0.057961978
24002,0.76374036
24003,1.0
24004,0.79995906
24005,0.13301611
24006,0.08427993
24007,0.14889835
24008,0.25876647
24009,0.070887946
24010,0.02297279
24011,0.015405519
24012,0.037437633
24013,0.08078095
24014,0.06735242
24015,0.21208084
24016,0.6365331
24017,0.06580341
24018,0.1051396
24019,0.11190831
24020,0.15208252
24021,0.072022036
24022,0.14506616
24023,0.10869864
24024,0.056218013
24025,0.078102835
24026,0.09903637
24027,0.09637497
24028,0.049946375
24029,0.041103028
24030,0.3329735
24031,0.26625338
24032,0.20655656
24033,0.10071251
24034,0.08769996
24035,0.0
24036,0.06574506
24037,0.18475708
24038,0.048967347
24039,0.043683447
24040,0.039637648
24041,0.025205616
24042,0.044996202
24043,0.06321257
24044,0.17010248
24045,0.49805593
24046,0.20505075
24047,0.1856499
24048,0.14408824
24049,0.17420648
24050,0.15161523
24051,0.3983494
24052,0.091035716
24053,0.055393763
24054,0.029932117
24055,0.040321168
24056,0.13642299
24057,0.15659684
24058,0.12398271
24059,0.3393801
24060,0.22851741
24061,0.19301781
24062,0.9426135
24063,0.14989947
24064,0.011892215
24065,0.118146166
24066,0.15735033
24067,0.04664464
24068,0.047009595
24069,0.27358142
24070,0.042138603
24071,0.022568297
24072,0.021848029
24073,0.05331669
24074,0.11078063
24075,0.25739074
24076,0.20249145
24077,0.28015116
24078,0.23944694
24079,0.1352895
24080,0.13121921
24081,0.22760303
24082,0.0026440118
24083,0.12602471
24084,0.06713245
24085,0.046007026
24086,0.2564215
24087,0.23900437
24088,0.049690723
24089,0.38691103
24090,0.20304205
24091,0.0
24092,0.06869183
24093,0.08918622
24094,0.0632694
24095,0.0
24096,0.022579389
24097,0.051161293
24098,0.09171345
24099,0.0827875
24100,0.16709012
24101,0.23037353
24102,0.59910494
24103,0.27126306
24104,0.20469499
24105,0.37027553
24106,0.116971545
24107,0.061368953
24108,0.06275029
24109,0.12168547
24110,0.1877631
24111,0.112910464
24112,0.021732047
24113,0.084210195
24114,0.12065762
24115,0.0037699202
24116,0.0
24117,0.04617128
24118,0.07744093
24119,0.011155213
24120,0.013361445
24121,0.020051353
24122,0.015193221
24123,0.016140724
24124,0.039711222
24125,0.07011335
24126,0.07932001
24127,0.090405166
24128,0.23241472
24129,0.16665444
24130,0.123584844
24131,0.49384755
24132,0.436694
24133,0.251899
24134,0.14520082
24135,0.059534445
24136,0.1078914
24137,0.038574763
24138,0.019200405
24139,0.62111306
24140,0.03810254
24141,0.014643911
24142,0.072752245
24143,0.052896053
24144,0.10673961
24145,0.046501413
24146,0.04887351
24147,0.024719743
24148,0.028093385
24149,0.010609518
24150,0.028487952
24151,0.026233975
24152,0.04256975
24153,0.11313922
24154,0.115539305
24155,0.42497224
24156,0.23591588
24157,0.14616571
24158,0.70018595
24159,0.27139753
24160,0.33123857
24161,0.17652169
24162,0.0466914
24163,0.047897685
24164,0.06541304
24165,0.08803612
24166,0.02164339
24167,0.07805467
24168,0.07088326
24169,0.30090588
24170,0.08458994
24171,0.23334824
24172,0.03447301
24173,0.09630737
24174,0.13621335
24175,0.13323367
24176,0.17908825
24177,0.039873112
24178,0.07611738
24179,0.15941474
24180,0.6400564
24181,0.1890868
24182,0.4016341
24183,0.20588823
24184,0.24638739
24185,0.17227615
24186,0.13689935
24187,0.046098083
24188,0.027006645
24189,0.067960605
24190,0.13535936
24191,0.12991193
24192,0.07236522
24193,0.22513267
24194,0.027731985
24195,0.07105574
24196,0.03777766
24197,0.21099304
24198,0.051211827
24199,0.0
24200,0.08748169
24201,0.16845366
24202,0.015016166
24203,0.1225748
24204,0.14956331
24205,0.059420343
24206,0.104600824
24207,0.019846393
24208,0.07499966
24209,0.06386044
24210,0.057083163
24211,0.105473645
24212,0.12039551
24213,0.036703333
24214,0.0
24215,0.09934192
24216,0.00095559907
24217,0.069810115
24218,0.00033326275
24219,0.047638383
24220,0.11269966
24221,0.08131028
24222,0.03976971
24223,0.07305219
24224,0.17778867
24225,0.23743731
24226,0.383287
24227,0.113206334
24228,0.019363327
24229,0.021368397
24230,0.054248307
24231,0.054026484
24232,0.092708126
24233,0.1424202
24234,0.0032748713
24235,0.03573482
24236,0.015735744
24237,0.02321706
24238,0.03152194
24239,0.009004256
24240,0.029111238
24241,0.0
24242,0.06913295
24243,0.06796065
24244,0.25402117
24245,0.0
24246,0.006775893
24247,0.04534979
24248,0.06417883
24249,0.0779696
24250,0.2518298
24251,0.10443835
24252,0.00028451424
24253,0.0014883289
24254,0.10951184
24255,0.01760731
24256,0.03612361
24257,0.007876039
24258,0.115515225
24259,0.14793886
24260,0.05055832
24261,0.014368728
24262,0.0
24263,0.18482168
24264,0.02542908
24265,0.0053138454
24266,0.020139847
24267,0.08823342
24268,0.084318586
24269,0.013487856
24270,0.00014999427
24271,0.032724194
24272,0.047328655
24273,0.21505049
24274,0.03990921
24275,0.0062119793
24276,0.019175397
24277,0.04440132
24278,0.044453107
24279,0.20030366
24280,0.067115135
24281,0.14665063
24282,0.053681858
24283,0.0002462841
24284,0.023391306
24285,0.022120155
24286,0.023943465
24287,0.17047372
24288,0.09996895
24289,0.037548278
24290,0.07524529
24291,0.09363165
24292,0.016798662
24293,0.26915827
24294,0.48597804
24295,0.109500475
24296,0.11035579
24297,0.036847472
24298,0.071218334
24299,0.04872608
24300,0.044635277
24301,0.08413886
24302,0.08446154
24303,0.14228421
24304,0.8981829
24305,0.058123533
24306,0.09902767
24307,0.031966887
24308,0.06493809
24309,0.06378952
24310,0.029615032
24311,0.03762811
24312,0.12284237
24313,0.36642194
24314,0.061493218
24315,0.13848132
24316,0.016652148
24317,0.03251054
24318,0.12482412
24319,0.02828087
24320,0.050896205
24321,0.057916246
24322,0.08080397
24323,0.044444904
24324,0.016828123
24325,0.05471527
24326,0.026035726
24327,0.20873024
24328,0.06233773
24329,0.07846826
24330,0.043153707
24331,0.065693855
24332,0.089269824
24333,0.036464594
24334,0.048316624
24335,0.61435014
24336,0.053129133
24337,0.105599724
24338,0.0507299
24339,0.010198488
24340,0.03034491
24341,0.07534583
24342,0.0
24343,0.24736989
24344,0.015379529
24345,0.008747224
24346,0.042473517
24347,0.14452156
24348,0.041007206
24349,0.014422528
24350,0.07699393
24351,0.01936777
24352,0.029204277
24353,0.21137768
24354,0.008573067
24355,0.012935531
24356,0.0
24357,0.0
24358,0.008820419
24359,0.08222649
24360,0.03188812
24361,0.14100784
24362,0.058579613
24363,0.011341872
24364,0.06406699
24365,0.18285035
24366,0.11663163
24367,0.07097611
24368,0.048411883
24369,0.05546323
24370,0.01548036
24371,0.04816668
24372,0.18779175
24373,0.10369814
24374,0.0
24375,0.05319828
24376,0.0
24377,0.0022428965
24378,0.025121255
24379,0.0037087763
24380,0.007960404
24381,0.029962922
24382,0.0
24383,0.0057655703
24384,0.0061411606
24385,0.0038895654
24386,0.020806521
24387,0.06407613
24388,0.073893175
24389,0.09485068
24390,0.0
24391,0.09990068
24392,0.012245828
24393,0.16508813
24394,0.012636787
24395,0.059599154
24396,0.006483371
24397,0.022284972
24398,0.057563655
24399,0.0073224967
24400,0.0055410555
24401,0.01363922
24402,0.016100695
24403,0.013707688
24404,0.018656438
24405,0.08597146
24406,0.020072944
24407,0.045847856
24408,0.013285865
24409,0.037229434
24410,0.017429987
24411,0.0
24412,0.024819633
24413,0.07167999
24414,0.0934686
24415,0.037885647
24416,0.08192796
24417,0.019711612
24418,0.052404117
24419,0.032441705
24420,0.022096502
24421,0.027071595
24422,0.09903588
24423,0.04320502
24424,0.013092743
24425,0.03138677
24426,0.025362197
24427,0.190849
24428,0.07593418
24429,0.0623578
24430,0.07490656
24431,0.008888154
24432,0.07099653
24433,0.031988073
24434,0.07391306
24435,0.08478426
24436,0.13274895
24437,0.055479947
24438,0.035010554
24439,0.034033507
24440,0.034452543
24441,0.027556911
24442,0.037584044
24443,0.009080217
24444,0.031890843
24445,0.029940331
24446,0.023507632
24447,0.067711875
24448,0.0646366
24449,0.042033937
24450,0.15399201
24451,0.009798525
24452,0.010863062
24453,0.016880503
24454,0.041343797
24455,0.05579636
24456,0.03335303
24457,0.04270678
24458,0.02688505
24459,0.01660079
24460,0.036575012
24461,0.15738574
24462,0.13865635
24463,0.02150153
24464,0.07932631
24465,0.026488908
24466,0.041329734
24467,0.05333881
24468,0.025776736
24469,0.043304455
24470,0.027170427
24471,0.0024443155
24472,0.13225465
24473,0.024525858
24474,0.058333326
24475,0.13912225
24476,0.118536964
24477,0.030329717
24478,0.018698065
24479,0.18922287
24480,0.06138179
24481,0.23782103
24482,0.069267675
24483,0.12505692
24484,0.016929068
24485,0.023489948
24486,0.08160183
24487,0.027531758
24488,0.03979909
24489,0.005047828
24490,0.13815585
24491,0.027541444
24492,0.53177977
24493,0.14403436
24494,0.038938425
24495,0.16416124
24496,0.052812573
24497,0.07284766
24498,0.017483689
24499,0.027387792
24500,0.059125435
24501,0.10415978
24502,0.15788311
24503,0.3405448
24504,0.36979693
24505,0.044846915
24506,0.08923451
24507,0.1322293
24508,0.17349416
24509,0.029795015
24510,0.055263694
24511,0.08198217
24512,0.04254306
24513,0.077800535
24514,0.13208102
24515,0.063180156
24516,0.27261505
24517,0.14886181
24518,0.17622124
24519,0.37012464
24520,0.1400865
24521,0.058666456
24522,0.38143244
24523,0.04066046
24524,0.15255329
24525,0.34395233
24526,0.09282092
24527,0.08319539
24528,0.073096946
24529,0.09593935
24530,0.08657767
24531,0.09722105
24532,0.089815296
24533,0.030436188
24534,0.040246163
24535,0.07893725
24536,0.24479021
24537,0.042519774
24538,0.04493328
24539,0.09297576
24540,0.07681595
24541,0.0847189
24542,0.027092142
24543,0.031536747
24544,0.016905654
24545,0.107173316
24546,0.014087312
24547,0.0451366
24548,0.15829343
24549,0.036044367
24550,0.17258754
24551,0.050921492
24552,0.02770086
24553,0.0243345
24554,0.013296399
24555,0.008722452
24556,0.0037298417
24557,0.27591345
24558,0.11123208
24559,0.06336355
24560,0.26048678
24561,0.29236716
24562,0.07758016
24563,0.075755134
24564,0.040419947
24565,0.05198437
24566,0.073006764
24567,0.19397002
24568,0.2695274
24569,0.014732584
24570,0.01818654
24571,0.059146646
24572,0.015818749
24573,0.02461982
24574,0.18655507
24575,0.029079858
24576,0.05675168
24577,0.009581542
24578,0.055255912
24579,0.033668153
24580,0.01691384
24581,0.14604448
24582,0.36366463
24583,0.053195562
24584,0.077334225
24585,0.0173425
24586,0.021603413
24587,0.081587985
24588,0.07141731
24589,0.02210675
24590,0.0326982
24591,0.008617385
24592,0.09484912
24593,0.1546235
24594,0.1002451
24595,0.11315883
24596,0.10228254
24597,0.0
24598,0.033892922
24599,0.020114265
24600,0.015864369
24601,0.027841907
24602,0.0971601
24603,0.0389202
24604,0.12821473
24605,0.011084985
24606,0.032100685
24607,0.029417517
24608,0.0066347625
24609,0.0069708517
24610,0.036232498
24611,0.05557306
24612,0.016802294
24613,0.01449917
24614,0.055346794
24615,0.22420473
24616,0.24630249
24617,0.04259513
24618,0.074946225
24619,0.049930822
24620,0.09428829
24621,0.051554956
24622,0.05995782
24623,0.024098521
24624,0.00851334
24625,0.03935164
24626,0.15025939
24627,0.01954648
24628,0.014558662
24629,0.028060943
24630,0.00058622874
24631,0.07382258
24632,0.053058468
24633,0.17132069
24634,0.10357371
24635,0.111352965
24636,0.06354518
24637,0.030421542
24638,0.014649034
24639,0.06450071
24640,0.059160005
24641,0.105174825
24642,0.041211344
24643,0.42465028
24644,0.110902965
24645,0.053371254
24646,0.10959836
24647,0.042330552
24648,0.032197725
24649,0.022725314
24650,0.015449675
24651,0.023080792
24652,0.054656077
24653,0.012677041
24654,0.022545792
24655,0.0021422724
24656,0.014170689
24657,0.01200143
24658,0.067152455
24659,0.035825282
24660,0.08669485
24661,0.047468156
24662,0.14436904
24663,0.11945117
24664,0.2269528
24665,0.06923725
24666,0.01933108
24667,0.06845576
24668,0.026946293
24669,0.0567966
24670,0.019595481
24671,0.06811537
24672,0.04771479
24673,0.1344553
24674,0.052050162
24675,0.13855639
24676,0.05531351
24677,0.055539798
24678,0.02219202
24679,0.005647512
24680,0.120388106
24681,0.038161334
24682,0.06143868
24683,0.033309963
24684,0.007893755
24685,0.014537859
24686,0.030074155
24687,0.045465324
24688,0.08231519
24689,0.09367882
24690,0.13861735
24691,0.15127423
24692,0.111754924
24693,0.12310004
24694,0.0026326657
24695,0.07557422
24696,0.026235055
24697,0.066137426
24698,0.036715843
24699,0.075156316
24700,0.055449385
24701,0.028561933
24702,0.087590516
24703,0.054035157
24704,0.023323635
24705,0.04192894
24706,0.05871542
24707,0.039614208
24708,0.05905521
24709,0.027812088
24710,0.01769954
24711,0.059384335
24712,0.009130611
24713,0.036435455
24714,0.088071115
24715,0.074628726
24716,0.10395922
24717,0.42706448
24718,0.09099628
24719,0.100472555
24720,0.06783765
24721,0.060818236
24722,0.06664679
24723,0.09097951
24724,0.070671804
24725,0.010765893
24726,0.012345794
24727,0.0272946
24728,0.26553056
24729,0.083371535
24730,0.082311966
24731,0.047304064
24732,0.058059648
24733,0.037592057
24734,0.035008557
24735,0.019310381
24736,0.03215736
24737,0.20652783
24738,0.055461973
24739,0.07179131
24740,0.092441365
24741,0.5697391
24742,0.09062855
24743,0.02458446
24744,0.11183953
24745,0.056904085
24746,0.18169735
24747,0.22110099
24748,0.0884757
24749,0.047355413
24750,0.071177945
24751,0.13797757
24752,0.1727213
24753,0.05099254
24754,0.15999837
24755,0.06777897
24756,0.015181517
24757,0.09259099
24758,0.01510065
24759,0.050742034
24760,0.055919293
24761,0.038658228
24762,0.097065896
24763,0.18499449
24764,0.12885189
24765,0.073403254
24766,0.045224577
24767,0.093125924
24768,0.15259825
24769,0.19158152
24770,0.07707632
24771,0.009197153
24772,0.04945774
24773,0.024902038
24774,0.026382534
24775,0.06726172
24776,0.44543472
24777,0.055882312
24778,0.16975754
24779,0.25692868
24780,0.13920967
24781,0.027091667
24782,0.017820217
24783,0.043345693
24784,0.061960045
24785,0.1518587
24786,0.17301314
24787,0.0033984296
24788,0.13742322
24789,0.091847785
24790,0.15609415
24791,0.15140519
24792,0.12635279
24793,0.19283243
24794,0.23313512
24795,0.10638327
24796,0.05109968
24797,0.08513089
24798,0.11174741
24799,0.23271006
24800,0.7078628
24801,0.024102837
24802,0.04468876
24803,0.2261004
24804,0.027746962
24805,0.06314274
24806,0.2439644
24807,0.03929646
24808,0.07019826
24809,0.100569814
24810,0.04174582
24811,0.094120204
24812,0.01580256
24813,0.3137719
24814,0.068788946
24815,0.10905548
24816,0.21256623
24817,0.15382081
24818,0.22204874
24819,0.260906
24820,0.22935596
24821,0.04826123
24822,0.17084263
24823,0.120868675
24824,0.13123788
24825,0.70729154
24826,0.32286498
24827,0.3679332
24828,0.050532117
24829,0.035662726
24830,0.15712665
24831,0.07786476
24832,0.058451306
24833,0.037585333
24834,0.020558389
24835,0.090944804
24836,0.06092602
24837,0.02960747
24838,0.06562073
24839,0.09693157
24840,0.12746996
24841,0.13847946
24842,0.13020973
24843,0.11622126
24844,0.1774863
24845,0.15054959
24846,0.05377381
24847,0.12133523
24848,0.19068845
24849,0.043828644
24850,0.074930415
24851,0.7655231
24852,0.74746263
24853,0.5042947
24854,0.045342367
24855,0.0539064
24856,0.122708164
24857,0.33528498
24858,0.110083245
24859,0.069817744
24860,0.07198779
24861,0.0929984
24862,0.07367404
24863,0.055564582
24864,0.21593423
24865,0.076649435
24866,0.04772877
24867,0.12730257
24868,0.13042812
24869,0.07890122
24870,0.06556054
24871,0.16369924
24872,0.110252656
24873,0.035201292
24874,0.12164377
24875,0.10949983
24876,0.1022554
24877,0.7659302
24878,0.7379061
24879,0.4976664
24880,0.061937496
24881,0.048301168
24882,0.037347563
24883,0.25972876
24884,0.120365895
24885,0.21271192
24886,0.065026894
24887,0.08663344
24888,0.06894198
24889,0.12607475
24890,0.1527808
24891,0.18006037
24892,0.22936414
24893,0.37149933
24894,0.3733474
24895,0.17719758
24896,0.18275
24897,0.14254104
24898,0.100888416
24899,0.15049934
24900,0.10365032
24901,0.09529057
24902,0.07373628
24903,0.15921669
24904,0.17199458
24905,0.11002971
24906,0.12983888
24907,0.06139953
24908,0.78102076
24909,1.0
24910,0.815967
24911,0.13545777
24912,0.0941607
24913,0.16169608
24914,0.28086832
24915,0.079549715
24916,0.03280168
24917,0.016129425
24918,0.013312209
24919,0.03681186
24920,0.078050174
24921,0.071006134
24922,0.20179847
24923,0.63739854
24924,0.07030386
24925,0.10193493
24926,0.09292117
24927,0.13856821
24928,0.06570009
24929,0.13613811
24930,0.109674126
24931,0.039821927
24932,0.08035244
24933,0.096119545
24934,0.091114804
24935,0.043299202
24936,0.035128172
24937,0.34084144
24938,0.27080685
24939,0.21315211
24940,0.093741804
24941,0.035633005
24942,0.09108527
24943,0.07431137
24944,0.19744658
24945,0.04821681
24946,0.046969444
24947,0.0474886
24948,0.03086025
24949,0.04854581
24950,0.073146686
24951,0.16610047
24952,0.50520134
24953,0.21583144
24954,0.18872555
24955,0.13138145
24956,0.16697247
24957,0.15157361
24958,0.39570192
24959,0.09829156
24960,0.038462102
24961,0.043684665
24962,0.13744311
24963,0.15622996
24964,0.12428838
24965,0.35352853
24966,0.23935136
24967,0.20589371
24968,0.9419231
24969,0.1566483
24970,0.021557925
24971,0.13299273
24972,0.17632012
24973,0.052174486
24974,0.056575984
24975,0.29426068
24976,0.040177472
24977,0.022074662
24978,0.019249385
24979,0.057102565
24980,0.10063038
24981,0.25838792
24982,0.20712392
24983,0.2770786
24984,0.22059192
24985,0.1219073
24986,0.12502941
24987,0.2188071
24988,0.0050257193
24989,0.12323999
24990,0.062004365
24991,0.039492
24992,0.25057888
24993,0.24700446
24994,0.054376397
24995,0.38007244
24996,0.20364264
24997,0.0
24998,0.06836027
24999,0.09788463
25000,0.07609104
25001,0.0
25002,0.0
25003,0.0
25004,0.02275925
25005,0.04923614
25006,0.09617279
25007,0.073310755
25008,0.16876072
25009,0.23567949
25010,0.59670603
25011,0.2530816
25012,0.19198626
25013,0.36475915
25014,0.108849205
25015,0.059257716
25016,0.058295745
25017,0.11584392
25018,0.18259387
25019,0.12158406
25020,0.027091248
25021,0.04160515
25022,0.07804509
25023,0.12193168
25024,0.007960866
25025,0.04651324
25026,0.08681284
25027,0.013416518
25028,0.024142992
25029,0.013292977
25030,0.0
25031,0.018951943
25032,0.04398997
25033,0.07228709
25034,0.08787823
25035,0.08502732
25036,0.23818415
25037,0.17605923
25038,0.12528451
25039,0.47976506
25040,0.42808416
25041,0.25048167
25042,0.14117722
25043,0.04935821
25044,0.03077947
25045,0.057791777
25046,0.10682112
25047,0.0513472
25048,0.059224077
25049,0.62648624
25050,0.04639237
25051,0.017173281
25052,0.07719309
25053,0.06636677
25054,0.12433363
25055,0.050655354
25056,0.05706403
25057,0.026918402
25058,0.033414435
25059,0.034423437
25060,0.03363698
25061,0.047867715
25062,0.1248217
25063,0.11328569
25064,0.43386605
25065,0.24844503
25066,0.15098983
25067,0.68922764
25068,0.26591188
25069,0.33294535
25070,0.17562245
25071,0.051803302
25072,0.040730387
25073,0.067466974
25074,0.10393281
25075,0.07911267
25076,0.0793804
25077,0.31231993
25078,0.09024353
25079,0.24091336
25080,0.051068034
25081,0.11702563
25082,0.14349155
25083,0.14454852
25084,0.1844112
25085,0.048318405
25086,0.05481393
25087,0.09131622
25088,0.16067743
25089,0.65246683
25090,0.20513219
25091,0.40997463
25092,0.19844618
25093,0.24441808
25094,0.17749923
25095,0.13951632
25096,0.052382983
25097,0.03257694
25098,0.10447963
25099,0.053254817
25100,0.10438788
25101,0.07253503
25102,0.14737284
25103,0.14484234
25104,0.08153523
25105,0.23621406
25106,0.04784343
25107,0.095290415
25108,0.048572235
25109,0.22582412
25110,0.060051117
25111,0.002330438
25112,0.08859571
25113,0.18071498
25114,0.030912923
25115,0.0
25116,0.114984035
25117,0.14744534
25118,0.06449473
25119,0.10706917
25120,0.02598256
25121,0.07974889
25122,0.069281995
25123,0.07634755
25124,0.1214236
25125,0.12482118
25126,0.048568174
25127,0.016726196
25128,0.006568479
25129,0.11027463
25130,0.020918233
25131,0.0844925
25132,0.030316219
25133,0.05519903
25134,0.10632425
25135,0.086082235
25136,0.04817705
25137,0.009138108
25138,0.05797205
25139,0.16818121
25140,0.23502223
25141,0.37826622
25142,0.11808876
25143,0.018010065
25144,0.025140868
25145,0.019300506
25146,0.06602319
25147,0.062486928
25148,0.053433772
25149,0.08964436
25150,0.14679547
25151,0.004806695
25152,0.039178085
25153,0.028208949
25154,0.034678347
25155,0.016197193
25156,0.030312335
25157,0.08791945
25158,0.07281109
25159,0.2700191
25160,0.016379675
25161,0.018703999
25162,0.04149544
25163,0.06579726
25164,0.086780444
25165,0.2580346
25166,0.120546624
25167,0.012500494
25168,0.117997475
25169,0.026765293
25170,0.05912432
25171,0.13724345
25172,0.15610102
25173,0.06615947
25174,0.0035301915
25175,0.029037852
25176,0.02336562
25177,0.21264397
25178,0.03981135
25179,0.021273673
25180,0.03393381
25181,0.08809127
25182,0.0953238
25183,0.028128475
25184,0.0070855296
25185,0.02387727
25186,0.043954525
25187,0.21886873
25188,0.04112136
25189,0.009705017
25190,0.023340784
25191,0.062409464
25192,0.05914684
25193,0.2170394
25194,0.07028463
25195,0.15725926
25196,0.067207314
25197,0.008011369
25198,0.0420978
25199,0.044949934
25200,0.03333314
25201,0.17790802
25202,0.013623853
25203,0.124508135
25204,0.03907967
25205,0.062840596
25206,0.09237432
25207,0.011471636
25208,0.24804908
25209,0.47034147
25210,0.10105617
25211,0.099305406
25212,0.07134558
25213,0.04368691
25214,0.037252743
25215,0.07536936
25216,0.076364405
25217,0.1480298
25218,0.90061414
25219,0.06259669
25220,0.08993462
25221,0.030312983
25222,0.06620106
25223,0.059292123
25224,0.02702902
25225,0.04407207
25226,0.1334093
25227,0.3635493
25228,0.062656865
25229,0.13365307
25230,0.014946359
25231,0.044787187
25232,0.014114901
25233,0.12311332
25234,0.030205434
25235,0.029333256
25236,0.049018465
25237,0.06930008
25238,0.04284457
25239,0.016501874
25240,0.049222596
25241,0.016812725
25242,0.2140224
25243,0.06431548
25244,0.08248791
25245,0.036322847
25246,0.041046325
25247,0.06650331
25248,0.08431884
25249,0.033425104
25250,0.058430318
25251,0.6110238
25252,0.05383932
25253,0.100318015
25254,0.04898111
25255,0.022021635
25256,0.01948145
25257,0.07562971
25258,0.0016982555
25259,0.0057004574
25260,0.2332744
25261,0.0084764585
25262,0.02141991
25263,0.04644593
25264,0.15053597
25265,0.03345535
25266,0.014309829
25267,0.07979811
25268,0.016411504
25269,0.021821208
25270,0.041312627
25271,0.21004595
25272,0.011277951
25273,0.009648557
25274,0.0
25275,0.0043136114
25276,0.0029601755
25277,0.08751363
25278,0.008589119
25279,0.033105496
25280,0.13191551
25281,0.056679744
25282,0.014479995
25283,0.01820993
25284,0.073042676
25285,0.19386794
25286,0.11408301
25287,0.07586663
25288,0.056219302
25289,0.02255464
25290,0.059421636
25291,0.028468722
25292,0.065278284
25293,0.19146325
25294,0.11140625
25295,0.0018778265
25296,0.059125207
25297,0.007700513
25298,0.004100129
25299,0.01119604
25300,0.0
25301,0.006700392
25302,0.011151116
25303,0.018628765
25304,0.0015401219
25305,0.007910666
25306,0.0059429016
25307,0.0023043354
25308,0.030422028
25309,0.07573357
25310,0.071984395
25311,0.100381024
25312,0.0
25313,0.011919162
25314,0.11765213
25315,0.17343602
25316,0.06168242
25317,0.012202053
25318,0.008857196
25319,0.009988888
25320,0.0013278377
25321,0.042385794
25322,0.010790354
25323,0.009597285
25324,0.019479504
25325,0.08021902
25326,0.018916076
25327,0.04660243
25328,0.027206622
25329,0.041733682
25330,0.01594239
25331,0.00043100578
25332,0.022259658
25333,0.08026734
25334,0.10569134
25335,0.042403273
25336,0.07066313
25337,0.013919623
25338,0.051198415
25339,0.042413663
25340,0.020435415
25341,0.028146787
25342,0.11131178
25343,0.041650802
25344,0.21126081
25345,0.082905956
25346,0.07336607
25347,0.07992301
25348,0.07645164
25349,0.029738087
25350,0.02065439
25351,0.0010253456
25352,0.06854578
25353,0.030897494
25354,0.08798852
25355,0.13825715
25356,0.063030176
25357,0.04355449
25358,0.04809675
25359,0.031797647
25360,0.03583288
25361,0.006415647
25362,0.026109012
25363,0.021552421
25364,0.025023252
25365,0.00216577
25366,0.065335125
25367,0.06973029
25368,0.049169626
25369,0.1672216
25370,0.013302351
25371,0.025802182
25372,0.0048539466
25373,0.016296467
25374,0.024977347
25375,0.04490271
25376,0.01678702
25377,0.027045656
25378,0.04630294
25379,0.031755302
25380,0.016304601
25381,0.014798826
25382,0.033220842
25383,0.16787429
25384,0.1458305
25385,0.032688495
25386,0.09463651
25387,0.026403707
25388,0.08856709
25389,0.029990923
25390,0.046398036
25391,0.0036367492
25392,0.02760002
25393,0.03137104
25394,0.03240481
25395,0.083090775
25396,0.030827612
25397,0.033329356
25398,0.029439496
25399,0.13582069
25400,0.031818718
25401,0.064505555
25402,0.030980928
25403,0.14914179
25404,0.12827754
25405,0.012995875
25406,0.035419542
25407,0.18790327
25408,0.06378888
25409,0.23910758
25410,0.07325094
25411,0.13019064
25412,0.06010841
25413,0.01920531
25414,0.025928386
25415,0.08180593
25416,0.0064546056
25417,0.13351932
25418,0.5297492
25419,0.14470077
25420,0.039704233
25421,0.16312057
25422,0.051934145
25423,0.086422816
25424,0.07867981
25425,0.043407273
25426,0.0224895
25427,0.070189595
25428,0.111419015
25429,0.16886915
25430,0.35041013
25431,0.382359
25432,0.058559634
25433,0.10266836
25434,0.14308445
25435,0.18451153
25436,0.04581809
25437,0.09971013
25438,0.0584397
25439,0.09470217
25440,0.118048534
25441,0.045342647
25442,0.25850418
25443,0.13363054
25444,0.16368674
25445,0.3587406
25446,0.12842368
25447,0.046231374
25448,0.36719075
25449,0.15765634
25450,0.32964298
25451,0.0854522
25452,0.07399535
25453,0.064901896
25454,0.08180085
25455,0.09132364
25456,0.086614646
25457,0.028386056
25458,0.037917126
25459,0.07583601
25460,0.23988251
25461,0.04172447
25462,0.0451935
25463,0.10741271
25464,0.0718406
25465,0.08668399
25466,0.03267552
25467,0.027048822
25468,0.017524308
25469,0.0523004
25470,0.16433667
25471,0.18247807
25472,0.03884611
25473,0.016800387
25474,0.019131467
25475,0.29504186
25476,0.12924002
25477,0.08521866
25478,0.28206307
25479,0.3131711
25480,0.100690074
25481,0.09905601
25482,0.08329028
25483,0.041095596
25484,0.060462534
25485,0.077495016
25486,0.08167083
25487,0.20202668
25488,0.27681166
25489,0.022538075
25490,0.027776862
25491,0.06892796
25492,0.04205698
25493,0.02278418
25494,0.036144212
25495,0.19307806
25496,0.025237069
25497,0.061209537
25498,0.011581818
25499,0.056135572
25500,0.037244577
25501,0.021640789
25502,0.15049258
25503,0.36734033
25504,0.052992813
25505,0.079636425
25506,0.021539424
25507,0.027585162
25508,0.08776071
25509,0.078454636
25510,0.04144031
25511,0.10276498
25512,0.15753792
25513,0.09279375
25514,0.11400817
25515,0.11276436
25516,0.030190667
25517,0.015127115
25518,0.014484307
25519,0.023536067
25520,0.008600926
25521,0.09089807
25522,0.042868115
25523,0.12926152
25524,0.008326743
25525,0.033069234
25526,0.029265448
25527,0.00917945
25528,0.010666062
25529,0.03964884
25530,0.05821716
25531,0.015769644
25532,0.058512
25533,0.2291547
25534,0.25144354
25535,0.048600692
25536,0.09512852
25537,0.10199873
25538,0.057434075
25539,0.0131720975
25540,0.061840504
25541,0.015615426
25542,0.048801713
25543,0.15158239
25544,0.012534485
25545,0.011153747
25546,0.021730252
25547,0.008391729
25548,0.065535724
25549,0.05498155
25550,0.17034268
25551,0.0987906
25552,0.11029667
25553,0.061368242
25554,0.030941412
25555,0.016319407
25556,0.06589223
25557,0.05977928
25558,0.106315196
25559,0.04413654
25560,0.42776653
25561,0.11488371
25562,0.11528398
25563,0.046184827
25564,0.037057005
25565,0.026975663
25566,0.058833566
25567,0.008992753
25568,0.010430568
25569,0.062655844
25570,0.045464866
25571,0.08024202
25572,0.051225282
25573,0.1452251
25574,0.11650209
25575,0.22773062
25576,0.068894394
25577,0.021684993
25578,0.0719602
25579,0.030171847
25580,0.059249908
25581,0.071089774
25582,0.052474048
25583,0.13940555
25584,0.05786495
25585,0.15854797
25586,0.055892687
25587,0.06305944
25588,0.027880335
25589,0.11171421
25590,0.020366443
25591,0.04742062
25592,0.06745021
25593,0.03444217
25594,0.0
25595,0.010238185
25596,0.02284869
25597,0.052376073
25598,0.073133565
25599,0.09470712
25600,0.13674457
25601,0.14559644
25602,0.109803855
25603,0.120028384
25604,0.0022577543
25605,0.07634985
25606,0.06586192
25607,0.036961444
25608,0.07718673
25609,0.10485322
25610,0.05188554
25611,0.044888444
25612,0.06267997
25613,0.03857728
25614,0.047652487
25615,0.031094844
25616,0.060967356
25617,0.014320684
25618,0.038699746
25619,0.10447162
25620,0.07493686
25621,0.114477284
25622,0.43468118
25623,0.094808154
25624,0.108011246
25625,0.07425574
25626,0.06993311
25627,0.07691218
25628,0.10096599
25629,0.07988608
25630,0.03987034
25631,0.2922829
25632,0.0907117
25633,0.09659257
25634,0.059753347
25635,0.07151383
25636,0.033095594
25637,0.04443818
25638,0.029542796
25639,0.20098753
25640,0.06405779
25641,0.06429478
25642,0.09515477
25643,0.56955117
25644,0.08663577
25645,0.024318477
25646,0.110452965
25647,0.058214262
25648,0.18415815
25649,0.22328292
25650,0.08988531
25651,0.016005982
25652,0.049286116
25653,0.15692537
25654,0.17225678
25655,0.057468407
25656,0.16464293
25657,0.07342858
25658,0.09117408
25659,0.019594714
25660,0.008244364
25661,0.046321977
25662,0.065635465
25663,0.032282047
25664,0.10089963
25665,0.18592712
25666,0.12597953
25667,0.074257605
25668,0.044958305
25669,0.095556445
25670,0.15617937
25671,0.19488373
25672,0.07960627
25673,0.05250875
25674,0.029737884
25675,0.07315313
25676,0.46550274
25677,0.056538086
25678,0.17735389
25679,0.2626934
25680,0.1459797
25681,0.036427546
25682,0.01297205
25683,0.040740516
25684,0.05642911
25685,0.16046397
25686,0.16552609
25687,0.0061212555
25688,0.13724488
25689,0.08786439
25690,0.15583758
25691,0.150028
25692,0.1276724
25693,0.19530256
25694,0.23532635
25695,0.10780229
25696,0.05303977
25697,0.08885579
25698,0.11566327
25699,0.23749048
25700,0.72682005
25701,0.049342796
25702,0.23175947
25703,0.061735228
25704,0.2521892
25705,0.07989344
25706,0.10733924
25707,0.062651455
25708,0.09893345
25709,0.030825729
25710,0.3258938
25711,0.07710594
25712,0.12109928
25713,0.22348946
25714,0.16744085
25715,0.23681931
25716,0.27539763
25717,0.24307534
25718,0.058102045
25719,0.18318841
25720,0.13510907
25721,0.14726311
25722,0.72350806
25723,0.3399459
25724,0.3991908
25725,0.06931786
25726,0.052617107
25727,0.17508613
25728,0.08875764
25729,0.078976676
25730,0.054862928
25731,0.04537692
25732,0.03707893
25733,0.092630774
25734,0.044239238
25735,0.060655855
25736,0.039547153
25737,0.07265916
25738,0.1001651
25739,0.13443035
25740,0.14431924
25741,0.13874634
25742,0.12590827
25743,0.1868945
25744,0.1591855
25745,0.060765527
25746,0.1260926
25747,0.19795072
25748,0.052985664
25749,0.08587223
25750,0.7766558
25751,0.7594598
25752,0.53046894
25753,0.058218297
25754,0.051415093
25755,0.12851757
25756,0.35072696
25757,0.12227741
25758,0.056957323
25759,0.08955279
25760,0.039905757
25761,0.02806919
25762,0.036314823
25763,0.079670236
25764,0.097755075
25765,0.092566915
25766,0.05836512
25767,0.22894469
25768,0.08675858
25769,0.054033026
25770,0.13733362
25771,0.1393386
25772,0.090508446
25773,0.078318305
25774,0.1761781
25775,0.12195931
25776,0.12947184
25777,0.11983281
25778,0.114483126
25779,0.7801337
25780,0.75297403
25781,0.52691114
25782,0.07142058
25783,0.07687913
25784,0.064247794
25785,0.037926983
25786,0.2686088
25787,0.13887854
25788,0.22797675
25789,0.07541243
25790,0.109439194
25791,0.115668066
25792,0.13944836
25793,0.18086419
25794,0.21407565
25795,0.36642048
25796,0.3653674
25797,0.16541277
25798,0.17469195
25799,0.1333624
25800,0.0944065
25801,0.14516802
25802,0.098040044
25803,0.08890808
25804,0.15118992
25805,0.16173351
25806,0.10227352
25807,0.12397752
25808,0.05732287
25809,0.7771351
25810,1.0
25811,0.82712275
25812,0.12720113
25813,0.09284454
25814,0.15854852
25815,0.047867816
25816,0.27165923
25817,0.03751829
25818,0.011875879
25819,0.012665748
25820,0.033239625
25821,0.08861412
25822,0.065477714
25823,0.20648009
25824,0.6391784
25825,0.06827917
25826,0.10363706
25827,0.093502715
25828,0.14184657
25829,0.070128925
25830,0.1402881
25831,0.11305184
25832,0.041393187
25833,0.0820859
25834,0.095618695
25835,0.09311886
25836,0.04719802
25837,0.04081182
25838,0.34671628
25839,0.27754617
25840,0.23406802
25841,0.09524539
25842,0.04407706
25843,0.097698
25844,0.06656186
25845,0.19799787
25846,0.058400456
25847,0.053905398
25848,0.043198284
25849,0.027251197
25850,0.05907301
25851,0.06758146
25852,0.17074524
25853,0.50694466
25854,0.21377005
25855,0.19039093
25856,0.13192622
25857,0.17021404
25858,0.15596572
25859,0.39981502
25860,0.1016325
25861,0.0401588
25862,0.04314702
25863,0.13941042
25864,0.16009201
25865,0.12993492
25866,0.35936648
25867,0.24605368
25868,0.2267728
25869,0.9433901
25870,0.16505562
25871,0.028133854
25872,0.12520649
25873,0.1768346
25874,0.06232135
25875,0.063475095
25876,0.3120847
25877,0.0
25878,0.035144188
25879,0.014115625
25880,0.02542654
25881,0.04718732
25882,0.10092507
25883,0.25578126
25884,0.20071247
25885,0.27439386
25886,0.21678665
25887,0.1207988
25888,0.12507147
25889,0.21857025
25890,0.012520239
25891,0.0023723887
25892,0.1183523
25893,0.05962161
25894,0.039003972
25895,0.2518756
25896,0.24849224
25897,0.056728788
25898,0.3771891
25899,0.2076999
25900,0.0
25901,0.066589735
25902,0.085748315
25903,0.072255425
25904,0.001894748
25905,0.0
25906,0.010475841
25907,0.05108897
25908,0.0819332
25909,0.069281116
25910,0.1618299
25911,0.22494368
25912,0.5896972
25913,0.24495208
25914,0.18655339
25915,0.36047688
25916,0.10428799
25917,6.889263e-05
25918,0.050045688
25919,0.05158866
25920,0.11103158
25921,0.17956626
25922,0.1187475
25923,0.02511927
25924,0.07083754
25925,0.12166455
25926,0.0058624307
25927,0.0
25928,0.040418386
25929,0.0703522
25930,0.016490407
25931,0.022367777
25932,0.006638447
25933,0.0054311743
25934,0.018738527
25935,0.0408508
25936,0.08328408
25937,0.08278285
25938,0.090141885
25939,0.24039759
25940,0.17446765
25941,0.12741974
25942,0.48077962
25943,0.43179542
25944,0.25534344
25945,0.14576022
25946,0.049290434
25947,0.03321662
25948,0.062123645
25949,0.11293778
25950,0.057654813
25951,0.061160762
25952,0.63536334
25953,0.053438168
25954,0.025224071
25955,0.08024242
25956,0.05905045
25957,0.1253179
25958,0.06443299
25959,0.048324358
25960,0.027427947
25961,0.055794913
25962,0.116656445
25963,0.1153304
25964,0.43300945
25965,0.24378353
25966,0.15005516
25967,0.68717265
25968,0.2665533
25969,0.33473733
25970,0.17713553
25971,0.048665628
25972,0.040097658
25973,0.05054126
25974,0.0705138
25975,0.10717065
25976,0.07797948
25977,0.085187666
25978,0.31629568
25979,0.09522447
25980,0.24089278
25981,0.04068174
25982,0.11494005
25983,0.15103832
25984,0.14884752
25985,0.1838309
25986,0.06015844
25987,0.047313325
25988,0.04092055
25989,0.08185946
25990,0.16143069
25991,0.65031874
25992,0.19917925
25993,0.40774837
25994,0.19509944
25995,0.24376814
25996,0.17799984
25997,0.13973798
25998,0.034332216
25999,0.121375434
26000,0.07011029
26001,0.15188862
26002,0.1475267
26003,0.085224606
26004,0.23490204
26005,0.036165554
26006,0.091913275
26007,0.054827563
26008,0.22883175
26009,0.058179334
26010,0.09050369
26011,0.17972182
26012,0.02611476
26013,0.0
26014,0.11279205
26015,0.14795013
26016,0.06615003
26017,0.108445585
26018,0.08087417
26019,0.07219208
26020,0.0794486
26021,0.12538925
26022,0.12355124
26023,0.02056536
26024,0.011412661
26025,0.11011739
26026,0.010395233
26027,0.029969105
26028,0.088654876
26029,0.008306841
26030,0.04259301
26031,0.103928134
26032,0.08078484
26033,0.03907477
26034,0.0037626128
26035,0.05147595
26036,0.16438197
26037,0.23237352
26038,0.3753385
26039,0.11438887
26040,0.02196206
26041,0.017906515
26042,0.064820156
26043,0.062148526
26044,0.06727203
26045,0.08407034
26046,0.14816189
26047,0.0053467895
26048,0.034716748
26049,0.013381832
26050,0.033287153
26051,0.016055504
26052,0.025291283
26053,0.077891625
26054,0.072993204
26055,0.2673
26056,0.009855608
26057,0.015906723
26058,0.037577555
26059,0.06457617
26060,0.08670987
26061,0.25768515
26062,0.11942495
26063,0.007500194
26064,0.008865567
26065,0.117396876
26066,0.027949473
26067,0.06049952
26068,0.15365991
26069,0.15310514
26070,0.07010414
26071,0.0066484837
26072,0.027154705
26073,0.011116705
26074,0.20869577
26075,0.04549561
26076,0.013035092
26077,0.012773884
26078,0.03404293
26079,0.098410316
26080,0.102741554
26081,0.031741362
26082,0.014425188
26083,0.03009631
26084,0.052870303
26085,0.22893512
26086,0.050908826
26087,0.01924133
26088,0.034661964
26089,0.07152349
26090,0.24359281
26091,0.077425756
26092,0.17134084
26093,0.079457544
26094,0.021266585
26095,0.025421955
26096,0.039985824
26097,0.05113867
26098,0.04915432
26099,0.18560217
26100,0.0068401746
26101,0.015260953
26102,0.14800662
26103,0.035241436
26104,0.06921228
26105,0.09584472
26106,0.014863955
26107,0.25032076
26108,0.4753099
26109,0.10717519
26110,0.105145544
26111,0.0407685
26112,0.07476923
26113,0.044876184
26114,0.040946975
26115,0.08095835
26116,0.08373821
26117,0.1555946
26118,0.9090433
26119,0.093128406
26120,0.04044718
26121,0.07450397
26122,0.06859995
26123,0.03133548
26124,0.03801272
26125,0.13565077
26126,0.37542307
26127,0.071282946
26128,0.13739985
26129,0.031113375
26130,0.022824882
26131,0.06433823
26132,0.02100589
26133,0.12710296
26134,0.030390248
26135,0.012844391
26136,0.032124262
26137,0.055656794
26138,0.07565952
26139,0.04843175
26140,0.05093122
26141,0.22210643
26142,0.07326415
26143,0.10561333
26144,0.040035915
26145,0.051699825
26146,0.07532554
26147,0.094146065
26148,0.03825086
26149,0.06119102
26150,0.62341726
26151,0.06298471
26152,0.10458411
26153,0.04719021
26154,0.042092007
26155,0.018690646
26156,0.07193762
26157,0.0
26158,0.001930251
26159,0.23108037
26160,0.00743293
26161,0.020097518
26162,0.0079065645
26163,0.0
26164,0.0
26165,0.044360798
26166,0.0477128
26167,0.16597949
26168,0.029486628
26169,0.01728149
26170,0.080938525
26171,0.01855689
26172,0.018965157
26173,0.03639154
26174,0.21475725
26175,0.012741544
26176,0.0
26177,0.009591628
26178,0.0842361
26179,0.0015066726
26180,0.02974987
26181,0.13013601
26182,0.056050815
26183,0.011155675
26184,0.012651281
26185,0.07472409
26186,0.20972596
26187,0.11052885
26188,0.07925293
26189,0.05777424
26190,0.02511458
26191,0.05698016
26192,0.015661448
26193,0.060771752
26194,0.19658907
26195,0.113284394
26196,0.014842453
26197,0.06038709
26198,0.00515744
26199,0.0052838484
26200,0.01125916
26201,0.0
26202,0.010610789
26203,0.014782623
26204,0.0027551476
26205,0.0074285185
26206,0.005684695
26207,0.036642782
26208,0.09613109
26209,0.07296959
26210,0.10830669
26211,0.117684945
26212,0.026222462
26213,0.17985341
26214,0.014006938
26215,0.0
26216,0.061466135
26217,0.008180862
26218,0.008562778
26219,0.003760114
26220,0.028136399
26221,0.04196051
26222,0.010527273
26223,0.009604792
26224,0.012574032
26225,0.024222134
26226,0.0453896
26227,0.07972609
26228,0.024537252
26229,0.047222175
26230,0.013324355
26231,0.04667308
26232,0.01600244
26233,0.012911301
26234,0.017167142
26235,0.072273515
26236,0.093892634
26237,0.0343314
26238,0.061470695
26239,0.021985007
26240,0.04557433
26241,0.03437309
26242,0.010160496
26243,0.02227154
26244,0.10827692
26245,0.06866474
26246,0.031487733
26247,0.024127292
26248,0.20203798
26249,0.0833156
26250,0.070527926
26251,0.0722056
26252,0.00366311
26253,0.08792846
26254,0.044941682
26255,0.08647612
26256,0.048548926
26257,0.103223495
26258,0.15849784
26259,0.0974476
26260,0.043425445
26261,0.062149446
26262,0.052235067
26263,0.07173972
26264,0.004878293
26265,0.009615697
26266,0.0
26267,0.03203577
26268,0.027200263
26269,0.06633221
26270,0.0779674
26271,0.07158342
26272,0.16927068
26273,0.021736184
26274,0.026999163
26275,0.00795189
26276,0.023121182
26277,0.030681461
26278,0.05330359
26279,0.026338419
26280,0.054803234
26281,0.038611367
26282,0.020926323
26283,0.01804474
26284,0.02382021
26285,0.044027057
26286,0.17887151
26287,0.15769216
26288,0.062403277
26289,0.10031033
26290,0.044465628
26291,0.033582944
26292,0.072807364
26293,0.05427748
26294,0.03860104
26295,0.026575986
26296,0.037942078
26297,0.031292334
26298,0.079894274
26299,0.0
26300,0.022582695
26301,0.019626604
26302,0.13019697
26303,0.03304109
26304,0.06364391
26305,0.14185067
26306,0.11986579
26307,0.008738804
26308,0.03630449
26309,0.005696466
26310,0.17805238
26311,0.06078417
26312,0.23401883
26313,0.06646614
26314,0.118672416
26315,0.047469553
26316,0.007500154
26317,0.07846372
26318,0.007925176
26319,0.038096868
26320,0.0
26321,0.14407328
26322,0.044031825
26323,0.54506564
26324,0.15832084
26325,0.051184993
26326,0.04497335
26327,0.17182031
26328,0.06812217
26329,0.0
26330,0.09582598
26331,0.08823345
26332,0.028966354
26333,0.103907324
26334,0.16820362
26335,0.3476605
26336,0.37791345
26337,0.09236865
26338,0.13371857
26339,0.18263395
26340,0.09119807
26341,0.047867008
26342,0.08311335
26343,0.1374741
26344,0.28917667
26345,0.16221906
26346,0.19057922
26347,0.3808995
26348,0.1494621
26349,0.06477279
26350,0.38916272
26351,0.06099186
26352,0.18033192
26353,0.3646294
26354,0.10827813
26355,0.094760634
26356,0.084651075
26357,0.10051002
26358,0.08804861
26359,0.09548736
26360,0.089082316
26361,0.026120285
26362,0.03453074
26363,0.06995269
26364,0.23742989
26365,0.054060392
26366,0.050173804
26367,0.105663456
26368,0.082402445
26369,0.08508522
26370,0.0034808165
26371,0.0
26372,0.03415721
26373,0.14410935
26374,0.15582128
26375,0.029486595
26376,0.026791103
26377,0.017263686
26378,0.0060865902
26379,0.0
26380,0.0
26381,0.28230897
26382,0.11442315
26383,0.0639724
26384,0.25969598
26385,0.28830728
26386,0.09404555
26387,0.08605948
26388,0.06256056
26389,0.020516394
26390,0.013146403
26391,0.034824464
26392,0.056424685
26393,0.07424247
26394,0.07198874
26395,0.19122404
26396,0.26351216
26397,0.018111603
26398,0.03269655
26399,0.06749563
26400,0.031475846
26401,0.033041973
26402,0.024052436
26403,0.1790042
26404,0.024611244
26405,0.052414693
26406,0.051434044
26407,0.030847017
26408,0.010509739
26409,0.13824096
26410,0.35259178
26411,0.050037827
26412,0.07695562
26413,0.031055847
26414,0.08487938
26415,0.07456966
26416,0.030976294
26417,0.003003523
26418,0.08922419
26419,0.14201507
26420,0.09071895
26421,0.10376426
26422,0.106099196
26423,0.0
26424,0.025207287
26425,0.010949379
26426,0.016376743
26427,0.029027505
26428,0.077654
26429,0.04013908
26430,0.12071005
26431,0.0041763126
26432,0.035764944
26433,0.029877158
26434,0.0080951145
26435,0.0048482576
26436,0.032710407
26437,0.048781835
26438,0.0
26439,0.018402103
26440,0.05794976
26441,0.23793873
26442,0.25387546
26443,0.05002896
26444,0.089827225
26445,0.057710625
26446,0.096847914
26447,0.05022263
26448,0.004944551
26449,0.0516309
26450,0.018853853
26451,0.047449782
26452,0.155111
26453,0.011741818
26454,0.016431259
26455,0.008994682
26456,0.055676725
26457,0.055637572
26458,0.16517642
26459,0.09802524
26460,0.11637746
26461,0.06536504
26462,0.033242106
26463,0.013886672
26464,0.06233885
26465,0.05372902
26466,0.010634472
26467,0.10913801
26468,0.056305505
26469,0.4335834
26470,0.11969704
26471,0.0696125
26472,0.113518246
26473,0.042358454
26474,0.032214522
26475,0.01884086
26476,0.011696879
26477,0.03253916
26478,0.05804362
26479,0.020200664
26480,0.005799918
26481,0.013307899
26482,0.069132134
26483,0.043667648
26484,0.067982875
26485,0.049481146
26486,0.13765869
26487,0.11333658
26488,0.23141119
26489,0.070491
26490,0.021585558
26491,0.0671273
26492,0.050799493
26493,0.071512416
26494,0.06224282
26495,0.14282234
26496,0.060278088
26497,0.15423161
26498,0.0638873
26499,0.058893576
26500,0.005098175
26501,0.019024292
26502,0.11593757
26503,0.0164207
26504,0.04705361
26505,0.0642601
26506,0.038955603
26507,0.008675771
26508,0.0
26509,0.010822882
26510,0.027032403
26511,0.048286233
26512,0.058581773
26513,0.09067032
26514,0.12688549
26515,0.14013825
26516,0.111191854
26517,0.11933236
26518,0.0
26519,0.06922428
26520,0.055118877
26521,0.035091475
26522,0.08466291
26523,0.05879488
26524,0.057587646
26525,0.021655943
26526,0.036369275
26527,0.05314465
26528,0.027059935
26529,0.049583197
26530,0.025612071
26531,0.053913802
26532,0.041315384
26533,0.09881378
26534,0.058817063
26535,0.10887249
26536,0.4232539
26537,0.08778201
26538,0.107831255
26539,0.07199172
26540,0.06597303
26541,0.06821862
26542,0.09115183
26543,0.06757501
26544,0.012610949
26545,0.03842286
26546,0.28410596
26547,0.0948458
26548,0.08856605
26549,0.049666144
26550,0.06041057
26551,0.032959525
26552,0.03345827
26553,0.04021053
26554,0.018178586
26555,0.04070278
26556,0.21574648
26557,0.070543304
26558,0.060318355
26559,0.1016933
26560,0.5702674
26561,0.091752954
26562,0.03628177
26563,0.12033226
26564,0.06639754
26565,0.18760793
26566,0.22561209
26567,0.08971757
26568,0.027906064
26569,0.057991434
26570,0.08664489
26571,0.16089168
26572,0.18853423
26573,0.061585184
26574,0.16669916
26575,0.074468635
26576,0.09551101
26577,0.025735702
26578,0.012496078
26579,0.060242843
26580,0.07128284
26581,0.02746743
26582,0.10660004
26583,0.18580522
26584,0.13025849
26585,0.08538281
26586,0.053999472
26587,0.10290156
26588,0.15879099
26589,0.19637477
26590,0.078600384
26591,0.060375977
26592,0.046951238
26593,0.08301086
26594,0.468631
26595,0.18063255
26596,0.26391137
26597,0.14618158
26598,0.036025736
26599,0.043505087
26600,0.02173136
26601,0.05068248
26602,0.069970004
26603,0.16573142
26604,0.16033152
26605,0.0114417225
26606,0.13674311
26607,0.09176351
26608,0.16658281
26609,0.15868925
26610,0.13463758
26611,0.1975343
26612,0.2364375
26613,0.10641648
26614,0.06052705
26615,0.10568924
26616,0.12614469
26617,0.24696836
26618,0.72956836
26619,0.0501809
26620,0.23158148
26621,0.0648541
26622,0.2588869
26623,0.075237006
26624,0.1062818
26625,0.05332048
26626,0.07914054
26627,0.021547792
26628,0.31079346
26629,0.06640665
26630,0.1172462
26631,0.21755227
26632,0.15980764
26633,0.22445263
26634,0.26191035
26635,0.22709116
26636,0.053911403
26637,0.17927201
26638,0.127998
26639,0.1494982
26640,0.71939135
26641,0.3348253
26642,0.38734072
26643,0.03885678
26644,0.1603097
26645,0.0772781
26646,0.07107589
26647,0.03124822
26648,0.033708517
26649,0.050531346
26650,0.09739991
26651,0.04073483
26652,0.0466895
26653,0.03609583
26654,0.06338549
26655,0.0952924
26656,0.13640375
26657,0.14420865
26658,0.13693973
26659,0.119368166
26660,0.17923385
26661,0.14902793
26662,0.061526824
26663,0.12772872
26664,0.19986095
26665,0.051701143
26666,0.09393386
26667,0.7783655
26668,0.7601656
26669,0.52444553
26670,0.0375603
26671,0.049268465
26672,0.053931262
26673,0.12286474
26674,0.34865278
26675,0.117380135
26676,0.08125067
26677,0.03007981
26678,0.07950537
26679,0.10118921
26680,0.08772751
26681,0.043063752
26682,0.22415844
26683,0.076149896
26684,0.047825325
26685,0.13797209
26686,0.13789302
26687,0.087366804
26688,0.070443176
26689,0.16718246
26690,0.11046667
26691,0.044690005
26692,0.12977283
26693,0.12040799
26694,0.11186358
26695,0.7805085
26696,0.7523449
26697,0.5195526
26698,0.0676104
26699,0.053963017
26700,0.26162094
26701,0.13546939
26702,0.22174452
26703,0.07688366
26704,0.09980208
26705,0.031385835
26706,0.09819584
26707,0.12557508
26708,0.15871741
26709,0.18146686
26710,0.3443267
26711,0.3374513
26712,0.14189765
26713,0.15802293
26714,0.114609346
26715,0.07395746
26716,0.11998542
26717,0.07173694
26718,0.06010805
26719,0.13330886
26720,0.14472716
26721,0.08554133
26722,0.10405062
26723,0.04674219
26724,0.76020235
26725,1.0
26726,0.80245656
26727,0.11484634
26728,0.06832908
26729,0.13197245
26730,0.03174162
26731,0.24736413
26732,0.059256632
26733,0.0105738165
26734,0.008474024
26735,0.0153340455
26736,0.03950689
26737,0.0866079
26738,0.05300955
26739,0.2045269
26740,0.6314026
26741,0.06490463
26742,0.107108675
26743,0.09489029
26744,0.14153801
26745,0.065086976
26746,0.13412556
26747,0.10439237
26748,0.036164384
26749,0.08434538
26750,0.09875281
26751,0.09652716
26752,0.04741165
26753,0.05037161
26754,0.34992403
26755,0.27975035
26756,0.2295426
26757,0.1030311
26758,0.03970215
26759,0.091262445
26760,0.0
26761,0.070576176
26762,0.19384311
26763,0.057824444
26764,0.050506253
26765,0.0329824
26766,0.017755032
26767,0.026704503
26768,0.050252784
26769,0.048299253
26770,0.16197808
26771,0.4923553
26772,0.20358145
26773,0.18704844
26774,0.12649976
26775,0.16309154
26776,0.14410976
26777,0.38683853
26778,0.08615904
26779,0.03560428
26780,0.039467193
26781,0.13600476
26782,0.15349168
26783,0.13268074
26784,0.3557603
26785,0.2414439
26786,0.21543339
26787,0.94436175
26788,0.15386668
26789,0.014884273
26790,0.12240687
26791,0.16586582
26792,0.054931324
26793,0.30771533
26794,0.04633836
26795,0.028908787
26796,0.031946205
26797,0.043245
26798,0.107497774
26799,0.25653166
26800,0.20586374
26801,0.2863914
26802,0.22670005
26803,0.12901615
26804,0.12855534
26805,0.22093356
26806,0.015817314
26807,0.013157775
26808,0.13001221
26809,0.07155581
26810,0.047743537
26811,0.2699613
26812,0.26022592
26813,0.06745881
26814,0.3935007
26815,0.21185082
26816,0.06568192
26817,0.09828851
26818,0.07662651
26819,0.049447417
26820,0.0070215263
26821,0.019253746
26822,0.05159334
26823,0.07197561
26824,0.0698385
26825,0.15656509
26826,0.22407973
26827,0.59567904
26828,0.24885033
26829,0.18875554
26830,0.3579457
26831,0.10063601
26832,0.055690438
26833,0.057507537
26834,0.113755785
26835,0.19163673
26836,0.124465875
26837,0.029834038
26838,0.08113382
26839,0.119800225
26840,0.0019374744
26841,0.0
26842,0.03349527
26843,0.07687709
26844,0.014846244
26845,0.02147925
26846,0.013453463
26847,0.02365369
26848,0.04936494
26849,0.08352468
26850,0.0725615
26851,0.09043551
26852,0.23486897
26853,0.17333992
26854,0.1331381
26855,0.48441407
26856,0.4337339
26857,0.2525484
26858,0.14184453
26859,0.06458407
26860,0.12474434
26861,0.06310946
26862,0.6332353
26863,0.04924946
26864,0.020019246
26865,0.07305555
26866,0.06531147
26867,0.12340994
26868,0.06294285
26869,0.06328065
26870,0.043767244
26871,0.034694627
26872,0.054674827
26873,0.10507441
26874,0.114263356
26875,0.4261201
26876,0.24129519
26877,0.15441287
26878,0.6894464
26879,0.26713124
26880,0.3305817
26881,0.17185923
26882,0.05268599
26883,0.044392165
26884,0.08095973
26885,0.11126451
26886,0.041418433
26887,0.086651325
26888,0.08169889
26889,0.3107464
26890,0.088658944
26891,0.23234524
26892,0.045582265
26893,0.11167139
26894,0.1513485
26895,0.14633463
26896,0.18902157
26897,0.054240678
26898,0.061529983
26899,0.05261428
26900,0.1585112
26901,0.64157665
26902,0.19483835
26903,0.41025355
26904,0.19552062
26905,0.24249329
26906,0.17199151
26907,0.13260911
26908,0.05290068
26909,0.04292567
26910,0.057303477
26911,0.115883715
26912,0.07692969
26913,0.14654736
26914,0.14012478
26915,0.07680661
26916,0.22450194
26917,0.03921356
26918,0.086792156
26919,0.22446626
26920,0.06151742
26921,0.08273171
26922,0.0898718
26923,0.17326762
26924,0.024061512
26925,0.11550093
26926,0.14896287
26927,0.062429372
26928,0.103604324
26929,0.029942742
26930,0.08240909
26931,0.08307316
26932,0.08397768
26933,0.12891456
26934,0.13265812
26935,0.05118502
26936,0.015451119
26937,0.00528229
26938,0.10200499
26939,0.015730822
26940,0.015916968
26941,0.086577035
26942,0.049169373
26943,0.0357651
26944,0.10761524
26945,0.0786496
26946,0.041340496
26947,0.058503848
26948,0.16971366
26949,0.23297176
26950,0.3748162
26951,0.111369684
26952,0.021985129
26953,0.027815992
26954,0.033106595
26955,0.07366822
26956,0.0699929
26957,0.097496316
26958,0.14942725
26959,0.0035353932
26960,0.030923303
26961,0.023036432
26962,0.034772664
26963,0.042848643
26964,0.01829667
26965,0.03523602
26966,0.07514647
26967,0.08076303
26968,0.2692476
26969,0.016204102
26970,0.029101359
26971,0.048688214
26972,0.07399071
26973,0.091390945
26974,0.26124558
26975,0.12048849
26976,0.020357389
26977,0.12733342
26978,0.07343037
26979,0.041729417
26980,0.15885755
26981,0.17061387
26982,0.07545223
26983,0.010878714
26984,0.02744404
26985,0.024854045
26986,0.21426408
26987,0.023602668
26988,0.019044043
26989,0.09392639
26990,0.092435315
26991,0.025836091
26992,0.015366071
26993,0.028953206
26994,0.050031148
26995,0.2213625
26996,0.042215563
26997,0.016924275
26998,0.041691028
26999,0.07459861
27000,0.071196906
27001,0.2365367
27002,0.08268073
27003,0.16443522
27004,0.070491254
27005,0.01128421
27006,0.013457521
27007,0.04146942
27008,0.04445319
27009,0.04604758
27010,0.18737586
27011,0.0
27012,0.013836014
27013,0.14792034
27014,0.023119623
27015,0.06760547
27016,0.08841558
27017,0.01868196
27018,0.25205475
27019,0.47534797
27020,0.10247961
27021,0.09932935
27022,0.032455467
27023,0.07737507
27024,0.04835674
27025,0.044701684
27026,0.08151835
27027,0.09364436
27028,0.15914883
27029,0.9115937
27030,0.10126048
27031,0.03641866
27032,0.06841479
27033,0.06149465
27034,0.022248138
27035,0.042373434
27036,0.13184246
27037,0.37519336
27038,0.068230174
27039,0.14205079
27040,0.024655813
27041,0.06712902
27042,0.017793378
27043,0.11806822
27044,0.025756361
27045,0.032252535
27046,0.049355548
27047,0.068237625
27048,0.038512982
27049,0.05280604
27050,0.22405495
27051,0.07420897
27052,0.0998286
27053,0.046065602
27054,0.067630656
27055,0.08543508
27056,0.027557766
27057,0.05577694
27058,0.621582
27059,0.058326274
27060,0.10762919
27061,0.047036633
27062,0.04327711
27063,0.025028558
27064,0.07245316
27065,0.0
27066,0.013692928
27067,0.23906296
27068,0.010682093
27069,0.022226058
27070,0.011137007
27071,0.058208033
27072,0.16974519
27073,0.045563467
27074,0.08279402
27075,0.019396301
27076,0.01782251
27077,0.040527876
27078,0.22247231
27079,0.017633501
27080,0.018828293
27081,0.0042377203
27082,0.0018522262
27083,0.07768204
27084,0.034442984
27085,0.13104904
27086,0.05223039
27087,0.014636654
27088,0.01700694
27089,0.019421661
27090,0.07814971
27091,0.20642209
27092,0.11953603
27093,0.07609948
27094,0.0525602
27095,0.018884402
27096,0.04876796
27097,0.057838533
27098,0.19723453
27099,0.11110672
27100,0.05898412
27101,0.008155458
27102,0.015128005
27103,0.019019328
27104,0.004080342
27105,0.011941431
27106,0.01499264
27107,0.020825345
27108,0.01138719
27109,0.016398067
27110,0.017209413
27111,0.045219496
27112,0.097978234
27113,0.08712784
27114,0.110304326
27115,0.014038081
27116,0.1199027
27117,0.03201902
27118,0.1828269
27119,0.02125825
27120,0.008473838
27121,0.021485254
27122,0.0
27123,0.0027279332
27124,0.009956013
27125,0.03465335
27126,0.010708391
27127,0.010709302
27128,0.024347946
27129,0.03878585
27130,0.08543339
27131,0.0150071895
27132,0.035710104
27133,0.0152603015
27134,0.0411956
27135,0.018228488
27136,0.014004214
27137,0.0632883
27138,0.089308366
27139,0.036593277
27140,0.061648533
27141,0.0059056794
27142,0.015733356
27143,0.03542284
27144,0.018987272
27145,0.10927134
27146,0.06292962
27147,0.049841262
27148,0.020844268
27149,0.026931858
27150,0.19667347
27151,0.08152983
27152,0.06591912
27153,0.07530026
27154,0.013958735
27155,0.0035591142
27156,0.09709044
27157,0.07016287
27158,0.034022227
27159,0.021733947
27160,0.06704311
27161,0.027995326
27162,0.09109191
27163,0.018647745
27164,0.14631088
27165,0.07853115
27166,0.027794566
27167,0.038929734
27168,0.043603648
27169,0.034444887
27170,0.06458246
27171,0.013705561
27172,0.0
27173,0.027612092
27174,0.02165597
27175,0.008274894
27176,0.07008459
27177,0.080789804
27178,0.1657342
27179,0.031921856
27180,0.013804035
27181,0.05484995
27182,0.00019015736
27183,0.022205604
27184,0.027681895
27185,0.048607968
27186,0.01690931
27187,0.019673299
27188,0.017065892
27189,0.019646676
27190,0.049199674
27191,0.17769209
27192,0.15550922
27193,0.053490724
27194,0.09176834
27195,0.03350018
27196,0.06667276
27197,0.07292438
27198,0.08386267
27199,0.0760053
27200,0.09176876
27201,0.034257717
27202,0.04178281
27203,0.091825135
27204,0.035794377
27205,0.011958041
27206,0.009570165
27207,0.13497314
27208,0.037462387
27209,0.06950559
27210,0.032213405
27211,0.15011358
27212,0.12580626
27213,0.044790298
27214,0.19136646
27215,0.07374331
27216,0.24841839
27217,0.07879412
27218,0.13547315
27219,0.0
27220,0.095487416
27221,0.02238667
27222,0.011531389
27223,0.15129294
27224,0.050896596
27225,0.55337083
27226,0.1645545
27227,0.052706838
27228,0.15813817
27229,0.10148853
27230,0.090966254
27231,0.056883644
27232,0.0399104
27233,0.06889107
27234,0.124669105
27235,0.18861058
27236,0.3695079
27237,0.39768922
27238,0.11429477
27239,0.13357855
27240,0.20639212
27241,0.06281531
27242,0.10747302
27243,0.06739253
27244,0.10759953
27245,0.065846466
27246,0.28549945
27247,0.15998204
27248,0.1862707
27249,0.3810638
27250,0.14730385
27251,0.36493862
27252,0.17545225
27253,0.3624545
27254,0.10046879
27255,0.090201885
27256,0.085052945
27257,0.09899151
27258,0.0898991
27259,0.098778255
27260,0.090301655
27261,0.031812336
27262,0.07267191
27263,0.21873337
27264,0.06683063
27265,0.058618605
27266,0.10631174
27267,0.0857553
27268,0.08280375
27269,0.033929735
27270,0.022293689
27271,0.015162694
27272,0.056430142
27273,0.16782264
27274,0.04450284
27275,0.18193574
27276,0.05262825
27277,0.05998384
27278,0.050908525
27279,0.034953754
27280,0.010183631
27281,0.28239328
27282,0.115947835
27283,0.06789823
27284,0.26129937
27285,0.28926027
27286,0.030344838
27287,0.10504959
27288,0.0975157
27289,0.06144262
27290,0.016468663
27291,0.037067596
27292,0.06652018
27293,0.085778356
27294,0.08592581
27295,0.20283869
27296,0.2744762
27297,0.031990718
27298,0.053711828
27299,0.08896306
27300,0.040369052
27301,0.03900549
27302,0.020922597
27303,0.038227186
27304,0.19125849
27305,0.035581492
27306,0.07002033
27307,0.057924196
27308,0.03526562
27309,0.019401079
27310,0.1448098
27311,0.35851026
27312,0.05915213
27313,0.08830108
27314,0.024497347
27315,0.047025405
27316,0.1013011
27317,0.08621379
27318,0.03655374
27319,0.03189409
27320,0.09835322
27321,0.14922358
27322,0.09664345
27323,0.11632426
27324,0.1178534
27325,0.03091909
27326,0.019930601
27327,0.022891901
27328,0.023111306
27329,0.07636813
27330,0.04097551
27331,0.115213685
27332,0.0088276435
27333,0.040061433
27334,0.035614017
27335,0.011760471
27336,0.012986328
27337,0.038526107
27338,0.053947035
27339,0.028994264
27340,0.06602971
27341,0.2531549
27342,0.26954386
27343,0.06091973
27344,0.09292153
27345,0.063509434
27346,0.09701248
27347,0.053637736
27348,0.013320292
27349,0.05808627
27350,0.024025073
27351,0.058450706
27352,0.15971874
27353,0.015165456
27354,0.01738884
27355,0.0
27356,0.04883321
27357,0.050916415
27358,0.15412244
27359,0.097119026
27360,0.11511638
27361,0.06554437
27362,0.031349894
27363,0.01646716
27364,0.06259697
27365,0.053336628
27366,0.015669063
27367,0.11166056
27368,0.065964125
27369,0.44369406
27370,0.12503034
27371,0.06714922
27372,0.03620163
27373,0.108125225
27374,0.040215958
27375,0.035032675
27376,0.021048898
27377,0.017946007
27378,0.06709989
27379,0.029262153
27380,0.00755489
27381,0.0125968
27382,0.055989765
27383,0.029322185
27384,0.059470765
27385,0.043091316
27386,0.124936156
27387,0.110761695
27388,0.22848147
27389,0.06900165
27390,0.018024651
27391,0.06803911
27392,0.022807775
27393,0.048738427
27394,0.01615984
27395,0.0723663
27396,0.07023277
27397,0.15126447
27398,0.06394265
27399,0.15009959
27400,0.062459964
27401,0.05183181
27402,0.017842637
27403,0.006247682
27404,0.018253399
27405,0.11388256
27406,0.021001155
27407,0.050828263
27408,0.071647696
27409,0.01606857
27410,0.0
27411,0.011414086
27412,0.01519228
27413,0.03524301
27414,0.051371902
27415,0.0855829
27416,0.11546507
27417,0.13886568
27418,0.10956442
27419,0.11914533
27420,0.0
27421,0.07143843
27422,0.054360114
27423,0.037247635
27424,0.093955256
27425,0.068539426
27426,0.09541457
27427,0.057462502
27428,0.015896494
27429,0.033860408
27430,0.055596437
27431,0.027591327
27432,0.04883046
27433,0.043213338
27434,0.017028973
27435,0.05798684
27436,0.030491011
27437,0.08678639
27438,0.05262297
27439,0.10480082
27440,0.4128495
27441,0.087525204
27442,0.107219584
27443,0.072820455
27444,0.06473021
27445,0.07144853
27446,0.092059374
27447,0.067832075
27448,0.28229192
27449,0.09573649
27450,0.08382242
27451,0.048173044
27452,0.06387817
27453,0.03372131
27454,0.046303254
27455,0.025362145
27456,0.045420293
27457,0.20803271
27458,0.0616264
27459,0.05723478
27460,0.10073215
27461,0.56297374
27462,0.094606645
27463,0.038780585
27464,0.124271475
27465,0.06826523
27466,0.19394833
27467,0.22963011
27468,0.09308513
27469,0.03670055
27470,0.06427388
27471,0.09573808
27472,0.16218828
27473,0.19253536
27474,0.059952036
27475,0.16831654
27476,0.08104674
27477,0.01954541
27478,0.105520085
27479,0.019893648
27480,0.04377688
27481,0.053613804
27482,0.015631719
27483,0.09688678
27484,0.16975912
27485,0.124360204
27486,0.07912954
27487,0.049186584
27488,0.09601715
27489,0.15637931
27490,0.19164069
27491,0.07321586
27492,0.021457728
27493,0.057906326
27494,0.05161779
27495,0.08335197
27496,0.46117538
27497,0.06722648
27498,0.17024729
27499,0.2567768
27500,0.14400767
27501,0.04113058
27502,0.047986828
27503,0.1425452
27504,0.14297856
27505,0.11517962
27506,0.08034781
27507,0.15481238
27508,0.14835913
27509,0.122235864
27510,0.18960539
27511,0.22618619
27512,0.09551464
27513,0.0030633712
27514,0.022145819
27515,0.052540142
27516,0.10483845
27517,0.12574609
27518,0.24179223
27519,0.71659553
27520,0.037528943
27521,0.2238903
27522,0.016632764
27523,0.06059377
27524,0.2538208
27525,0.07445969
27526,0.09307316
27527,0.038908742
27528,0.07056218
27529,0.29800472
27530,0.06376553
27531,0.1142502
27532,0.21599671
27533,0.15618056
27534,0.22529824
27535,0.26043347
27536,0.22496389
27537,0.054979958
27538,0.18257178
27539,0.12878565
27540,0.15742213
27541,0.72776705
27542,0.33842358
27543,0.38314232
27544,0.03497942
27545,0.16139305
27546,0.081792355
27547,0.07478434
27548,0.05146047
27549,0.090659924
27550,0.03279177
27551,0.03610845
27552,0.057065316
27553,0.099119924
27554,0.13987648
27555,0.1491217
27556,0.13978128
27557,0.1266824
27558,0.18422568
27559,0.15336932
27560,0.06835077
27561,0.13526596
27562,0.20962933
27563,0.1083263
27564,0.79321
27565,0.77023274
27566,0.52671605
27567,0.040151596
27568,0.056820415
27569,0.058278672
27570,0.13384756
27571,0.35882968
27572,0.1311702
27573,0.095045894
27574,0.043648038
27575,0.08006164
27576,0.08931416
27577,0.07464939
27578,0.035818964
27579,0.21903591
27580,0.06469475
27581,0.046517782
27582,0.13630968
27583,0.137671
27584,0.08507326
27585,0.072622366
27586,0.16703923
27587,0.10967301
27588,0.046378884
27589,0.13217501
27590,0.12504117
27591,0.11398482
27592,0.79021776
27593,0.75727683
27594,0.5166879
27595,0.05841819
27596,0.06506665
27597,0.0563799
27598,0.03832052
27599,0.2674687
27600,0.1405114
27601,0.23039955
27602,0.07553259
27603,0.10846225
27604,0.042749446
27605,0.10709342
27606,0.12204139
27607,0.15398057
27608,0.18256329
27609,0.3475457
27610,0.3343375
27611,0.14893144
27612,0.1647019
27613,0.12272873
27614,0.08000526
27615,0.13050595
27616,0.07993507
27617,0.06765572
27618,0.026310043
27619,0.14333905
27620,0.15547067
27621,0.098515965
27622,0.114513166
27623,0.7782526
27624,1.0
27625,0.807933
27626,0.12302755
27627,0.07087605
27628,0.13776997
27629,0.039295226
27630,0.2615531
27631,0.07263992
27632,0.027575288
27633,0.00982172
27634,0.014215677
27635,0.025957193
27636,0.07185516
27637,0.044090115
27638,0.19772977
27639,0.6182727
27640,0.061922472
27641,0.10377166
27642,0.092993684
27643,0.1375698
27644,0.06559152
27645,0.13230768
27646,0.10192409
27647,0.012280458
27648,0.08435961
27649,0.09948033
27650,0.099485844
27651,0.047858242
27652,0.05795438
27653,0.35795894
27654,0.28300777
27655,0.22500332
27656,0.10119645
27657,0.032233134
27658,0.087044075
27659,0.0
27660,0.0681139
27661,0.19801629
27662,0.061191812
27663,0.05748663
27664,0.029172057
27665,0.03305186
27666,0.14885306
27667,0.47289753
27668,0.19427143
27669,0.17738359
27670,0.118275195
27671,0.15279552
27672,0.13828643
27673,0.37869275
27674,0.07736279
27675,0.029290551
27676,0.033866752
27677,0.13263553
27678,0.14761044
27679,0.13393569
27680,0.35746714
27681,0.23837334
27682,0.20456624
27683,0.9361991
27684,0.14006974
27685,0.004337915
27686,0.11361664
27687,0.16371113
27688,0.05197078
27689,0.05391442
27690,0.29518655
27691,0.05617606
27692,0.026315153
27693,0.028149478
27694,0.045281615
27695,0.11165681
27696,0.25435796
27697,0.21383768
27698,0.29401037
27699,0.23575951
27700,0.13600414
27701,0.140016
27702,0.2300718
27703,0.024128014
27704,0.14169581
27705,0.08547053
27706,0.059146184
27707,0.28850013
27708,0.27921674
27709,0.08167219
27710,0.40262198
27711,0.21533789
27712,0.0
27713,0.07545983
27714,0.10678227
27715,0.09175577
27716,0.06377082
27717,0.024957947
27718,0.014494331
27719,0.0
27720,0.01506217
27721,0.046198677
27722,0.07241431
27723,0.072399594
27724,0.15279336
27725,0.23045574
27726,0.6017001
27727,0.25631183
27728,0.19414553
27729,0.3678083
27730,0.10817631
27731,0.06577605
27732,0.069824286
27733,0.123560496
27734,0.20857774
27735,0.14185883
27736,0.042449478
27737,0.088657275
27738,0.12168928
27739,0.007077164
27740,0.041675247
27741,0.083772905
27742,0.028377553
27743,0.02954913
27744,0.03781776
27745,0.019785855
27746,0.019402685
27747,0.03268258
27748,0.0656393
27749,0.060509425
27750,0.08050587
27751,0.21860653
27752,0.1672252
27753,0.1266686
27754,0.47938487
27755,0.42663306
27756,0.24992037
27757,0.13689412
27758,0.038697805
27759,0.061898075
27760,0.12919447
27761,0.06801175
27762,0.066225946
27763,0.6226334
27764,0.041898396
27765,0.01762885
27766,0.068744786
27767,0.059716657
27768,0.12445051
27769,0.06317763
27770,0.06712839
27771,0.029800966
27772,0.047620136
27773,0.015782997
27774,0.03467336
27775,0.09090632
27776,0.10221765
27777,0.40774164
27778,0.2330643
27779,0.14582717
27780,0.68230104
27781,0.25791422
27782,0.32583743
27783,0.16479263
27784,0.048164763
27785,0.042102102
27786,0.04683898
27787,0.08329379
27788,0.11405076
27789,0.039426997
27790,0.079567984
27791,0.068981215
27792,0.30127928
27793,0.08415249
27794,0.22591832
27795,0.03787123
27796,0.11059591
27797,0.14946717
27798,0.14806631
27799,0.18074714
27800,0.055977426
27801,0.043835975
27802,0.07340225
27803,0.1656107
27804,0.64234346
27805,0.2057528
27806,0.4208132
27807,0.20752066
27808,0.25242192
27809,0.18639271
27810,0.14468792
27811,0.069756016
27812,0.032497842
27813,0.06440513
27814,0.1252411
27815,0.08899171
27816,0.152975
27817,0.14980306
27818,0.09144554
27819,0.2372204
27820,0.050647937
27821,0.10486206
27822,0.24534334
27823,0.07238842
27824,0.07940726
27825,0.15647027
27826,0.017411785
27827,0.0
27828,0.109936774
27829,0.14132728
27830,0.059266403
27831,0.098118976
27832,0.029233817
27833,0.07918816
27834,0.08698838
27835,0.088345066
27836,0.12850434
27837,0.127156
27838,0.040048476
27839,0.0075651524
27840,0.0023569781
27841,0.09715932
27842,0.0096009765
27843,0.0898899
27844,0.027431631
27845,0.10140418
27846,0.06610579
27847,0.038944297
27848,0.010123449
27849,0.057193115
27850,0.16633154
27851,0.23406233
27852,0.37358418
27853,0.109487355
27854,0.08228912
27855,0.0738362
27856,0.09624764
27857,0.14254422
27858,0.004863598
27859,0.030331085
27860,0.021160085
27861,0.039531816
27862,0.04680199
27863,0.02586303
27864,0.032796293
27865,0.058445103
27866,0.06618401
27867,0.24833556
27868,0.0054399413
27869,0.017982353
27870,0.039009556
27871,0.06224055
27872,0.084113486
27873,0.2516457
27874,0.11023819
27875,0.013302901
27876,0.017173614
27877,0.11999813
27878,0.07368328
27879,0.037204687
27880,0.14653628
27881,0.16099717
27882,0.060201287
27883,0.0
27884,0.018483907
27885,0.014609764
27886,0.21065526
27887,0.013145703
27888,0.013639193
27889,0.090644
27890,0.08282015
27891,0.026368536
27892,0.015543666
27893,0.030571157
27894,0.049577594
27895,0.22538166
27896,0.04391235
27897,0.020885494
27898,0.05278842
27899,0.08614817
27900,0.07796886
27901,0.23551205
27902,0.08436069
27903,0.16048077
27904,0.06978749
27905,0.015541054
27906,0.015793983
27907,0.042521745
27908,0.052141014
27909,0.052929606
27910,0.18786477
27911,0.008005663
27912,0.014675635
27913,0.14523403
27914,0.008942831
27915,0.055551074
27916,0.07002842
27917,0.0100875115
27918,0.24490084
27919,0.46612224
27920,0.09772677
27921,0.09225413
27922,0.02472975
27923,0.072131924
27924,0.04382688
27925,0.042402957
27926,0.07670757
27927,0.09596973
27928,0.1619263
27929,0.9095936
27930,0.07122716
27931,0.09416844
27932,0.058939133
27933,0.056979604
27934,0.015812596
27935,0.03465377
27936,0.13075827
27937,0.3733033
27938,0.06995319
27939,0.1337677
27940,0.026383936
27941,0.016344665
27942,0.055670887
27943,0.02146236
27944,0.023174386
27945,0.11711648
27946,0.034952283
27947,0.04253397
27948,0.062038157
27949,0.07859785
27950,0.04822275
27951,0.033637263
27952,0.065711595
27953,0.24426775
27954,0.08964436
27955,0.10746743
27956,0.056905698
27957,0.05077469
27958,0.07559033
27959,0.09835535
27960,0.07212811
27961,0.63712764
27962,0.0774847
27963,0.11678153
27964,0.056539733
27965,0.04925432
27966,0.0324319
27967,0.07352378
27968,0.010336088
27969,0.024556344
27970,0.24929507
27971,0.025387067
27972,0.034608707
27973,0.07809503
27974,0.07566575
27975,0.17940642
27976,0.057929184
27977,0.027929146
27978,0.092776045
27979,0.034339007
27980,0.030844772
27981,0.058901526
27982,0.2400402
27983,0.03881436
27984,0.030003034
27985,0.014242777
27986,0.01576318
27987,0.07240695
27988,0.038960654
27989,0.13493568
27990,0.060589556
27991,0.022505585
27992,0.030235007
27993,0.017694246
27994,0.08926173
27995,0.20973761
27996,0.12555596
27997,0.076485194
27998,0.056196466
27999,0.027481344
28000,0.055444516
28001,0.026289653
28002,0.0698663
28003,0.2084567
28004,0.12594177
28005,0.04405886
28006,0.0033778565
28007,0.009995563
28008,0.0
28009,0.010650558
28010,0.011379399
28011,0.015330145
28012,0.01837264
28013,0.04668139
28014,0.09164358
28015,0.08349776
28016,0.101039924
28017,0.009780376
28018,0.122280486
28019,0.033591017
28020,0.18801187
28021,0.016437123
28022,0.0
28023,0.04467294
28024,0.0059362883
28025,0.022233244
28026,0.024268188
28027,0.01695993
28028,0.016913133
28029,0.0093188565
28030,0.017346418
28031,0.03379576
28032,0.04043711
28033,0.08978926
28034,0.021939958
28035,0.04072246
28036,0.054366488
28037,0.021393286
28038,0.0052552857
28039,0.048206646
28040,0.08437428
28041,0.031304367
28042,0.057800047
28043,0.014286027
28044,0.034432393
28045,0.033485208
28046,0.010860543
28047,0.11057675
28048,0.056438483
28049,0.04605469
28050,0.01771425
28051,0.022517692
28052,0.19889486
28053,0.08294532
28054,0.070947535
28055,0.07032265
28056,0.06413614
28057,0.027640691
28058,0.016792782
28059,0.064503096
28060,0.023133006
28061,0.08806158
28062,0.14652368
28063,0.07094735
28064,0.03342294
28065,0.044732336
28066,0.03838076
28067,0.0013056435
28068,0.011052194
28069,0.030282449
28070,0.022003958
28071,0.010454921
28072,0.07297784
28073,0.08621292
28074,0.06530283
28075,0.17207329
28076,0.028101515
28077,0.031061938
28078,0.044188652
28079,0.021449855
28080,0.028366506
28081,0.047221083
28082,0.019995138
28083,0.026531931
28084,0.041869577
28085,0.03907918
28086,0.022982074
28087,0.059363745
28088,0.18830828
28089,0.16134788
28090,0.05153273
28091,0.029807655
28092,0.09852284
28093,0.033055756
28094,0.016964873
28095,0.03281709
28096,0.037353106
28097,0.05165861
28098,0.07145699
28099,0.022270473
28100,0.05230792
28101,0.026112882
28102,0.03358765
28103,0.08766493
28104,0.028976483
28105,0.0014159508
28106,0.0049390597
28107,0.013388546
28108,0.13654736
28109,0.038986314
28110,0.07506447
28111,0.1492906
28112,0.1313529
28113,0.015992269
28114,0.014525328
28115,0.046830736
28116,0.18917865
28117,0.071505174
28118,0.2502152
28119,0.07793324
28120,0.13088809
28121,0.06373242
28122,0.09376576
28123,0.057687715
28124,0.008479583
28125,0.009572259
28126,0.12094091
28127,0.020494303
28128,0.5270035
28129,0.1355294
28130,0.033189297
28131,0.022744073
28132,0.13974941
28133,0.047830332
28134,0.0
28135,0.06370409
28136,0.07356576
28137,0.025667652
28138,0.011753474
28139,0.012858568
28140,0.104906134
28141,0.16879736
28142,0.3537296
28143,0.37925318
28144,0.051468857
28145,0.098504156
28146,0.037959687
28147,0.12577881
28148,0.18647325
28149,0.10066157
28150,0.04676556
28151,0.09003165
28152,0.12959804
28153,0.07224249
28154,0.29184526
28155,0.17036277
28156,0.1939936
28157,0.38506255
28158,0.15767223
28159,0.06874942
28160,0.38329795
28161,0.07311366
28162,0.17441592
28163,0.3700131
28164,0.11981633
28165,0.09573394
28166,0.09364406
28167,0.10768747
28168,0.08341071
28169,0.09632484
28170,0.085190505
28171,0.022977043
28172,0.03543469
28173,0.06662309
28174,0.22425851
28175,0.0688211
28176,0.054989368
28177,0.09244125
28178,0.08047975
28179,0.08931718
28180,0.017233482
28181,0.029686695
28182,0.002243949
28183,0.07912152
28184,0.0
28185,0.038798172
28186,0.15422569
28187,0.028248128
28188,0.16195689
28189,0.036257062
28190,0.035435855
28191,0.050830714
28192,0.045491263
28193,0.020181028
28194,0.0
28195,0.30058265
28196,0.13817224
28197,0.08374064
28198,0.28351152
28199,0.30788928
28200,0.13171777
28201,0.12791973
28202,0.02972498
28203,0.057607234
28204,0.04459534
28205,0.072586
28206,0.09587917
28207,0.08964474
28208,0.21292719
28209,0.28098166
28210,0.06825647
28211,0.10724356
28212,0.03905283
28213,0.058073148
28214,0.02617476
28215,0.046538413
28216,0.1996746
28217,0.04231514
28218,0.086043574
28219,0.022753496
28220,0.07069857
28221,0.045382295
28222,0.025793614
28223,0.15757193
28224,0.3676892
28225,0.068407975
28226,0.10234772
28227,0.03121476
28228,0.064243644
28229,0.12225516
28230,0.09781236
28231,0.053635314
28232,0.10933802
28233,0.1603133
28234,0.10605066
28235,0.13502109
28236,0.12037719
28237,0.021118583
28238,0.025000153
28239,0.024845842
28240,0.079555884
28241,0.04219585
28242,0.11810027
28243,0.012516106
28244,0.04369958
28245,0.043287165
28246,0.016775835
28247,0.01427755
28248,0.04618688
28249,0.058024734
28250,0.03793961
28251,0.06764581
28252,0.26527184
28253,0.28539652
28254,0.067417026
28255,0.08917754
28256,0.06836042
28257,0.1136524
28258,0.056462172
28259,0.019203808
28260,0.06407461
28261,0.028331023
28262,0.028802576
28263,0.05587321
28264,0.16146608
28265,0.015333808
28266,0.018477472
28267,0.019847902
28268,0.0
28269,0.051001377
28270,0.051117122
28271,0.15598945
28272,0.0997878
28273,0.11773485
28274,0.07219781
28275,0.035345614
28276,0.016738756
28277,0.06923808
28278,0.0563947
28279,0.11225702
28280,0.07706144
28281,0.45852724
28282,0.13050805
28283,0.062385585
28284,0.04003298
28285,0.123745516
28286,0.04202078
28287,0.039896563
28288,0.026017651
28289,0.030521918
28290,0.03438536
28291,0.08268747
28292,0.00693298
28293,0.012895176
28294,0.055914424
28295,0.029844545
28296,0.06084867
28297,0.042501774
28298,0.1260127
28299,0.11264023
28300,0.23030977
28301,0.074864864
28302,0.021230143
28303,0.06752046
28304,0.051006243
28305,0.07217252
28306,0.08053986
28307,0.16530746
28308,0.06863005
28309,0.14454576
28310,0.06550102
28311,0.06666181
28312,0.018857228
28313,0.0103213275
28314,0.02243189
28315,0.11637861
28316,0.032786824
28317,0.046440896
28318,0.08644503
28319,0.036274478
28320,0.017354464
28321,0.020758923
28322,0.04140736
28323,0.05839181
28324,0.09063529
28325,0.1221838
28326,0.14638628
28327,0.11703463
28328,0.1306506
28329,0.006454548
28330,0.07656175
28331,0.06226994
28332,0.042695876
28333,0.10990432
28334,0.0882243
28335,0.047064755
28336,0.095502704
28337,0.06614558
28338,0.040516965
28339,0.06531208
28340,0.03741183
28341,0.05696852
28342,0.044467952
28343,0.055024277
28344,0.012902053
28345,0.028075019
28346,0.08496802
28347,0.051660217
28348,0.10187059
28349,0.41158557
28350,0.08706309
28351,0.106707156
28352,0.07634301
28353,0.06559502
28354,0.0685892
28355,0.09556961
28356,0.06775923
28357,0.019041028
28358,0.046752237
28359,0.27439728
28360,0.09643692
28361,0.09631182
28362,0.046846963
28363,0.06561113
28364,0.03634453
28365,0.033876713
28366,0.039575223
28367,0.020271316
28368,0.041249722
28369,0.20348841
28370,0.0576798
28371,0.054143753
28372,0.095673636
28373,0.55958116
28374,0.09201625
28375,0.03613991
28376,0.12566587
28377,0.06700177
28378,0.18896075
28379,0.2310121
28380,0.09088401
28381,0.0393671
28382,0.059611224
28383,0.09595654
28384,0.15216555
28385,0.1911075
28386,0.07031323
28387,0.16486228
28388,0.08065143
28389,0.11283679
28390,0.013731359
28391,0.0
28392,0.0076452815
28393,0.031154811
28394,0.041589387
28395,0.0044628703
28396,0.08375043
28397,0.1582891
28398,0.11369196
28399,0.06841099
28400,0.042503074
28401,0.086675845
28402,0.14331388
28403,0.18494485
28404,0.06293687
28405,0.045165822
28406,0.049378097
28407,0.0754926
28408,0.44307464
28409,0.05772079
28410,0.17253055
28411,0.24524465
28412,0.1355345
28413,0.027022114
28414,0.043182336
28415,0.04966487
28416,0.14482087
28417,0.14610988
28418,0.0
28419,0.11800968
28420,0.08397975
28421,0.15839398
28422,0.15597571
28423,0.12719473
28424,0.19084004
28425,0.23379043
28426,0.09953585
28427,0.031034695
28428,0.054099772
28429,0.11689893
28430,0.14154238
28431,0.24823299
28432,0.71279496
28433,0.04029689
28434,0.22971724
28435,0.022564648
28436,0.07413281
28437,0.25118682
28438,0.039206944
28439,0.07824015
28440,0.096479915
28441,0.042913254
28442,0.07542217
28443,0.017984373
28444,0.3025635
28445,0.06912621
28446,0.11956064
28447,0.22534212
28448,0.16286814
28449,0.22826172
28450,0.26976654
28451,0.23071381
28452,0.19318938
28453,0.13207406
28454,0.17121129
28455,0.7452921
28456,0.34659305
28457,0.38107052
28458,0.068802446
28459,0.039476145
28460,0.16894884
28461,0.09706013
28462,0.07387911
28463,0.069739945
28464,0.024160488
28465,0.09654686
28466,0.039276432
28467,0.05191998
28468,0.041481238
28469,0.06410439
28470,0.10696078
28471,0.14766707
28472,0.16094725
28473,0.14894897
28474,0.13212606
28475,0.1960389
28476,0.16159937
28477,0.076035716
28478,0.143573
28479,0.22272706
28480,0.06472599
28481,0.12459569
28482,0.8132153
28483,0.78088266
28484,0.52712446
28485,0.047128458
28486,0.06685633
28487,0.06673698
28488,0.15159556
28489,0.36040473
28490,0.15192987
28491,0.06944728
28492,0.090429865
28493,0.051924568
28494,0.028416175
28495,0.036328346
28496,0.08420811
28497,0.093086906
28498,0.07901981
28499,0.04104499
28500,0.22229455
28501,0.06961959
28502,0.05224446
28503,0.14198618
28504,0.14738241
28505,0.09212687
28506,0.07595182
28507,0.17673828
28508,0.115788944
28509,0.051949594
28510,0.13836795
28511,0.13602476
28512,0.11763917
28513,0.80810916
28514,0.7658129
28515,0.51498234
28516,0.07709633
28517,0.06992935
28518,0.064301565
28519,0.28310257
28520,0.13997221
28521,0.24904504
28522,0.07931806
28523,0.10173202
28524,0.043114863
28525,0.108379096
28526,0.12295334
28527,0.15549028
28528,0.18492863
28529,0.3479435
28530,0.3364015
28531,0.15179737
28532,0.16751754
28533,0.12957932
28534,0.08419804
28535,0.13097459
28536,0.08677329
28537,0.070910856
28538,0.14604905
28539,0.15880276
28540,0.10663876
28541,0.11530671
28542,0.07563527
28543,0.793283
28544,1.0
28545,0.80336636
28546,0.12705591
28547,0.086693436
28548,0.13977192
28549,0.042778607
28550,0.27432618
28551,0.069239855
28552,0.017984243
28553,0.00481168
28554,0.01012594
28555,0.021493701
28556,0.06798928
28557,0.04107988
28558,0.19275217
28559,0.61496145
28560,0.059412826
28561,0.10121173
28562,0.09446872
28563,0.13638715
28564,0.060684666
28565,0.1337705
28566,0.09980374
28567,0.02173412
28568,0.0816941
28569,0.09743691
28570,0.10223316
28571,0.04327635
28572,0.36761376
28573,0.28330696
28574,0.2150614
28575,0.099849366
28576,0.04267504
28577,0.08367048
28578,0.0
28579,0.066221796
28580,0.20541385
28581,0.052416325
28582,0.067895815
28583,0.033122085
28584,0.037857447
28585,0.1516913
28586,0.47740194
28587,0.19957773
28588,0.18263963
28589,0.12756623
28590,0.15942869
28591,0.14119549
28592,0.38797134
28593,0.08305829
28594,0.021827387
28595,0.03444089
28596,0.03963916
28597,0.1431987
28598,0.15084435
28599,0.14767042
28600,0.3749377
28601,0.24648851
28602,0.20244016
28603,0.94266766
28604,0.15832752
28605,0.008780176
28606,0.11954037
28607,0.17892456
28608,0.05101111
28609,0.07213946
28610,0.29144385
28611,0.052837346
28612,0.022602715
28613,0.025034752
28614,0.043022424
28615,0.107430115
28616,0.25179756
28617,0.21207927
28618,0.29220158
28619,0.23798577
28620,0.13557254
28621,0.13586032
28622,0.23228572
28623,0.022213595
28624,0.14040354
28625,0.0889689
28626,0.055315323
28627,0.29517016
28628,0.28962258
28629,0.08272251
28630,0.402026
28631,0.22653092
28632,0.0
28633,0.076001205
28634,0.10564124
28635,0.09990432
28636,0.055746373
28637,0.036118254
28638,0.010794572
28639,0.0056703566
28640,0.037404545
28641,0.06447574
28642,0.062493566
28643,0.14455365
28644,0.22301786
28645,0.59421176
28646,0.25285864
28647,0.18803453
28648,0.35797316
28649,0.10471076
28650,0.058804337
28651,0.06764331
28652,0.11405027
28653,0.20956828
28654,0.14658536
28655,0.037820414
28656,0.08238189
28657,0.12720291
28658,0.0
28659,0.07695251
28660,0.03084675
28661,0.015845299
28662,0.043298624
28663,0.010406734
28664,0.0
28665,0.026663432
28666,0.060217746
28667,0.055943508
28668,0.073972434
28669,0.2137394
28670,0.16315989
28671,0.122553
28672,0.47930437
28673,0.42389488
28674,0.2434578
28675,0.13680115
28676,0.055760507
28677,0.1335576
28678,0.0761108
28679,0.03915001
28680,0.063323155
28681,0.63151973
28682,0.036969114
28683,0.015758615
28684,0.06697939
28685,0.056268867
28686,0.13029239
28687,0.052846447
28688,0.075981885
28689,0.023794457
28690,0.031097926
28691,0.033229724
28692,0.090318225
28693,0.0996621
28694,0.40685228
28695,0.2329769
28696,0.14568956
28697,0.686198
28698,0.25915372
28699,0.3233527
28700,0.16867758
28701,0.04727162
28702,0.044679243
28703,0.09163491
28704,0.12612765
28705,0.08064309
28706,0.081845306
28707,0.30032784
28708,0.086260155
28709,0.22813086
28710,0.03840131
28711,0.120415576
28712,0.1431139
28713,0.16089769
28714,0.17871857
28715,0.043433145
28716,0.052524436
28717,0.07441866
28718,0.16465978
28719,0.64305854
28720,0.20726992
28721,0.4222801
28722,0.21302238
28723,0.25526592
28724,0.18551259
28725,0.15017737
28726,0.07435072
28727,0.078783385
28728,0.11932582
28729,0.0916713
28730,0.16744357
28731,0.15045622
28732,0.0951577
28733,0.24103744
28734,0.052782536
28735,0.11628622
28736,0.25977916
28737,0.07196429
28738,0.0
28739,0.0
28740,0.07572824
28741,0.15445748
28742,0.016200906
28743,0.0
28744,0.11271054
28745,0.14144318
28746,0.055658333
28747,0.100880414
28748,0.075904936
28749,0.09420603
28750,0.09929853
28751,0.13010226
28752,0.12710753
28753,0.051789086
28754,0.0054902765
28755,0.0033411523
28756,0.09824835
28757,0.10159781
28758,0.022734234
28759,0.094739266
28760,0.061107155
28761,0.03474759
28762,0.056981046
28763,0.16346163
28764,0.22746831
28765,0.3733598
28766,0.105679825
28767,0.00909052
28768,0.090256676
28769,0.07244825
28770,0.052804444
28771,0.093213364
28772,0.15129885
28773,0.002861918
28774,0.028434267
28775,0.017580846
28776,0.04524216
28777,0.03633932
28778,0.03458511
28779,0.026658274
28780,0.067045964
28781,0.07281746
28782,0.2566355
28783,0.014541539
28784,0.052095797
28785,0.07266903
28786,0.09081785
28787,0.26471972
28788,0.11972903
28789,0.022870688
28790,0.12702729
28791,0.06456315
28792,0.09494919
28793,0.049115073
28794,0.14820543
28795,0.17126124
28796,0.08225433
28797,0.013176736
28798,0.029885402
28799,0.024328846
28800,0.22966397
28801,0.053063657
28802,0.022682933
28803,0.016773844
28804,0.091811165
28805,0.08565362
28806,0.030003874
28807,0.019128665
28808,0.038191177
28809,0.054539807
28810,0.2266197
28811,0.051520012
28812,0.022448488
28813,0.06485224
28814,0.10194781
28815,0.08441301
28816,0.231715
28817,0.08915852
28818,0.17706761
28819,0.07255881
28820,0.02137142
28821,0.02172921
28822,0.04677456
28823,0.06568329
28824,0.050299022
28825,0.18955894
28826,0.0
28827,0.018746598
28828,0.1398204
28829,0.0074715787
28830,0.05211235
28831,0.06825597
28832,0.0090666
28833,0.24791491
28834,0.4664786
28835,0.094358936
28836,0.095255874
28837,0.024148414
28838,0.0710054
28839,0.043322466
28840,0.046689287
28841,0.07366463
28842,0.10342765
28843,0.17312008
28844,0.9114324
28845,0.09436034
28846,0.035673186
28847,0.05710451
28848,0.058204055
28849,0.017141916
28850,0.03430066
28851,0.13969477
28852,0.3660669
28853,0.08190138
28854,0.13085586
28855,0.012956453
28856,0.015809733
28857,0.045651276
28858,0.0058412217
28859,0.00558581
28860,0.1011942
28861,0.019831857
28862,0.031398196
28863,0.0
28864,0.044520486
28865,0.067449756
28866,0.03349153
28867,0.018360915
28868,0.05105733
28869,0.017307224
28870,0.24131183
28871,0.07733275
28872,0.08491455
28873,0.048605688
28874,0.059605923
28875,0.085429996
28876,0.027599197
28877,0.06691476
28878,0.6157411
28879,0.07528305
28880,0.099719875
28881,0.04185493
28882,0.025084868
28883,0.014079701
28884,0.05683785
28885,0.0
28886,0.008621929
28887,0.23473805
28888,0.0071057444
28889,0.01766891
28890,0.06259051
28891,0.15608984
28892,0.043207582
28893,0.02499651
28894,0.07602798
28895,0.020649914
28896,0.017260607
28897,0.05292448
28898,0.21789016
28899,0.035849024
28900,0.012177722
28901,0.00031474803
28902,0.0033936552
28903,0.06655901
28904,0.03386422
28905,0.13121636
28906,0.053146325
28907,0.017303571
28908,0.02100922
28909,0.087024495
28910,0.19725905
28911,0.121672496
28912,0.08439062
28913,0.050286364
28914,0.024630284
28915,0.052698307
28916,0.07472731
28917,0.19714464
28918,0.13381441
28919,0.018210005
28920,0.044793613
28921,0.0049144845
28922,0.011481847
28923,0.001180281
28924,0.009789942
28925,0.008645822
28926,0.025166174
28927,0.05102683
28928,0.08574775
28929,0.08619686
28930,0.115527995
28931,0.0
28932,0.13372406
28933,0.20246726
28934,0.0
28935,0.039549023
28936,0.0016142043
28937,0.008110972
28938,0.0
28939,0.02391843
28940,0.024601081
28941,0.02101874
28942,0.010952003
28943,0.032282516
28944,0.08662967
28945,0.016214816
28946,0.019812921
28947,0.03870028
28948,0.015283939
28949,0.06296318
28950,0.015129993
28951,0.004680449
28952,0.0057648015
28953,0.050382446
28954,0.08735194
28955,0.034231693
28956,0.06476228
28957,0.036306933
28958,0.020675497
28959,0.116363265
28960,0.051983744
28961,0.050194845
28962,0.026112827
28963,0.21177956
28964,0.07965706
28965,0.08684402
28966,0.07135908
28967,0.009513132
28968,0.002345572
28969,0.063040435
28970,0.026494658
28971,0.019681742
28972,0.06101026
28973,0.08680998
28974,0.14823686
28975,0.06241921
28976,0.024776096
28977,0.032944713
28978,0.053543713
28979,0.05020382
28980,0.032197155
28981,0.0036114212
28982,0.030191012
28983,0.012604785
28984,0.07574982
28985,0.09132755
28986,0.06017618
28987,0.18428613
28988,0.04332615
28989,0.031426482
28990,0.0
28991,0.028073832
28992,0.04427063
28993,0.03464591
28994,0.019170906
28995,0.01632486
28996,0.06351489
28997,0.1961953
28998,0.15987934
28999,0.026147788
29000,0.10415256
29001,0.034907773
29002,0.026837103
29003,0.009250245
29004,0.03379637
29005,0.04579018
29006,0.017972466
29007,0.041962508
29008,0.033006366
29009,0.017568339
29010,0.024513127
29011,0.07078577
29012,0.013417513
29013,0.035994735
29014,0.008049559
29015,0.14501522
29016,0.046924267
29017,0.075197764
29018,0.16158055
29019,0.15394007
29020,0.059292916
29021,0.19907765
29022,0.0808743
29023,0.25177965
29024,0.08081793
29025,0.14460927
29026,0.087750904
29027,0.10765913
29028,0.050681837
29029,0.027698526
29030,0.0607275
29031,0.018068956
29032,0.11676158
29033,0.015784942
29034,0.5144894
29035,0.12433554
29036,0.043129306
29037,0.016595436
29038,0.13877548
29039,0.04985351
29040,0.0
29041,0.06252706
29042,0.021178579
29043,0.09278962
29044,0.15615077
29045,0.33327848
29046,0.3601224
29047,0.04317449
29048,0.023873944
29049,0.11686775
29050,0.18055919
29051,0.057330064
29052,0.08168578
29053,0.034339327
29054,0.08217208
29055,0.1524952
29056,0.29475203
29057,0.16546471
29058,0.19041586
29059,0.3923213
29060,0.17522824
29061,0.07021675
29062,0.38994008
29063,0.17834759
29064,0.36988774
29065,0.11639364
29066,0.09886082
29067,0.101337604
29068,0.113045454
29069,0.08082937
29070,0.08593882
29071,0.07612475
29072,0.024747856
29073,0.047502734
29074,0.06260249
29075,0.22541277
29076,0.06997432
29077,0.052356776
29078,0.090885036
29079,0.074866444
29080,0.08040652
29081,0.031892356
29082,0.039910134
29083,0.07108117
29084,0.17870402
29085,0.054046705
29086,0.19859198
29087,0.06627954
29088,0.08684823
29089,0.01513965
29090,0.010743655
29091,0.029636277
29092,0.29620337
29093,0.1259881
29094,0.08371324
29095,0.29378155
29096,0.30207065
29097,0.13107303
29098,0.11241051
29099,0.038091127
29100,0.06889548
29101,0.022372095
29102,0.055679098
29103,0.04194671
29104,0.058637682
29105,0.074126154
29106,0.080048546
29107,0.21362828
29108,0.26559407
29109,0.058042742
29110,0.0821656
29111,0.037795454
29112,0.037377004
29113,0.18817766
29114,0.030097693
29115,0.07953763
29116,0.045357425
29117,0.021361379
29118,0.15468481
29119,0.34871358
29120,0.0
29121,0.055395782
29122,0.08501706
29123,0.018523315
29124,0.050441768
29125,0.09358902
29126,0.08022456
29127,0.02139972
29128,0.09658843
29129,0.14522818
29130,0.09024504
29131,0.12492694
29132,0.111808375
29133,0.027376523
29134,0.029442627
29135,0.037934806
29136,0.087630525
29137,0.05262843
29138,0.14314044
29139,0.01809546
29140,0.048748966
29141,0.040531863
29142,0.015340797
29143,0.023679044
29144,0.06588565
29145,0.06163485
29146,0.04319484
29147,0.07754027
29148,0.27405596
29149,0.27931643
29150,0.07241512
29151,0.09525207
29152,0.07037786
29153,0.11237248
29154,0.06173182
29155,0.029040119
29156,0.07157536
29157,0.0351113
29158,0.041294325
29159,0.16170155
29160,0.017791322
29161,0.019119512
29162,0.029136434
29163,0.0
29164,0.0552756
29165,0.05774927
29166,0.17722893
29167,0.10156671
29168,0.11898381
29169,0.06564208
29170,0.03011018
29171,0.022339828
29172,0.08513638
29173,0.056204386
29174,0.11835104
29175,0.08204499
29176,0.4486467
29177,0.13170569
29178,0.06465968
29179,0.118665144
29180,0.043490008
29181,0.045932453
29182,0.02971797
29183,0.039213236
29184,0.067595415
29185,0.024052804
29186,0.022472404
29187,0.0067726113
29188,0.010919337
29189,0.06258509
29190,0.02916301
29191,0.062505
29192,0.046516053
29193,0.1446344
29194,0.11180129
29195,0.22894084
29196,0.06569128
29197,0.013376791
29198,0.07050366
29199,0.048198063
29200,0.028148279
29201,0.07564869
29202,0.082905546
29203,0.15280879
29204,0.06720985
29205,0.14420186
29206,0.061100114
29207,0.058963604
29208,0.017708583
29209,0.023514334
29210,0.116740584
29211,0.038860288
29212,0.054039694
29213,0.068735145
29214,0.030091707
29215,0.002399684
29216,0.0153597975
29217,0.027410787
29218,0.040707007
29219,0.06002932
29220,0.09463077
29221,0.14078672
29222,0.1455285
29223,0.11564691
29224,0.12145808
29225,0.0
29226,0.07952612
29227,0.05944295
29228,0.046153195
29229,0.11225117
29230,0.075706914
29231,0.045625705
29232,0.061725877
29233,0.039349493
29234,0.06871124
29235,0.038475458
29236,0.05731166
29237,0.052047938
29238,0.037012614
29239,0.056788404
29240,0.036670193
29241,0.08621096
29242,0.055241056
29243,0.10780938
29244,0.43213195
29245,0.08814863
29246,0.10726274
29247,0.0690939
29248,0.05966619
29249,0.0734969
29250,0.11077455
29251,0.0668755
29252,0.024120882
29253,0.047256507
29254,0.27597824
29255,0.09396052
29256,0.090538085
29257,0.04762283
29258,0.07095362
29259,0.039351493
29260,0.049098548
29261,0.020751512
29262,0.039914448
29263,0.21079962
29264,0.057638817
29265,0.05644063
29266,0.10032851
29267,0.5788433
29268,0.09181788
29269,0.03541156
29270,0.11713279
29271,0.05978896
29272,0.1925845
29273,0.24493313
29274,0.08871636
29275,0.03884459
29276,0.06372785
29277,0.09517691
29278,0.15246223
29279,0.18734714
29280,0.06325556
29281,0.16435419
29282,0.08471
29283,0.11955083
29284,0.022433195
29285,0.00023585217
29286,0.008306793
29287,0.040462792
29288,0.04354517
29289,0.008756575
29290,0.09040207
29291,0.17954811
29292,0.115490355
29293,0.06967945
29294,0.03596681
29295,0.08145985
29296,0.14893444
29297,0.20086268
29298,0.062766016
29299,0.051279303
29300,0.054381076
29301,0.07670972
29302,0.4453684
29303,0.05595721
29304,0.16746971
29305,0.24673337
29306,0.1415899
29307,0.0
29308,0.0436852
29309,0.058814242
29310,0.14661813
29311,0.15024494
29312,0.0038679726
29313,0.13911021
29314,0.08561951
29315,0.15950383
29316,0.14928085
29317,0.12182009
29318,0.19630198
29319,0.24954964
29320,0.099206336
29321,0.032350276
29322,0.060054593
29323,0.12174332
29324,0.13152248
29325,0.24929157
29326,0.71492976
29327,0.04162695
29328,0.23561403
29329,0.026125807
29330,0.08268498
29331,0.2612643
29332,0.033544373
29333,0.07076215
29334,0.09764845
29335,0.036729522
29336,0.07157631
29337,0.016496463
29338,0.315683
29339,0.06278506
29340,0.112689465
29341,0.2106663
29342,0.14951263
29343,0.22574268
29344,0.27754465
29345,0.22240344
29346,0.18652412
29347,0.13004804
29348,0.16807483
29349,0.7272912
29350,0.33967066
29351,0.37522456
29352,0.032825306
29353,0.16686465
29354,0.097631395
29355,0.075975664
29356,0.04652782
29357,0.027937261
29358,0.09247373
29359,0.027851092
29360,0.034751665
29361,0.07198218
29362,0.09537796
29363,0.13555434
29364,0.14102985
29365,0.13035187
29366,0.124365374
29367,0.19857556
29368,0.14804743
29369,0.07065547
29370,0.13598451
29371,0.21082021
29372,0.057458274
29373,0.11621751
29374,0.7899729
29375,0.76871836
29376,0.5160367
29377,0.035235967
29378,0.05953048
29379,0.05635517
29380,0.1469252
29381,0.35725966
29382,0.123476066
29383,0.052520595
29384,0.08164685
29385,0.07749623
29386,0.09502156
29387,0.07360217
29388,0.03796533
29389,0.22157282
29390,0.083505146
29391,0.046669494
29392,0.13588125
29393,0.13347276
29394,0.07953746
29395,0.074198954
29396,0.1852827
29397,0.10824464
29398,0.05257721
29399,0.13678725
29400,0.1301257
29401,0.116379246
29402,0.7908745
29403,0.75965625
29404,0.5099023
29405,0.06466201
29406,0.0640446
29407,0.06298348
29408,0.040290684
29409,0.28443995
29410,0.14283498
29411,0.22659905
29412,0.06839923
29413,0.09895679
29414,0.040236324
29415,0.10368511
29416,0.1269058
29417,0.15209058
29418,0.18386672
29419,0.34923968
29420,0.35230517
29421,0.14824024
29422,0.16343041
29423,0.117687404
29424,0.07362653
29425,0.13123962
29426,0.097335555
29427,0.065384455
29428,0.04078759
29429,0.14869449
29430,0.15923987
29431,0.10275748
29432,0.11606469
29433,0.07528278
29434,0.7780663
29435,1.0
29436,0.80030435
29437,0.1199369
29438,0.07627702
29439,0.13590507
29440,0.2776814
29441,0.074120484
29442,0.017226953
29443,0.012135283
29444,0.03214955
29445,0.07129292
29446,0.046721414
29447,0.20075162
29448,0.63756794
29449,0.062559105
29450,0.10382803
29451,0.08928032
29452,0.132519
29453,0.06765311
29454,0.15103614
29455,0.100980714
29456,0.028085906
29457,0.091042906
29458,0.10457743
29459,0.10505529
29460,0.050737694
29461,0.35910025
29462,0.28587192
29463,0.21870269
29464,0.099433675
29465,0.038961973
29466,0.086507015
29467,0.0017555937
29468,0.07056896
29469,0.21547244
29470,0.064000264
29471,0.054171078
29472,0.0081818225
29473,0.01297274
29474,0.028563427
29475,0.035636686
29476,0.15182847
29477,0.49214667
29478,0.19486168
29479,0.17739359
29480,0.11451542
29481,0.14769827
29482,0.14030156
29483,0.39737475
29484,0.076372944
29485,0.0359274
29486,0.038917407
29487,0.13815853
29488,0.15044342
29489,0.14615908
29490,0.35856202
29491,0.2411912
29492,0.19821917
29493,0.9343893
29494,0.1467522
29495,0.0037544018
29496,0.11602521
29497,0.18112087
29498,0.054732773
29499,0.050552394
29500,0.29562792
29501,0.052069265
29502,0.030481135
29503,0.025560968
29504,0.045886546
29505,0.11265219
29506,0.2716271
29507,0.21244805
29508,0.29204056
29509,0.23001985
29510,0.12892696
29511,0.1400512
29512,0.24677388
29513,0.028784985
29514,0.14476655
29515,0.08901359
29516,0.059999235
29517,0.29874372
29518,0.2783318
29519,0.08251005
29520,0.3988329
29521,0.22004043
29522,0.0782914
29523,0.10721095
29524,0.10718554
29525,0.0645529
29526,0.019616017
29527,0.0
29528,0.011372009
29529,0.035754
29530,0.06516304
29531,0.06553883
29532,0.16220625
29533,0.2212099
29534,0.5918738
29535,0.24271576
29536,0.17921223
29537,0.35998735
29538,0.11702213
29539,0.060990643
29540,0.06551121
29541,0.1165574
29542,0.21096502
29543,0.13311765
29544,0.035431165
29545,0.07701199
29546,0.11853559
29547,0.0
29548,0.03665067
29549,0.076345444
29550,0.035951193
29551,0.024619656
29552,0.034883037
29553,0.061085153
29554,0.05914879
29555,0.079535685
29556,0.23391
29557,0.16386993
29558,0.12273308
29559,0.47167972
29560,0.41759056
29561,0.24799
29562,0.15163058
29563,0.05337148
29564,0.060785577
29565,0.13747233
29566,0.06516119
29567,0.039278746
29568,0.06047121
29569,0.6253702
29570,0.03736943
29571,0.020725591
29572,0.06961079
29573,0.058179803
29574,0.13791476
29575,0.06199416
29576,0.059820987
29577,0.019160664
29578,0.03460775
29579,0.03769786
29580,0.04556196
29581,0.10498828
29582,0.11669012
29583,0.4384879
29584,0.2451518
29585,0.15733443
29586,0.690038
29587,0.26431423
29588,0.3393498
29589,0.19497186
29590,0.06471259
29591,0.059122194
29592,0.06116904
29593,0.107014306
29594,0.12664269
29595,0.08925592
29596,0.087160796
29597,0.31219307
29598,0.10269187
29599,0.24222715
29600,0.051777054
29601,0.13950285
29602,0.16372646
29603,0.1562015
29604,0.18554951
29605,0.05840774
29606,0.07443619
29607,0.09131597
29608,0.1839151
29609,0.676921
29610,0.22167206
29611,0.43615222
29612,0.2190899
29613,0.2626536
29614,0.20373681
29615,0.17869887
29616,0.09060794
29617,0.050659765
29618,0.09195741
29619,0.09260418
29620,0.10251143
29621,0.1749864
29622,0.16454859
29623,0.113816686
29624,0.25736102
29625,0.06838543
29626,0.13760053
29627,0.0886402
29628,0.25731018
29629,0.08102253
29630,0.07852842
29631,0.17186509
29632,0.014147813
29633,0.0
29634,0.102322824
29635,0.13237587
29636,0.05742744
29637,0.112946734
29638,0.07816698
29639,0.09535758
29640,0.085585855
29641,0.1274681
29642,0.121492684
29643,0.005545038
29644,0.09811667
29645,0.008155431
29646,0.08267376
29647,0.035888217
29648,0.027468832
29649,0.10183182
29650,0.082807034
29651,0.036986873
29652,0.050885722
29653,0.15868664
29654,0.2335298
29655,0.38971847
29656,0.105949864
29657,0.015324086
29658,0.08083637
29659,0.074106306
29660,0.091890745
29661,0.14667897
29662,0.009358155
29663,0.032595005
29664,0.02102106
29665,0.054393876
29666,0.047016382
29667,0.019953385
29668,0.023553757
29669,0.0626267
29670,0.07075614
29671,0.26918152
29672,0.0076269233
29673,0.03684657
29674,0.05874013
29675,0.08772543
29676,0.27192453
29677,0.110845186
29678,0.019950364
29679,0.124427915
29680,0.06085323
29681,0.07637503
29682,0.04161924
29683,0.14178602
29684,0.16078474
29685,0.068480484
29686,0.010519113
29687,0.0248922
29688,0.01861517
29689,0.22966182
29690,0.018272722
29691,0.009783915
29692,0.087179214
29693,0.095629
29694,0.020518636
29695,0.0091135055
29696,0.020371307
29697,0.038040295
29698,0.22095665
29699,0.0561542
29700,0.010246584
29701,0.01727837
29702,0.058571704
29703,0.08080301
29704,0.07434655
29705,0.22272488
29706,0.076111384
29707,0.16072316
29708,0.06276395
29709,0.01614317
29710,0.014165399
29711,0.038490277
29712,0.06311051
29713,0.049251582
29714,0.17472988
29715,0.0
29716,0.1392355
29717,0.0070368587
29718,0.05403557
29719,0.084786534
29720,0.0056066453
29721,0.23665029
29722,0.45653412
29723,0.09525109
29724,0.10644525
29725,0.019249143
29726,0.07427797
29727,0.044386726
29728,0.043435127
29729,0.07504973
29730,0.10370227
29731,0.15853044
29732,0.90792066
29733,0.08786841
29734,0.025883859
29735,0.05386479
29736,0.05953098
29737,0.03257157
29738,0.14367719
29739,0.37157455
29740,0.062100388
29741,0.12258202
29742,0.012826261
29743,0.015384089
29744,0.05162144
29745,0.012225965
29746,0.12244162
29747,0.021618748
29748,0.024850434
29749,0.050129525
29750,0.08335604
29751,0.03330921
29752,0.056838512
29753,0.23143904
29754,0.07853837
29755,0.08719661
29756,0.0435333
29757,0.06108311
29758,0.09147382
29759,0.030586999
29760,0.07561405
29761,0.62596536
29762,0.06019897
29763,0.09616295
29764,0.04614619
29765,0.03577198
29766,0.02217725
29767,0.079542734
29768,0.0
29769,0.01133628
29770,0.23096807
29771,0.014172193
29772,0.040060665
29773,0.0
29774,0.0038143322
29775,0.004061994
29776,0.02058908
29777,0.06525354
29778,0.15982932
29779,0.042889986
29780,0.021381522
29781,0.07896256
29782,0.028151203
29783,0.022426317
29784,0.06308117
29785,0.22957224
29786,0.02222232
29787,0.010078212
29788,0.0
29789,0.08229481
29790,0.0
29791,0.029609473
29792,0.12047723
29793,0.05324369
29794,0.01978137
29795,0.021278717
29796,0.08271844
29797,0.1940294
29798,0.11438577
29799,0.073806524
29800,0.04625189
29801,0.02516246
29802,0.05089493
29803,0.019337166
29804,0.07791493
29805,0.20185767
29806,0.11321875
29807,0.009141422
29808,0.06414689
29809,0.0048071383
29810,0.010844579
29811,0.012406545
29812,0.0
29813,0.013504754
29814,0.011744047
29815,0.024734698
29816,0.050338216
29817,0.08613558
29818,0.0825276
29819,0.10856139
29820,0.0
29821,0.14052916
29822,0.037192147
29823,0.18548894
29824,0.01058137
29825,0.02138416
29826,0.056525614
29827,0.0
29828,0.0
29829,0.03555386
29830,0.025322584
29831,0.016153676
29832,0.006973204
29833,0.029217247
29834,0.026693683
29835,0.08058371
29836,0.0068714814
29837,0.021585837
29838,0.03813767
29839,0.014000813
29840,0.043608148
29841,0.007302139
29842,0.01958514
29843,0.07881009
29844,0.09631904
29845,0.04266883
29846,0.06539474
29847,0.027655644
29848,0.064468846
29849,0.051476646
29850,0.033957753
29851,0.12474911
29852,0.061446022
29853,0.055600032
29854,0.22765908
29855,0.097061895
29856,0.078940146
29857,0.0749824
29858,0.06264226
29859,0.02556653
29860,0.010948896
29861,0.06443415
29862,0.09261435
29863,0.14725743
29864,0.06251623
29865,0.03374745
29866,0.060057927
29867,0.03293464
29868,0.02645512
29869,0.033423726
29870,0.0030120586
29871,0.079154626
29872,0.090156816
29873,0.19060908
29874,0.02586561
29875,0.025493208
29876,0.0
29877,0.010635342
29878,0.028152442
29879,0.008038842
29880,0.0269084
29881,2.2284854e-05
29882,0.031744674
29883,0.014061338
29884,0.014157396
29885,0.057615746
29886,0.17543185
29887,0.15019436
29888,0.018244877
29889,0.10196114
29890,0.012389476
29891,0.006159287
29892,0.020563753
29893,0.022641255
29894,0.018873226
29895,0.039893366
29896,0.006375367
29897,0.031010287
29898,0.01938763
29899,0.030278644
29900,0.08557764
29901,0.045731187
29902,0.15784985
29903,0.054608602
29904,0.09190851
29905,0.17259093
29906,0.16559538
29907,0.06629834
29908,0.19462219
29909,0.071268596
29910,0.25120026
29911,0.07271526
29912,0.13832952
29913,0.082116075
29914,0.018046582
29915,0.09737451
29916,0.032255456
29917,0.045841694
29918,0.013466285
29919,0.15777488
29920,0.05164791
29921,0.5593786
29922,0.16170163
29923,0.05376294
29924,0.17949843
29925,0.011944195
29926,0.093110055
29927,0.062044676
29928,0.12816551
29929,0.18637638
29930,0.3725305
29931,0.39185113
29932,0.07672615
29933,0.13470358
29934,0.15195332
29935,0.21071815
29936,0.055655297
29937,0.069974385
29938,0.10663131
29939,0.06956806
29940,0.12231364
29941,0.1558774
29942,0.08218576
29943,0.29610822
29944,0.17584732
29945,0.19327518
29946,0.39700356
29947,0.18055545
29948,0.3961564
29949,0.17088327
29950,0.36487564
29951,0.11246984
29952,0.10522019
29953,0.11260983
29954,0.12529027
29955,0.08280556
29956,0.09694133
29957,0.07960399
29958,0.030050086
29959,0.053449832
29960,0.06588307
29961,0.23224886
29962,0.066160984
29963,0.08404061
29964,0.07047423
29965,0.07710261
29966,0.043784462
29967,0.0161198
29968,0.020525565
29969,0.17271149
29970,0.040530875
29971,0.18689919
29972,0.052565143
29973,0.06603989
29974,0.0056407256
29975,0.29889548
29976,0.13770661
29977,0.023607442
29978,0.089731574
29979,0.30044442
29980,0.30606717
29981,0.12797569
29982,0.10608307
29983,0.024978636
29984,0.033261098
29985,0.06925977
29986,0.043117322
29987,0.032477938
29988,0.065001085
29989,0.08951585
29990,0.08973796
29991,0.22396247
29992,0.27326185
29993,0.034145802
29994,0.05861657
29995,0.07950918
29996,0.03887877
29997,0.2054294
29998,0.03493937
29999,0.07654406
30000,0.012513986
30001,0.061680734
30002,0.03016144
30003,0.02323223
30004,0.16595271
30005,0.35731494
30006,0.08938955
30007,0.02667155
30008,0.051949248
30009,0.091866255
30010,0.07171682
30011,0.019876102
30012,0.031786475
30013,0.1138014
30014,0.16341358
30015,0.096020415
30016,0.12286704
30017,0.115939595
30018,0.016464338
30019,0.0
30020,0.024358585
30021,0.025690408
30022,0.03307185
30023,0.03837586
30024,0.09015868
30025,0.04405236
30026,0.14536174
30027,0.023441259
30028,0.048944358
30029,0.049753584
30030,0.017039264
30031,0.027200485
30032,0.07005194
30033,0.06313466
30034,0.039531887
30035,0.078586884
30036,0.26846182
30037,0.27049214
30038,0.056805767
30039,0.086626865
30040,0.10728781
30041,0.06693032
30042,0.03915146
30043,0.08265922
30044,0.033785067
30045,0.032132816
30046,0.06691985
30047,0.16748214
30048,0.014085683
30049,0.020729238
30050,0.027557993
30051,0.05578422
30052,0.04715368
30053,0.17743072
30054,0.10489303
30055,0.11715973
30056,0.072844334
30057,0.029789113
30058,0.023841752
30059,0.0872832
30060,0.055684697
30061,0.11737816
30062,0.0744314
30063,0.43780276
30064,0.11407678
30065,0.05401493
30066,0.11156098
30067,0.04666897
30068,0.054024253
30069,0.03878228
30070,0.021374926
30071,0.06880984
30072,0.023596125
30073,0.003784724
30074,0.01324681
30075,0.061724357
30076,0.035706628
30077,0.06373136
30078,0.0366382
30079,0.14555393
30080,0.115845345
30081,0.22783442
30082,0.07361125
30083,0.013773479
30084,0.07272336
30085,0.044803627
30086,0.0483961
30087,0.026363002
30088,0.075393535
30089,0.07600968
30090,0.14268275
30091,0.050298747
30092,0.13427489
30093,0.053625405
30094,0.05257719
30095,0.021605296
30096,0.022548908
30097,0.11411258
30098,0.028397005
30099,0.070667274
30100,0.034570485
30101,0.0
30102,0.014513716
30103,0.02337652
30104,0.04407712
30105,0.058082134
30106,0.08157944
30107,0.1385327
30108,0.14639886
30109,0.11136701
30110,0.12620458
30111,0.0
30112,0.07857228
30113,0.056467433
30114,0.04272449
30115,0.102181755
30116,0.025541041
30117,0.082039565
30118,0.05107751
30119,0.040072642
30120,0.07434725
30121,0.045083962
30122,0.051510092
30123,0.044602215
30124,0.048469935
30125,0.009847636
30126,0.030478885
30127,0.08742417
30128,0.05113685
30129,0.092601046
30130,0.42772067
30131,0.086862125
30132,0.100825846
30133,0.071683325
30134,0.054732267
30135,0.070386045
30136,0.108308524
30137,0.061743025
30138,0.01700503
30139,0.025014853
30140,0.26072058
30141,0.08115521
30142,0.078821085
30143,0.04618894
30144,0.074432656
30145,0.04380297
30146,0.039495777
30147,0.021134317
30148,0.0456126
30149,0.21330954
30150,0.06755326
30151,0.061037675
30152,0.09382142
30153,0.58313364
30154,0.09923263
30155,0.037675858
30156,0.12842353
30157,0.06355642
30158,0.1981748
30159,0.2511682
30160,0.092285156
30161,0.066843405
30162,0.08163652
30163,0.14590593
30164,0.18324304
30165,0.06023975
30166,0.17162155
30167,0.0968903
30168,0.11245825
30169,0.025289813
30170,0.045203406
30171,0.010518048
30172,0.023904353
30173,0.05287215
30174,0.06335899
30175,0.02325304
30176,0.09379438
30177,0.19373764
30178,0.13280433
30179,0.081843205
30180,0.05715681
30181,0.09512666
30182,0.1644241
30183,0.21699724
30184,0.07623421
30185,0.06429425
30186,0.06075525
30187,0.07306872
30188,0.4487116
30189,0.061752513
30190,0.17435336
30191,0.26390034
30192,0.16366951
30193,0.04625615
30194,0.011884508
30195,0.013793333
30196,0.05343549
30197,0.06537632
30198,0.16058448
30199,0.15889403
30200,0.0014129265
30201,0.14745246
30202,0.09708636
30203,0.16582014
30204,0.16462353
30205,0.12963955
30206,0.20594436
30207,0.25983688
30208,0.10682724
30209,0.035742197
30210,0.06722219
30211,0.12227026
30212,0.12881918
30213,0.23980314
30214,0.71242535
30215,0.05294643
30216,0.25184625
30217,0.043330688
30218,0.0796445
30219,0.26441488
30220,0.036245488
30221,0.06830541
30222,0.09200347
30223,0.03848892
30224,0.06801846
30225,0.0018343602
30226,0.3118183
30227,0.062044818
30228,0.10679886
30229,0.21380195
30230,0.14512499
30231,0.22317803
30232,0.27562496
30233,0.21781717
30234,0.1777089
30235,0.12500861
30236,0.15639466
30237,0.71238095
30238,0.31797543
30239,0.36051348
30240,0.03193773
30241,0.17088993
30242,0.082383856
30243,0.043706704
30244,0.08740066
30245,0.030182432
30246,0.039846532
30247,0.02066157
30248,0.068689436
30249,0.09520968
30250,0.13023558
30251,0.14473748
30252,0.1265362
30253,0.12237276
30254,0.19722775
30255,0.14403313
30256,0.065270096
30257,0.12998682
30258,0.20257695
30259,0.10510931
30260,0.77563447
30261,0.747595
30262,0.50189734
30263,0.034920335
30264,0.06412771
30265,0.049514823
30266,0.1322496
30267,0.3487751
30268,0.121195875
30269,0.05278705
30270,0.07769558
30271,0.03397535
30272,0.08535505
30273,0.09969216
30274,0.08567726
30275,0.044722978
30276,0.21722622
30277,0.089956045
30278,0.05624479
30279,0.14030607
30280,0.146924
30281,0.085465476
30282,0.081949964
30283,0.19367851
30284,0.11397405
30285,0.056935422
30286,0.14053318
30287,0.13162605
30288,0.12165541
30289,0.78627956
30290,0.7482764
30291,0.5055066
30292,0.07347266
30293,0.07732439
30294,0.043193918
30295,0.27950788
30296,0.14409415
30297,0.23406251
30298,0.078409314
30299,0.10474919
30300,0.035960335
30301,0.10472448
30302,0.1247569
30303,0.1573461
30304,0.18380496
30305,0.3380737
30306,0.35193652
30307,0.15099598
30308,0.16103588
30309,0.12431931
30310,0.072735086
30311,0.13217117
30312,0.098911956
30313,0.064294405
30314,0.14623329
30315,0.15616639
30316,0.09743842
30317,0.1145214
30318,0.06709876
30319,0.766652
30320,1.0
30321,0.78908896
30322,0.11117395
30323,0.068602435
30324,0.13851368
30325,0.036506314
30326,0.26593003
30327,0.06856019
30328,0.011600109
30329,0.020414239
30330,0.037240334
30331,0.08378818
30332,0.05389928
30333,0.19682524
30334,0.6444392
30335,0.07255463
30336,0.10867317
30337,0.10315178
30338,0.13886717
30339,0.0758243
30340,0.15985216
30341,0.10713029
30342,0.03779092
30343,0.09582136
30344,0.10874365
30345,0.10697588
30346,0.05643403
30347,0.06927979
30348,0.3549257
30349,0.27491245
30350,0.21472721
30351,0.0979104
30352,0.038527086
30353,0.09635524
30354,0.016516628
30355,0.073892444
30356,0.21096069
30357,0.065679654
30358,0.062054727
30359,0.031053154
30360,0.04237771
30361,0.044133633
30362,0.14922123
30363,0.5003365
30364,0.20617622
30365,0.18355781
30366,0.12970608
30367,0.15536556
30368,0.14979184
30369,0.4075098
30370,0.08384164
30371,0.031340968
30372,0.04202497
30373,0.044402685
30374,0.14139827
30375,0.15745887
30376,0.14653386
30377,0.3557065
30378,0.23155066
30379,0.19556282
30380,0.93418497
30381,0.14763644
30382,0.014921733
30383,0.120667815
30384,0.17792825
30385,0.057731196
30386,0.059755135
30387,0.32229814
30388,0.050066825
30389,0.025290512
30390,0.027774729
30391,0.042783007
30392,0.09844448
30393,0.2682167
30394,0.21216206
30395,0.28660426
30396,0.23360991
30397,0.12499375
30398,0.13794097
30399,0.24530853
30400,0.02328203
30401,0.13865136
30402,0.08065279
30403,0.055414185
30404,0.2875178
30405,0.26387584
30406,0.061269004
30407,0.38702822
30408,0.20932417
30409,0.0
30410,0.08374358
30411,0.10025304
30412,0.09239234
30413,0.05595084
30414,0.00596844
30415,0.0
30416,0.02365614
30417,0.05544254
30418,0.07953428
30419,0.068805896
30420,0.17627059
30421,0.23839861
30422,0.60391235
30423,0.26378086
30424,0.19275369
30425,0.3753519
30426,0.13303144
30427,0.07235021
30428,0.07462517
30429,0.12944707
30430,0.21721397
30431,0.13613638
30432,0.031664938
30433,0.08268207
30434,0.12529403
30435,0.0136991795
30436,0.059577603
30437,0.086862296
30438,0.03863276
30439,0.03969667
30440,0.020878565
30441,0.011984439
30442,0.028783416
30443,0.062389947
30444,0.05513623
30445,0.06441902
30446,0.22959064
30447,0.16267496
30448,0.1163878
30449,0.4743608
30450,0.41274834
30451,0.24497083
30452,0.14925623
30453,0.04634729
30454,0.031005528
30455,0.0552915
30456,0.12533762
30457,0.049796127
30458,0.04775756
30459,0.613745
30460,0.036027227
30461,0.024296258
30462,0.074154004
30463,0.050312866
30464,0.12221255
30465,0.052483127
30466,0.05651422
30467,0.018400542
30468,0.02962991
30469,0.054424815
30470,0.10853385
30471,0.10913151
30472,0.4417265
30473,0.2515149
30474,0.15854722
30475,0.70027715
30476,0.26703015
30477,0.34388864
30478,0.20015557
30479,0.06524651
30480,0.05741053
30481,0.063233085
30482,0.10243763
30483,0.11883583
30484,0.08410035
30485,0.08309354
30486,0.31840903
30487,0.11382064
30488,0.25432837
30489,0.0514682
30490,0.13135877
30491,0.16177356
30492,0.16045289
30493,0.19234754
30494,0.06098798
30495,0.08371409
30496,0.10268099
30497,0.18417595
30498,0.6879797
30499,0.23585469
30500,0.44518447
30501,0.23714854
30502,0.273189
30503,0.21609521
30504,0.19170216
30505,0.096715674
30506,0.09520018
30507,0.1470352
30508,0.08583171
30509,0.13443461
30510,0.10517529
30511,0.17873877
30512,0.17858404
30513,0.13276501
30514,0.27728164
30515,0.07589607
30516,0.13727607
30517,0.2693808
30518,0.09563994
30519,0.07034163
30520,0.17447565
30521,0.019882858
30522,0.1119338
30523,0.13446358
30524,0.06133815
30525,0.117502294
30526,0.07960283
30527,0.090152726
30528,0.07715073
30529,0.112248026
30530,0.115708925
30531,0.03818132
30532,0.016045595
30533,0.10958976
30534,0.08629693
30535,0.056978833
30536,0.031601414
30537,0.09486028
30538,0.086632885
30539,0.04393712
30540,0.061711956
30541,0.16198954
30542,0.23865573
30543,0.39548907
30544,0.1090542
30545,0.01644504
30546,0.046961408
30547,0.06010149
30548,0.087322235
30549,0.14319885
30550,0.045283295
30551,0.021299278
30552,0.04683682
30553,0.045650452
30554,0.024791794
30555,0.030938772
30556,0.06688905
30557,0.06391433
30558,0.27313715
30559,0.014706935
30560,0.021518676
30561,0.047802515
30562,0.06217278
30563,0.092981115
30564,0.27782494
30565,0.11407926
30566,0.021201052
30567,0.12720874
30568,0.06928487
30569,0.027744109
30570,0.13489504
30571,0.15634592
30572,0.065130025
30573,0.03771028
30574,0.019023126
30575,0.22223455
30576,0.05335067
30577,0.011621566
30578,0.05009632
30579,0.017476408
30580,0.08376755
30581,0.10301471
30582,0.031028781
30583,0.014473229
30584,0.03475741
30585,0.04490308
30586,0.22964236
30587,0.06548484
30588,0.023489323
30589,0.05814195
30590,0.07714298
30591,0.063901566
30592,0.21926394
30593,0.07510275
30594,0.16080283
30595,0.073126756
30596,0.03141887
30597,0.030413574
30598,0.042328384
30599,0.059113428
30600,0.051445525
30601,0.18567476
30602,0.0
30603,0.16510114
30604,0.018683944
30605,0.054578483
30606,0.09612687
30607,0.014921007
30608,0.25499076
30609,0.46735162
30610,0.10789154
30611,0.119730495
30612,0.083525665
30613,0.053022187
30614,0.049824998
30615,0.08521532
30616,0.107227154
30617,0.1588251
30618,0.9014304
30619,0.06088304
30620,0.09081439
30621,0.029918235
30622,0.068182185
30623,0.07876124
30624,0.036336135
30625,0.0403643
30626,0.14363468
30627,0.37772307
30628,0.07445332
30629,0.13748161
30630,0.02350806
30631,0.081441686
30632,0.003957111
30633,0.12497024
30634,0.027271783
30635,0.03437943
30636,0.053958215
30637,0.08782959
30638,0.0351163
30639,0.026786374
30640,0.056662276
30641,0.026820185
30642,0.22292204
30643,0.078878656
30644,0.03875593
30645,0.06658881
30646,0.10189243
30647,0.040836588
30648,0.029568013
30649,0.06675979
30650,0.6233023
30651,0.06374017
30652,0.102250755
30653,0.038068093
30654,0.05678059
30655,0.005258502
30656,0.073421404
30657,0.0
30658,0.0031890352
30659,0.22432388
30660,0.009350977
30661,0.03588429
30662,0.0
30663,0.0
30664,0.0
30665,0.009517332
30666,0.041301556
30667,0.1428615
30668,0.07581837
30669,0.02991987
30670,0.045577034
30671,0.21825933
30672,0.017113592
30673,0.0075161303
30674,0.0
30675,0.027896821
30676,0.0
30677,0.08951271
30678,0.0057976446
30679,0.034801427
30680,0.12717228
30681,0.061761625
30682,0.024906663
30683,0.025791757
30684,0.01720929
30685,0.07210565
30686,0.19040075
30687,0.11320932
30688,0.07371841
30689,0.05644692
30690,0.040270384
30691,0.066975236
30692,0.023007486
30693,0.07374996
30694,0.20388387
30695,0.12144924
30696,0.0
30697,0.010899608
30698,0.011786622
30699,0.017772853
30700,0.03581341
30701,0.01754601
30702,0.02275224
30703,0.016387392
30704,0.035475563
30705,0.07825701
30706,0.07710122
30707,0.10422334
30708,0.13211432
30709,0.034968425
30710,0.18946952
30711,0.017108578
30712,0.013745444
30713,0.0
30714,0.055231716
30715,0.00096073747
30716,0.0021032693
30717,0.016783651
30718,0.0
30719,0.036204915
30720,0.026862659
30721,0.0127671845
30722,0.0100926515
30723,0.07089551
30724,0.04570626
30725,0.009159348
30726,0.043326836
30727,0.00956746
30728,0.0
30729,0.0
30730,0.06866841
30731,0.08930182
30732,0.030501219
30733,0.062253468
30734,0.018814107
30735,0.039242398
30736,0.022641296
30737,0.09677674
30738,0.040457767
30739,0.037063997
30740,0.20613459
30741,0.081728466
30742,0.069811046
30743,0.068399966
30744,0.06707222
30745,0.024846109
30746,0.019254822
30747,0.06703978
30748,0.04298136
30749,0.09182724
30750,0.13073228
30751,0.052975174
30752,0.031505365
30753,0.049980637
30754,0.035252772
30755,0.03131986
30756,0.009966879
30757,0.029271701
30758,0.03830498
30759,0.070997745
30760,0.06687409
30761,0.04378336
30762,0.007550043
30763,0.17377424
30764,0.02142617
30765,0.023600383
30766,0.058784172
30767,0.0
30768,0.024267353
30769,0.03426117
30770,0.015970564
30771,0.032818533
30772,0.03628372
30773,0.017988125
30774,0.056431882
30775,0.17101784
30776,0.13899522
30777,0.026999371
30778,0.021328922
30779,0.09720986
30780,0.035681624
30781,0.02258031
30782,0.040610116
30783,0.042600717
30784,0.03220716
30785,0.03915604
30786,0.06826664
30787,0.012790115
30788,0.029390007
30789,0.047243904
30790,0.03851884
30791,0.04227554
30792,0.10566506
30793,0.06399057
30794,0.18123223
30795,0.07995332
30796,0.1253437
30797,0.20066746
30798,0.19720252
30799,0.07151648
30800,0.2207014
30801,0.09931011
30802,0.2873324
30803,0.108760394
30804,0.16910288
30805,0.11642013
30806,0.07921221
30807,0.12911731
30808,0.03481682
30809,0.07805868
30810,0.035014763
30811,0.16921383
30812,0.065049216
30813,0.5808704
30814,0.18310653
30815,0.07473753
30816,0.20032845
30817,0.02581152
30818,0.11340768
30819,0.061494138
30820,0.11068675
30821,0.053167854
30822,0.14205335
30823,0.18676762
30824,0.24694085
30825,0.44118568
30826,0.4604193
30827,0.14002235
30828,0.20153041
30829,0.21994649
30830,0.28034598
30831,0.17137109
30832,0.12363939
30833,0.16567901
30834,0.16158953
30835,0.09236851
30836,0.30825353
30837,0.19608292
30838,0.21342391
30839,0.41188064
30840,0.19896299
30841,0.092595965
30842,0.41573024
30843,0.19597249
30844,0.37207174
30845,0.12879048
30846,0.11087216
30847,0.1075558
30848,0.11984982
30849,0.10005891
30850,0.12228524
30851,0.10486097
30852,0.050035242
30853,0.0769657
30854,0.090709805
30855,0.25693107
30856,0.0859547
30857,0.11423807
30858,0.082778454
30859,0.09853142
30860,0.041074026
30861,0.035782948
30862,0.07328199
30863,0.19802171
30864,0.06575418
30865,0.20685074
30866,0.07735814
30867,0.08579988
30868,0.05123349
30869,0.051000245
30870,0.025140077
30871,0.29437456
30872,0.14127614
30873,0.087942354
30874,0.30218598
30875,0.30911958
30876,0.050950732
30877,0.12599507
30878,0.09296991
30879,0.07119026
30880,0.04232542
30881,0.06235678
30882,0.09496216
30883,0.08982556
30884,0.22758076
30885,0.27819097
30886,0.05851263
30887,0.06827283
30888,0.04040999
30889,0.18519972
30890,0.036024258
30891,0.0819655
30892,0.008133195
30893,0.08857456
30894,0.05696828
30895,0.0447673
30896,0.19101848
30897,0.38369155
30898,0.11283816
30899,0.045940816
30900,0.0732928
30901,0.102077425
30902,0.10271159
30903,0.054765172
30904,0.022391688
30905,0.11540554
30906,0.16463141
30907,0.118552856
30908,0.14973606
30909,0.12786971
30910,0.023490492
30911,0.057781566
30912,0.022819245
30913,0.027676255
30914,0.042602636
30915,0.08732659
30916,0.04849253
30917,0.13563436
30918,0.018184612
30919,0.04565
30920,0.054549716
30921,0.021748502
30922,0.026637942
30923,0.0730201
30924,0.06741369
30925,0.075758524
30926,0.26770782
30927,0.2586056
30928,0.0657029
30929,0.09627662
30930,0.10816889
30931,0.05714282
30932,0.018657947
30933,0.06177939
30934,0.056752257
30935,0.16235743
30936,0.00902989
30937,0.013148993
30938,0.029600156
30939,0.0507675
30940,0.04940924
30941,0.16551875
30942,0.097451724
30943,0.11168073
30944,0.075455874
30945,0.03231372
30946,0.021094562
30947,0.08806673
30948,0.057779074
30949,0.112365164
30950,0.07149276
30951,0.4237317
30952,0.12078927
30953,0.061480038
30954,0.110257424
30955,0.034696862
30956,0.03134611
30957,0.015717858
30958,0.0306189
30959,0.063348845
30960,0.013650746
30961,0.02502647
30962,0.004995079
30963,0.011932723
30964,0.070032686
30965,0.038209762
30966,0.064980805
30967,0.045159895
30968,0.13990809
30969,0.11467019
30970,0.22862154
30971,0.082488954
30972,0.022564242
30973,0.076242335
30974,0.05185329
30975,0.05675666
30976,0.020184776
30977,0.07664669
30978,0.0793372
30979,0.13487774
30980,0.063277386
30981,0.14800616
30982,0.049463447
30983,0.05753979
30984,0.015899327
30985,0.0061369073
30986,0.016498119
30987,0.11862889
30988,0.07147242
30989,0.03352729
30990,0.011262364
30991,0.02974756
30992,0.044642985
30993,0.057394277
30994,0.088163845
30995,0.1309496
30996,0.14328642
30997,0.1102169
30998,0.13314503
30999,0.002659029
31000,0.08015401
31001,0.047935218
31002,0.062890634
31003,0.015323239
31004,0.04204036
31005,0.103572026
31006,0.05266496
31007,0.09383357
31008,0.044978287
31009,0.022116875
31010,0.03242941
31011,0.05599797
31012,0.026348403
31013,0.054089073
31014,0.036578804
31015,0.034639057
31016,0.053092573
31017,0.011945812
31018,0.042199466
31019,0.093339555
31020,0.055798527
31021,0.10453495
31022,0.42548716
31023,0.08909921
31024,0.10502525
31025,0.08397327
31026,0.06693537
31027,0.07731728
31028,0.118770465
31029,0.073515825
31030,0.27786422
31031,0.08040549
31032,0.08719594
31033,0.043895267
31034,0.06143291
31035,0.030416936
31036,0.036133118
31037,0.036821917
31038,0.017380796
31039,0.039334647
31040,0.21665402
31041,0.06509252
31042,0.05732326
31043,0.097379215
31044,0.5725238
31045,0.093093604
31046,0.033499163
31047,0.13233729
31048,0.06738333
31049,0.19672994
31050,0.25325397
31051,0.095681824
31052,0.03865299
31053,0.06313274
31054,0.08965129
31055,0.15467337
31056,0.17411727
31057,0.06023849
31058,0.16095164
31059,0.07551445
31060,0.012368591
31061,0.11634721
31062,0.04896527
31063,0.0
31064,0.009735328
31065,0.048325535
31066,0.053007156
31067,0.011647507
31068,0.08946113
31069,0.17523693
31070,0.11877444
31071,0.06977544
31072,0.053179614
31073,0.09106253
31074,0.1550882
31075,0.21119194
31076,0.07173983
31077,0.05269245
31078,0.051227845
31079,0.07319244
31080,0.44958773
31081,0.044735625
31082,0.16646099
31083,0.24533914
31084,0.13440262
31085,0.02731512
31086,0.016345268
31087,0.04335329
31088,0.06491652
31089,0.15431952
31090,0.15137534
31091,0.0011665155
31092,0.13303863
31093,0.087143086
31094,0.15783924
31095,0.16473317
31096,0.1296623
31097,0.20069532
31098,0.2581184
31099,0.10641967
31100,0.032406565
31101,0.05970731
31102,0.11682967
31103,0.11224607
31104,0.24401377
31105,0.7173886
31106,0.038472388
31107,0.2266663
31108,0.017764274
31109,0.07972922
31110,0.24956085
31111,0.041577842
31112,0.08158658
31113,0.114907056
31114,0.05558737
31115,0.08386316
31116,0.32076782
31117,0.075464964
31118,0.12218132
31119,0.23727499
31120,0.16851114
31121,0.24129239
31122,0.29727003
31123,0.24077305
31124,0.19773677
31125,0.1408571
31126,0.17431752
31127,0.7191714
31128,0.34554943
31129,0.38884002
31130,0.04082704
31131,0.16907331
31132,0.10583196
31133,0.07542843
31134,0.05907608
31135,0.03216414
31136,0.0990905
31137,0.036067072
31138,0.044477478
31139,0.03256473
31140,0.066425085
31141,0.09741605
31142,0.13440433
31143,0.15699673
31144,0.13870858
31145,0.12927334
31146,0.20765895
31147,0.15577525
31148,0.07850209
31149,0.13785689
31150,0.21139105
31151,0.057625484
31152,0.111818366
31153,0.7712112
31154,0.7639548
31155,0.51901
31156,0.032595895
31157,0.05109729
31158,0.14448403
31159,0.3460706
31160,0.12538266
31161,0.086898625
31162,0.0477351
31163,0.04857175
31164,0.09742697
31165,0.12138649
31166,0.10156643
31167,0.05935843
31168,0.23913406
31169,0.097696185
31170,0.06845572
31171,0.15447934
31172,0.16918778
31173,0.107642286
31174,0.09885498
31175,0.21411423
31176,0.1357207
31177,0.080171935
31178,0.15840776
31179,0.15044467
31180,0.13629475
31181,0.791861
31182,0.774641
31183,0.5326239
31184,0.082155526
31185,0.081152715
31186,0.07429844
31187,0.061096203
31188,0.30174685
31189,0.1513941
31190,0.24825376
31191,0.09075217
31192,0.12395672
31193,0.04406413
31194,0.11030383
31195,0.1399587
31196,0.16674261
31197,0.19194777
31198,0.3534888
31199,0.3531842
31200,0.15671435
31201,0.16871649
31202,0.14009047
31203,0.08841931
31204,0.1425837
31205,0.112855084
31206,0.07954839
31207,0.058362313
31208,0.16297714
31209,0.16754833
31210,0.1097644
31211,0.122668
31212,0.077319734
31213,0.76574063
31214,1.0
31215,0.80971366
31216,0.11390549
31217,0.080458485
31218,0.13970108
31219,0.28167632
31220,0.069367565
31221,0.028914815
31222,0.008289847
31223,0.014579542
31224,0.04102804
31225,0.08177071
31226,0.0506281
31227,0.20082648
31228,0.6342724
31229,0.06685887
31230,0.10493971
31231,0.10750889
31232,0.1431375
31233,0.074822694
31234,0.16238128
31235,0.11097023
31236,0.04148624
31237,0.101151206
31238,0.108711496
31239,0.107887775
31240,0.053166583
31241,0.06808671
31242,0.34259993
31243,0.28337038
31244,0.22393802
31245,0.08922783
31246,0.038969077
31247,0.08612867
31248,0.0
31249,0.07388816
31250,0.21529303
31251,0.05507291
31252,0.05833925
31253,0.03187239
31254,0.016074676
31255,0.02729982
31256,0.044489753
31257,0.044991948
31258,0.1573519
31259,0.49429968
31260,0.20461002
31261,0.1839539
31262,0.1381927
31263,0.16376528
31264,0.15291977
31265,0.41416833
31266,0.09181108
31267,0.051484242
31268,0.048500028
31269,0.14643967
31270,0.15832098
31271,0.14947028
31272,0.3475104
31273,0.24413827
31274,0.20890306
31275,0.92963225
31276,0.15220791
31277,0.008824666
31278,0.124793045
31279,0.18639003
31280,0.051254
31281,0.060169186
31282,0.33063266
31283,0.05130548
31284,0.03615155
31285,0.032830607
31286,0.046585146
31287,0.10951889
31288,0.26512364
31289,0.21353969
31290,0.28994426
31291,0.24504036
31292,0.13633728
31293,0.14401275
31294,0.25491065
31295,0.03568517
31296,0.14569259
31297,0.08863803
31298,0.059220057
31299,0.29339802
31300,0.2586236
31301,0.07680042
31302,0.38541907
31303,0.21683948
31304,0.06949805
31305,0.107322104
31306,0.10379792
31307,0.05241748
31308,0.020576129
31309,0.007477996
31310,0.0
31311,0.022170212
31312,0.048151415
31313,0.07098951
31314,0.067533344
31315,0.16083056
31316,0.22742926
31317,0.59490526
31318,0.26286432
31319,0.19175021
31320,0.3690766
31321,0.13028684
31322,0.06704446
31323,0.07026346
31324,0.12090605
31325,0.21074724
31326,0.1185373
31327,0.034849297
31328,0.0687259
31329,0.120462485
31330,0.0
31331,0.03298505
31332,0.08158441
31333,0.03769131
31334,0.015467414
31335,0.030707551
31336,0.0100411475
31337,0.008011672
31338,0.03923483
31339,0.067036286
31340,0.058528766
31341,0.075083815
31342,0.22608796
31343,0.16364294
31344,0.119318016
31345,0.4853816
31346,0.42368212
31347,0.25063288
31348,0.15844898
31349,0.052978836
31350,0.03858111
31351,0.058687754
31352,0.13080819
31353,0.044134326
31354,0.6208508
31355,0.03246439
31356,0.010027398
31357,0.059498854
31358,0.056972254
31359,0.1332086
31360,0.05946245
31361,0.03759451
31362,0.04251054
31363,0.09536589
31364,0.10323578
31365,0.42166343
31366,0.23592235
31367,0.14491701
31368,0.6947374
31369,0.26140356
31370,0.3329903
31371,0.19278778
31372,0.048425633
31373,0.05006887
31374,0.09134775
31375,0.09661356
31376,0.037711255
31377,0.073638745
31378,0.2982857
31379,0.08299127
31380,0.22311264
31381,0.041567046
31382,0.12579422
31383,0.14126998
31384,0.14684065
31385,0.17688702
31386,0.052392054
31387,0.068641186
31388,0.04761651
31389,0.0805492
31390,0.1693165
31391,0.65895236
31392,0.21129836
31393,0.42259064
31394,0.2226453
31395,0.2585985
31396,0.196233
31397,0.17537057
31398,0.07876694
31399,0.075146474
31400,0.1158491
31401,0.07542913
31402,0.12478474
31403,0.077632084
31404,0.16032013
31405,0.14949684
31406,0.09297171
31407,0.23710223
31408,0.05703123
31409,0.12274766
31410,0.24680519
31411,0.071215555
31412,0.07754351
31413,0.16751008
31414,0.01738791
31415,0.0
31416,0.119491726
31417,0.1419346
31418,0.06353729
31419,0.1232322
31420,0.07953621
31421,0.09216046
31422,0.068026
31423,0.12390689
31424,0.110227175
31425,0.0
31426,0.0914717
31427,0.028738879
31428,0.08578231
31429,0.06438476
31430,0.02970098
31431,0.10023205
31432,0.07783712
31433,0.03961208
31434,0.06743969
31435,0.16763052
31436,0.23902492
31437,0.3993889
31438,0.114264846
31439,0.017783593
31440,0.02988822
31441,0.0699302
31442,0.08001036
31443,0.14501157
31444,0.0015120896
31445,0.025335077
31446,0.022665685
31447,0.052539714
31448,0.036414426
31449,0.022447003
31450,0.026745692
31451,0.07448358
31452,0.07878109
31453,0.27383643
31454,0.01987689
31455,0.028650938
31456,0.06302525
31457,0.07730864
31458,0.10284512
31459,0.2912197
31460,0.12878494
31461,0.032034583
31462,0.13480699
31463,0.06782502
31464,0.04706782
31465,0.1549715
31466,0.15852919
31467,0.07643772
31468,0.02725703
31469,0.029884504
31470,0.23743254
31471,0.053609625
31472,0.033373546
31473,0.06516712
31474,0.0198669
31475,0.09343028
31476,0.098509885
31477,0.030994724
31478,0.016401472
31479,0.04477614
31480,0.054834887
31481,0.23430248
31482,0.07367556
31483,0.025883539
31484,0.062610455
31485,0.07047912
31486,0.07802127
31487,0.23413637
31488,0.07208184
31489,0.1669065
31490,0.06856185
31491,0.01614793
31492,0.014756368
31493,0.047985703
31494,0.06910724
31495,0.04650045
31496,0.18577272
31497,0.025092658
31498,0.17496803
31499,0.015136396
31500,0.058303166
31501,0.08568399
31502,0.25907147
31503,0.47134534
31504,0.10661353
31505,0.12198324
31506,0.088579126
31507,0.052713636
31508,0.05046049
31509,0.081671484
31510,0.105757676
31511,0.14622319
31512,0.9096123
31513,0.06981733
31514,0.081855424
31515,0.03008381
31516,0.057679262
31517,0.057552308
31518,0.0147408405
31519,0.040083557
31520,0.14769058
31521,0.36684
31522,0.07046147
31523,0.13164146
31524,0.02672756
31525,0.085370496
31526,0.009611393
31527,0.11645699
31528,0.023229217
31529,0.04038966
31530,0.054609787
31531,0.09201187
31532,0.040609423
31533,0.05828326
31534,0.02938523
31535,0.21224962
31536,0.073347524
31537,0.08974251
31538,0.02827759
31539,0.04085108
31540,0.05801546
31541,0.082613036
31542,0.031216867
31543,0.072745204
31544,0.6143492
31545,0.061677855
31546,0.09834016
31547,0.050607517
31548,0.06263893
31549,0.012454384
31550,0.066449694
31551,0.0026503648
31552,0.2317888
31553,0.011544143
31554,0.041608136
31555,0.0
31556,0.0043726424
31557,0.0018599725
31558,0.052954372
31559,0.1552669
31560,0.022886496
31561,0.06878658
31562,0.012182058
31563,0.007043369
31564,0.05310401
31565,0.2108473
31566,0.016592888
31567,0.005147103
31568,0.035296723
31569,0.08008509
31570,0.13218139
31571,0.06149887
31572,0.030975353
31573,0.026498463
31574,0.08130257
31575,0.20035034
31576,0.10526562
31577,0.074899286
31578,0.04695923
31579,0.04639528
31580,0.023742054
31581,0.07882106
31582,0.19401602
31583,0.118472666
31584,0.015093626
31585,0.061292935
31586,0.009548445
31587,0.012397757
31588,0.031076623
31589,0.005118428
31590,0.025585895
31591,0.048278145
31592,0.091812246
31593,0.07276322
31594,0.109009914
31595,0.0
31596,0.009518835
31597,0.14079112
31598,0.028706212
31599,0.19009864
31600,0.0500035
31601,0.00020330193
31602,0.0033081463
31603,0.026079034
31604,0.0060042674
31605,0.043672293
31606,0.035496287
31607,0.02348898
31608,0.06715124
31609,0.012187666
31610,0.02932561
31611,0.014093325
31612,0.044549666
31613,0.008941977
31614,0.013424308
31615,0.0943832
31616,0.037544936
31617,0.07738768
31618,0.028589617
31619,0.0553493
31620,0.11601192
31621,0.012402239
31622,0.033364415
31623,0.22124395
31624,0.081898905
31625,0.07687273
31626,0.073613256
31627,0.059386995
31628,0.019123217
31629,0.021622447
31630,0.06404866
31631,0.043520954
31632,0.09516756
31633,0.0033303644
31634,0.13720074
31635,0.01315897
31636,0.029511567
31637,0.05232337
31638,0.029547779
31639,0.023766598
31640,0.0
31641,0.023889804
31642,0.036453735
31643,0.014977594
31644,0.0
31645,0.01162279
31646,0.066585295
31647,0.07095181
31648,0.048613638
31649,0.17372616
31650,0.01365632
31651,0.01437873
31652,0.034642525
31653,0.044549417
31654,0.048366237
31655,0.042676568
31656,0.047631577
31657,0.16471031
31658,0.15347132
31659,0.04222809
31660,0.107560195
31661,0.023034588
31662,0.056526374
31663,0.049067028
31664,0.059504922
31665,0.056820758
31666,0.044822097
31667,0.06477181
31668,0.0046205157
31669,0.015766826
31670,0.047404043
31671,0.046925105
31672,0.04965543
31673,0.10388405
31674,0.055552848
31675,0.19577008
31676,0.09346476
31677,0.12969425
31678,0.19488971
31679,0.1948964
31680,0.09012824
31681,0.098622404
31682,0.1766519
31683,0.05423423
31684,0.23309544
31685,0.049848877
31686,0.10473787
31687,0.05552659
31688,0.014764103
31689,0.073808104
31690,0.0
31691,0.1697178
31692,0.5711872
31693,0.16874836
31694,0.086286865
31695,0.086434014
31696,0.20612912
31697,0.095042564
31698,0.10209986
31699,0.104812846
31700,0.0839021
31701,0.124076836
31702,0.18322363
31703,0.36830744
31704,0.38286653
31705,0.057015955
31706,0.12199568
31707,0.16255242
31708,0.20407933
31709,0.10230264
31710,0.056830402
31711,0.09792832
31712,0.1541352
31713,0.2952329
31714,0.17390174
31715,0.18656784
31716,0.37957096
31717,0.17012508
31718,0.09179467
31719,0.40903285
31720,0.060519323
31721,0.17216687
31722,0.3583129
31723,0.11041871
31724,0.09476008
31725,0.09050206
31726,0.10164925
31727,0.07228767
31728,0.13454233
31729,0.14760785
31730,0.12550879
31731,0.065229446
31732,0.09563155
31733,0.13741228
31734,0.29773745
31735,0.10181262
31736,0.06584612
31737,0.09013901
31738,0.13793623
31739,0.11652343
31740,0.12766346
31741,0.06400366
31742,0.0742887
31743,0.04391143
31744,0.04425163
31745,0.19630319
31746,0.05936083
31747,0.19500387
31748,0.08724831
31749,0.097019434
31750,0.07461664
31751,0.03854016
31752,0.027402066
31753,0.32095873
31754,0.15869969
31755,0.09523752
31756,0.31295276
31757,0.34792274
31758,0.074253604
31759,0.13395384
31760,0.12457347
31761,0.086989306
31762,0.055250607
31763,0.06855736
31764,0.0809932
31765,0.10443765
31766,0.08917267
31767,0.23039952
31768,0.3090462
31769,0.058523443
31770,0.091928326
31771,0.04182324
31772,0.053694934
31773,0.030220307
31774,0.048415765
31775,0.19865581
31776,0.03709964
31777,0.095884375
31778,0.013419714
31779,0.083287865
31780,0.04700678
31781,0.17907505
31782,0.39978468
31783,0.11343092
31784,0.058541384
31785,0.11097072
31786,0.09426829
31787,0.053287927
31788,0.023174005
31789,0.11524623
31790,0.16332528
31791,0.10486603
31792,0.14889273
31793,0.12500902
31794,0.012995531
31795,0.047882173
31796,0.02605659
31797,0.019332776
31798,0.041240647
31799,0.07244748
31800,0.047420725
31801,0.14473347
31802,0.022744088
31803,0.049183115
31804,0.048921958
31805,0.011445978
31806,0.010881815
31807,0.06073558
31808,0.083165824
31809,0.027174203
31810,0.042068418
31811,0.074390344
31812,0.25261542
31813,0.2671578
31814,0.056918547
31815,0.08902443
31816,0.058755975
31817,0.10635064
31818,0.057584126
31819,0.018157613
31820,0.060132198
31821,0.020191958
31822,0.05355054
31823,0.15254071
31824,0.013285749
31825,0.0058240406
31826,0.029256701
31827,0.03690691
31828,0.049355976
31829,0.17563637
31830,0.10302976
31831,0.11623243
31832,0.0708467
31833,0.023029702
31834,0.0063569536
31835,0.07680079
31836,0.074549735
31837,0.112015516
31838,0.05741887
31839,0.43330237
31840,0.11302349
31841,0.023442533
31842,0.10945771
31843,0.036156703
31844,0.031864304
31845,0.015089188
31846,0.02507669
31847,0.05441497
31848,0.012820949
31849,0.008177788
31850,0.07325928
31851,0.04057827
31852,0.05469024
31853,0.048676662
31854,0.15359575
31855,0.123818174
31856,0.23674323
31857,0.08144979
31858,0.016850252
31859,0.065074794
31860,0.044157363
31861,0.07709732
31862,0.07986704
31863,0.06883334
31864,0.14801846
31865,0.05908157
31866,0.14534254
31867,0.056846634
31868,0.060310055
31869,0.020929178
31870,0.019439459
31871,0.1091896
31872,0.04065398
31873,0.045068227
31874,0.06610864
31875,0.028299142
31876,0.0072862287
31877,0.0041046184
31878,0.008274827
31879,0.033741485
31880,0.047778893
31881,0.047871124
31882,0.092447974
31883,0.14540465
31884,0.15320191
31885,0.11910603
31886,0.13287325
31887,0.0
31888,0.06975387
31889,0.041006714
31890,0.08399874
31891,0.04602809
31892,0.09383558
31893,0.033153996
31894,0.09193734
31895,0.053128887
31896,0.02565453
31897,0.038226675
31898,0.060853593
31899,0.030057147
31900,0.045417193
31901,0.03405833
31902,0.038733028
31903,0.03004264
31904,0.013429971
31905,0.06701446
31906,0.014286792
31907,0.051521968
31908,0.101803996
31909,0.051603906
31910,0.1141476
31911,0.44527063
31912,0.10434317
31913,0.11924288
31914,0.089030035
31915,0.067317344
31916,0.072245665
31917,0.11717045
31918,0.09995242
31919,0.043305837
31920,0.28129655
31921,0.09388459
31922,0.09606215
31923,0.055021048
31924,0.071617074
31925,0.032789767
31926,0.044304688
31927,0.027785463
31928,0.038158476
31929,0.2224593
31930,0.070039816
31931,0.049611468
31932,0.10347472
31933,0.58879
31934,0.10482041
31935,0.044199623
31936,0.13387689
31937,0.06424817
31938,0.18814115
31939,0.24813692
31940,0.118601285
31941,0.046072025
31942,0.068931825
31943,0.08803429
31944,0.15458849
31945,0.18407929
31946,0.065587625
31947,0.16856036
31948,0.082181446
31949,0.017888678
31950,0.1223302
31951,0.02247877
31952,0.016071854
31953,0.015352899
31954,0.06092463
31955,0.064748265
31956,0.010729439
31957,0.10235036
31958,0.19829708
31959,0.13729481
31960,0.08726965
31961,0.061512977
31962,0.094721094
31963,0.15329313
31964,0.21286853
31965,0.101453006
31966,0.06528531
31967,0.050096508
31968,0.07836917
31969,0.45629677
31970,0.061491337
31971,0.1786038
31972,0.25974166
31973,0.14786333
31974,0.056813747
31975,0.00797616
31976,0.020065939
31977,0.04382873
31978,0.072373465
31979,0.16091831
31980,0.14531517
31981,0.1509566
31982,0.100521475
31983,0.17019127
31984,0.16792431
31985,0.12817858
31986,0.19375809
31987,0.25465286
31988,0.13099079
31989,0.06715794
31990,0.11055616
31991,0.12961721
31992,0.24404825
31993,0.71895546
31994,0.033179764
31995,0.047732584
31996,0.23498483
31997,0.024935992
31998,0.08736378
31999,0.25517794
32000,0.0152565185
32001,0.037965298
32002,0.06639319
32003,0.106695145
32004,0.046517394
32005,0.062134035
32006,0.01702966
32007,0.32301694
32008,0.0731745
32009,0.11886446
32010,0.22479732
32011,0.1513586
32012,0.21868637
32013,0.27813557
32014,0.2496753
32015,0.1911385
32016,0.13263887
32017,0.1523751
32018,0.72087353
32019,0.3299151
32020,0.374738
32021,0.05532093
32022,0.034418453
32023,0.16172305
32024,0.059276387
32025,0.09779767
32026,0.06537675
32027,0.026144974
32028,0.09560669
32029,0.029371133
32030,0.073402315
32031,0.09985368
32032,0.13581553
32033,0.14924705
32034,0.1262842
32035,0.111395344
32036,0.19325255
32037,0.16940546
32038,0.12903473
32039,0.20952077
32040,0.054135405
32041,0.094604105
32042,0.77764165
32043,0.7530489
32044,0.50963616
32045,0.030915355
32046,0.04126291
32047,0.14117774
32048,0.34074688
32049,0.1133083
32050,0.07394085
32051,0.03537286
32052,0.08044224
32053,0.111383244
32054,0.090705104
32055,0.035838064
32056,0.22942092
32057,0.09815398
32058,0.06437391
32059,0.14937118
32060,0.15491875
32061,0.08869851
32062,0.0744576
32063,0.19318849
32064,0.1428316
32065,0.062514454
32066,0.14306623
32067,0.14205505
32068,0.12628508
32069,0.79177207
32070,0.7572156
32071,0.51673067
32072,0.072952755
32073,0.06515682
32074,0.0384271
32075,0.29192138
32076,0.1395511
32077,0.2296601
32078,0.07229419
32079,0.10447951
32080,0.045986466
32081,0.100645356
32082,0.13728164
32083,0.16320752
32084,0.17575373
32085,0.35110193
32086,0.36096814
32087,0.15995884
32088,0.17093462
32089,0.1331477
32090,0.07680179
32091,0.12551244
32092,0.09925558
32093,0.09398549
32094,0.15264596
32095,0.15953313
32096,0.10870115
32097,0.119984776
32098,0.060912274
32099,0.77297807
32100,1.0
32101,0.80114686
32102,0.11538508
32103,0.077325195
32104,0.13882746
32105,0.2791771
32106,0.06485078
32107,0.014996318
32108,0.009705198
32109,0.043135203
32110,0.08301976
32111,0.039218124
32112,0.20322376
32113,0.64684045
32114,0.07488744
32115,0.11194195
32116,0.10535028
32117,0.13630405
32118,0.062535614
32119,0.15356596
32120,0.13019143
32121,0.05481157
32122,0.095604114
32123,0.10548041
32124,0.111608595
32125,0.05526747
32126,0.056463376
32127,0.3546213
32128,0.27805513
32129,0.220155
32130,0.09549155
32131,0.040619925
32132,0.09003908
32133,0.0
32134,0.06332939
32135,0.2175778
32136,0.055340316
32137,0.05185601
32138,0.034729578
32139,0.007351049
32140,0.025557697
32141,0.04188952
32142,0.029732684
32143,0.15589984
32144,0.50301796
32145,0.20878935
32146,0.18710682
32147,0.13218476
32148,0.15308248
32149,0.13678347
32150,0.4015037
32151,0.107183024
32152,0.04864185
32153,0.042087894
32154,0.04141967
32155,0.14631112
32156,0.15657248
32157,0.1339976
32158,0.35568234
32159,0.23497368
32160,0.20127068
32161,0.9320467
32162,0.1500095
32163,0.008885837
32164,0.110385
32165,0.18482548
32166,0.047672097
32167,0.049836613
32168,0.3322982
32169,0.05244687
32170,0.044274457
32171,0.040095445
32172,0.04119092
32173,0.11793196
32174,0.28370747
32175,0.22758408
32176,0.3029621
32177,0.24889748
32178,0.13551955
32179,0.1377415
32180,0.2521111
32181,0.036153868
32182,0.14847724
32183,0.09837466
32184,0.06733676
32185,0.28779042
32186,0.2766606
32187,0.07750098
32188,0.39769855
32189,0.22450611
32190,0.07733575
32191,0.10277914
32192,0.11209847
32193,0.05870066
32194,0.020108653
32195,0.022183869
32196,0.047307007
32197,0.05748597
32198,0.067837134
32199,0.17130533
32200,0.23336443
32201,0.59981436
32202,0.25861192
32203,0.18282327
32204,0.35469595
32205,0.11937809
32206,0.06171988
32207,0.07189081
32208,0.12091346
32209,0.19703041
32210,0.128465
32211,0.027440567
32212,0.07289615
32213,0.12001984
32214,1.5939948e-05
32215,0.032713495
32216,0.06893217
32217,0.037882574
32218,0.0016000777
32219,0.0
32220,0.048147853
32221,0.075091265
32222,0.053924706
32223,0.084287
32224,0.24546213
32225,0.17847754
32226,0.13312627
32227,0.4900289
32228,0.42365485
32229,0.24515194
32230,0.15643957
32231,0.023105578
32232,0.056553666
32233,0.049107864
32234,0.067594565
32235,0.12599072
32236,0.062961645
32237,0.05880842
32238,0.62930775
32239,0.04318073
32240,0.019802071
32241,0.06812668
32242,0.05321942
32243,0.14229931
32244,0.05561342
32245,0.059785075
32246,0.019958785
32247,0.03703357
32248,0.052096944
32249,0.09229323
32250,0.11397042
32251,0.4425688
32252,0.2522883
32253,0.1602566
32254,0.70091635
32255,0.26290748
32256,0.32904053
32257,0.1923098
32258,0.06042381
32259,0.060483824
32260,0.0605071
32261,0.08806181
32262,0.11697225
32263,0.080122076
32264,0.08362694
32265,0.31053343
32266,0.0942974
32267,0.23327194
32268,0.03934566
32269,0.13641632
32270,0.14987473
32271,0.14869474
32272,0.17887679
32273,0.053362574
32274,0.078310184
32275,0.07670104
32276,0.17927554
32277,0.67908233
32278,0.22688879
32279,0.43715435
32280,0.22804831
32281,0.25932688
32282,0.19150782
32283,0.17411701
32284,0.09004963
32285,0.07108501
32286,0.077675745
32287,0.12856346
32288,0.09145767
32289,0.16953279
32290,0.16096912
32291,0.103502326
32292,0.24648596
32293,0.05403425
32294,0.1325942
32295,0.2478837
32296,0.072429806
32297,0.13415723
32298,0.0
32299,0.0
32300,0.07572204
32301,0.17585953
32302,0.02119776
32303,0.11311436
32304,0.13088231
32305,0.047031526
32306,0.110198066
32307,0.07741836
32308,0.076318406
32309,0.07582863
32310,0.11437291
32311,0.11227216
32312,0.039256155
32313,0.0
32314,0.089074865
32315,0.0
32316,0.07508028
32317,0.06568069
32318,0.035691455
32319,0.12002986
32320,0.10780585
32321,0.06504119
32322,0.031425595
32323,0.08268161
32324,0.1781976
32325,0.24413848
32326,0.40797406
32327,0.15088673
32328,0.052916177
32329,0.09208355
32330,0.08201551
32331,0.07271701
32332,0.103674635
32333,0.16406304
32334,0.021881366
32335,0.044557527
32336,0.029507454
32337,0.07222496
32338,0.054082323
32339,0.037798636
32340,0.06641766
32341,0.08452247
32342,0.28974858
32343,0.031249594
32344,0.03899728
32345,0.064210735
32346,0.07381936
32347,0.09390224
32348,0.28574845
32349,0.15135036
32350,0.03214761
32351,0.14025193
32352,0.0831905
32353,0.15453258
32354,0.16813716
32355,0.081432655
32356,0.01861059
32357,0.03242308
32358,0.022669833
32359,0.24306145
32360,0.057221092
32361,0.029946305
32362,0.07402595
32363,0.0
32364,0.08686933
32365,0.10211984
32366,0.0300651
32367,0.014445462
32368,0.033659257
32369,0.039043278
32370,0.2130573
32371,0.05590196
32372,0.019026194
32373,0.042028926
32374,0.073542245
32375,0.063747816
32376,0.22139512
32377,0.06938735
32378,0.15959917
32379,0.06351403
32380,0.010158486
32381,0.0076200566
32382,0.028468741
32383,0.062433735
32384,0.03780958
32385,0.17046693
32386,0.0
32387,0.17152448
32388,0.004955784
32389,0.06192989
32390,0.099481575
32391,0.01914283
32392,0.25814217
32393,0.4657415
32394,0.095555946
32395,0.11439726
32396,0.084261455
32397,0.05071197
32398,0.055410758
32399,0.0850018
32400,0.09536378
32401,0.15947387
32402,0.9055262
32403,0.06726365
32404,0.08934857
32405,0.03296404
32406,0.06281905
32407,0.061750494
32408,0.017792154
32409,0.1512047
32410,0.36833677
32411,0.065207615
32412,0.12652327
32413,0.018395113
32414,0.09211462
32415,0.0124697555
32416,0.12948625
32417,0.031718887
32418,0.015869549
32419,0.038692098
32420,0.042783845
32421,0.08365755
32422,0.060291614
32423,0.028683348
32424,0.055513255
32425,0.22473192
32426,0.06849335
32427,0.086420484
32428,0.035002384
32429,0.042962976
32430,0.06238693
32431,0.08604287
32432,0.023453806
32433,0.021119166
32434,0.075491026
32435,0.6150773
32436,0.05565562
32437,0.09245364
32438,0.0442973
32439,0.06861472
32440,0.015273916
32441,0.079440124
32442,0.00064929493
32443,0.010074817
32444,0.22537756
32445,0.0
32446,0.01776704
32447,0.1519061
32448,0.029572506
32449,0.07311926
32450,0.015573072
32451,0.009287524
32452,0.055811
32453,0.21153691
32454,0.010531855
32455,0.0
32456,0.04123368
32457,0.08275226
32458,0.0
32459,0.028908063
32460,0.11544679
32461,0.03931089
32462,0.013366368
32463,0.066086315
32464,0.18666625
32465,0.10162834
32466,0.066649094
32467,0.04096861
32468,0.013144379
32469,0.03831616
32470,0.0032822834
32471,0.0712048
32472,0.18438233
32473,0.10208837
32474,0.06302293
32475,0.0067387978
32476,0.008561766
32477,0.020891305
32478,0.00872717
32479,0.032124687
32480,0.07719094
32481,0.068188794
32482,0.09982254
32483,0.0
32484,0.13223764
32485,0.01813535
32486,0.17277719
32487,0.0
32488,0.011366794
32489,0.0
32490,0.06817988
32491,0.0138401175
32492,0.029528605
32493,0.0047790706
32494,0.0
32495,0.04046511
32496,0.054429833
32497,0.023781946
32498,0.020764653
32499,0.036755793
32500,0.009142811
32501,0.043674573
32502,0.0032699865
32503,0.091081895
32504,0.111646436
32505,0.053781774
32506,0.084463716
32507,0.05903682
32508,0.041486517
32509,0.11993134
32510,0.06589711
32511,0.054656934
32512,0.032040287
32513,0.23276325
32514,0.09140093
32515,0.07962411
32516,0.076500334
32517,0.024425656
32518,0.07123884
32519,0.029948711
32520,0.023287086
32521,0.055585064
32522,0.03852884
32523,0.09344381
32524,0.13570878
32525,0.018804142
32526,0.022776078
32527,0.058431372
32528,0.026887767
32529,0.021242281
32530,0.0010767261
32531,0.0
32532,0.009880756
32533,0.019018847
32534,0.0
32535,0.022836583
32536,0.045432676
32537,0.024268162
32538,0.017309524
32539,0.07458799
32540,0.076870404
32541,0.028620359
32542,0.18724461
32543,0.018542515
32544,0.023410812
32545,0.03451372
32546,0.03974583
32547,0.010729894
32548,0.06392762
32549,0.044114348
32550,0.022772832
32551,0.028519234
32552,0.051663365
32553,0.17876148
32554,0.15018593
32555,0.111874804
32556,0.011817357
32557,0.018716857
32558,0.014347133
32559,0.022024104
32560,0.02594486
32561,0.039602175
32562,0.022423461
32563,0.03044334
32564,0.051384486
32565,0.07455361
32566,0.026901256
32567,0.05546571
32568,0.07389073
32569,0.04530904
32570,0.11686751
32571,0.049145695
32572,0.066816114
32573,0.04666338
32574,0.16223262
32575,0.071307324
32576,0.11075631
32577,0.06177302
32578,0.17730436
32579,0.17423828
32580,0.070170164
32581,0.07368635
32582,0.18598169
32583,0.07494411
32584,0.25702462
32585,0.07570958
32586,0.1300196
32587,0.09173936
32588,0.15812264
32589,0.5741915
32590,0.17368409
32591,0.08757105
32592,0.0884183
32593,0.19100969
32594,0.093192786
32595,0.116514705
32596,0.10951977
32597,0.053558834
32598,0.11958365
32599,0.14040141
32600,0.21092816
32601,0.3992315
32602,0.41572177
32603,0.08929255
32604,0.15119952
32605,0.17535271
32606,0.23014921
32607,0.13492915
32608,0.08969207
32609,0.13015066
32610,0.16706835
32611,0.07395082
32612,0.30018932
32613,0.18207747
32614,0.19667497
32615,0.3890991
32616,0.17658062
32617,0.098950274
32618,0.39908484
32619,0.19175306
32620,0.36888272
32621,0.120297
32622,0.10487338
32623,0.09997602
32624,0.11974542
32625,0.10436114
32626,0.12064606
32627,0.10047839
32628,0.03962027
32629,0.06694957
32630,0.109430365
32631,0.2526521
32632,0.0869825
32633,0.069604926
32634,0.12238487
32635,0.0919559
32636,0.10240424
32637,0.03897945
32638,0.048625194
32639,0.026936201
32640,0.028827636
32641,0.06430926
32642,0.18310748
32643,0.048096627
32644,0.18316072
32645,0.08280375
32646,0.07355273
32647,0.056804456
32648,0.03675501
32649,0.31229365
32650,0.15325393
32651,0.09114439
32652,0.3057868
32653,0.34145713
32654,0.14063975
32655,0.12543282
32656,0.09295407
32657,0.042231474
32658,0.07303213
32659,0.106910735
32660,0.092998356
32661,0.2311524
32662,0.3104993
32663,0.073128216
32664,0.100706525
32665,0.05787056
32666,0.03463103
32667,0.052187163
32668,0.21104938
32669,0.04327554
32670,0.111515135
32671,0.028715784
32672,0.054744124
32673,0.10606003
32674,0.0717104
32675,0.053476956
32676,0.20012699
32677,0.42153674
32678,0.12720248
32679,0.093445286
32680,0.1400478
32681,0.123468205
32682,0.07776271
32683,0.13931674
32684,0.19601792
32685,0.13134107
32686,0.18482248
32687,0.14987227
32688,0.023045922
32689,0.018561928
32690,0.035110574
32691,0.06909043
32692,0.040175315
32693,0.14413367
32694,0.00278732
32695,0.040606428
32696,0.043564714
32697,0.0080201235
32698,0.0068771746
32699,0.05365813
32700,0.076788485
32701,0.027710618
32702,0.06825021
32703,0.2593898
32704,0.26810572
32705,0.057989012
32706,0.095077656
32707,0.10269595
32708,0.0541645
32709,0.014098673
32710,0.06469547
32711,0.018537518
32712,0.050284334
32713,0.1600064
32714,0.018666504
32715,0.0134446
32716,0.031517997
32717,0.041941244
32718,0.050501954
32719,0.18342794
32720,0.09146447
32721,0.11604718
32722,0.07388087
32723,0.027995264
32724,0.010743718
32725,0.07811481
32726,0.076563835
32727,0.11426682
32728,0.07258477
32729,0.4426417
32730,0.1224854
32731,0.069691114
32732,0.11419446
32733,0.041128475
32734,0.036196776
32735,0.028043836
32736,0.04664483
32737,0.06454834
32738,0.022126643
32739,0.012086929
32740,0.07180919
32741,0.03340781
32742,0.056013167
32743,0.04611122
32744,0.15767588
32745,0.10854148
32746,0.23284636
32747,0.080772504
32748,0.018104373
32749,0.06575017
32750,0.041759904
32751,0.07539998
32752,0.02206446
32753,0.018696286
32754,0.07840691
32755,0.08028778
32756,0.15364619
32757,0.06483208
32758,0.1560757
32759,0.05856365
32760,0.06133535
32761,0.022189533
32762,0.010846151
32763,0.11221515
32764,0.07253049
32765,0.040444862
32766,0.0055123223
32767,0.011922353
32768,0.032029763
32769,0.04034682
32770,0.048932422
32771,0.08962093
32772,0.14922316
32773,0.13766345
32774,0.114947714
32775,0.13193429
32776,0.0
32777,0.07016758
32778,0.08203978
32779,0.044306338
32780,0.10502839
32781,0.10240894
32782,0.054584302
32783,0.026418194
32784,0.039225407
32785,0.061213028
32786,0.03903875
32787,0.048181113
32788,0.046277087
32789,0.064263545
32790,0.013775668
32791,0.045651607
32792,0.09021328
32793,0.048506565
32794,0.107161924
32795,0.44493052
32796,0.08464618
32797,0.11092591
32798,0.0839325
32799,0.064151235
32800,0.06850073
32801,0.11035277
32802,0.093834825
32803,0.020172581
32804,0.044636
32805,0.28760952
32806,0.09118138
32807,0.0926672
32808,0.051861156
32809,0.067817844
32810,0.03139504
32811,0.041298203
32812,0.033456296
32813,0.046069123
32814,0.2250107
32815,0.06687086
32816,0.054935887
32817,0.104910806
32818,0.5968718
32819,0.09354518
32820,0.04430445
32821,0.13720112
32822,0.06950381
32823,0.19281794
32824,0.24974094
32825,0.12090544
32826,0.04039573
32827,0.07147319
32828,0.09778626
32829,0.16932319
32830,0.18979776
32831,0.07061444
32832,0.17382218
32833,0.08680399
32834,0.031133398
32835,0.13881207
32836,0.01635929
32837,0.05657182
32838,0.05467502
32839,0.009149621
32840,0.096882194
32841,0.19947447
32842,0.119115494
32843,0.08047019
32844,0.05793296
32845,0.09307249
32846,0.15106568
32847,0.20756829
32848,0.09685292
32849,0.020969694
32850,0.060922418
32851,0.0586482
32852,0.081216894
32853,0.46412715
32854,0.060305662
32855,0.17672628
32856,0.25809914
32857,0.14558159
32858,0.06639147
32859,0.0365855
32860,0.004392246
32861,0.042146537
32862,0.065332
32863,0.14815658
32864,0.14104675
32865,0.14944544
32866,0.07965337
32867,0.16070314
32868,0.1616557
32869,0.12384143
32870,0.18884206
32871,0.2466641
32872,0.12370198
32873,0.060106438
32874,0.11641922
32875,0.12965366
32876,0.2442074
32877,0.7240973
32878,0.043401647
32879,0.23001452
32880,0.028587919
32881,0.09425282
32882,0.25100034
32883,0.045255203
32884,0.07592287
32885,0.11086561
32886,0.04496752
32887,0.06907757
32888,0.33271763
32889,0.06351832
32890,0.12058832
32891,0.22974056
32892,0.15823324
32893,0.22498219
32894,0.28135887
32895,0.25359848
32896,0.05636929
32897,0.18708114
32898,0.13679917
32899,0.16944997
32900,0.7321219
32901,0.34128615
32902,0.39109176
32903,0.041299377
32904,0.16796456
32905,0.11589862
32906,0.0724111
32907,0.054316264
32908,0.03684672
32909,0.029065011
32910,0.08827261
32911,0.020921733
32912,0.07159853
32913,0.07869295
32914,0.12603475
32915,0.14268582
32916,0.12165431
32917,0.106186666
32918,0.18497112
32919,0.16182406
32920,0.05594865
32921,0.11647536
32922,0.19395895
32923,0.046791267
32924,0.10017454
32925,0.7773858
32926,0.7529156
32927,0.51448566
32928,0.026291782
32929,0.03840449
32930,0.14777412
32931,0.33627665
32932,0.11384619
32933,0.07313802
32934,0.079230286
32935,0.10481209
32936,0.078413576
32937,0.032039955
32938,0.22173448
32939,0.09711314
32940,0.043976057
32941,0.1403534
32942,0.14912048
32943,0.08483158
32944,0.070011854
32945,0.18567005
32946,0.13601317
32947,0.051862024
32948,0.13126986
32949,0.1272562
32950,0.119703904
32951,0.79227865
32952,0.7578449
32953,0.52234304
32954,0.03362163
32955,0.06760022
32956,0.06909207
32957,0.0606569
32958,0.2992806
32959,0.13584383
32960,0.23096095
32961,0.07931884
32962,0.104439616
32963,0.049527436
32964,0.10642609
32965,0.13770325
32966,0.15790878
32967,0.17894828
32968,0.3504081
32969,0.3669198
32970,0.14655377
32971,0.16890949
32972,0.13434212
32973,0.07992756
32974,0.12805948
32975,0.09872975
32976,0.094159774
32977,0.1489862
32978,0.1547294
32979,0.10089492
32980,0.12039626
32981,0.074238345
32982,0.7804775
32983,1.0
32984,0.8137517
32985,0.1189737
32986,0.08022212
32987,0.14195946
32988,0.2935289
32989,0.06813617
32990,0.01858974
32991,0.015538428
32992,0.043609206
32993,0.077773385
32994,0.042465147
32995,0.20258237
32996,0.652845
32997,0.06153479
32998,0.10996933
32999,0.1065971
33000,0.13948224
33001,0.06513508
33002,0.15309255
33003,0.13041824
33004,0.09199681
33005,0.10072917
33006,0.103854865
33007,0.055731375
33008,0.0698419
33009,0.36217335
33010,0.28572968
33011,0.23281223
33012,0.09913268
33013,0.04356929
33014,0.09322354
33015,0.06827903
33016,0.2319822
33017,0.0586782
33018,0.060201973
33019,0.028884495
33020,0.016593099
33021,0.027204616
33022,0.023541162
33023,0.14581995
33024,0.49958405
33025,0.18599811
33026,0.17569554
33027,0.12399291
33028,0.14682214
33029,0.12994431
33030,0.39159176
33031,0.09797121
33032,0.022326397
33033,0.02904208
33034,0.027229901
33035,0.12911887
33036,0.14759782
33037,0.13793752
33038,0.35379574
33039,0.23320971
33040,0.20448944
33041,0.9262493
33042,0.1435203
33043,0.10589608
33044,0.18979135
33045,0.0415714
33046,0.048744023
33047,0.29388273
33048,0.05511535
33049,0.04158369
33050,0.031684328
33051,0.04127316
33052,0.114125796
33053,0.2865469
33054,0.21106659
33055,0.29782486
33056,0.2469795
33057,0.13553295
33058,0.13717607
33059,0.24847314
33060,0.029381795
33061,0.14056116
33062,0.08745611
33063,0.06463589
33064,0.29800418
33065,0.28104788
33066,0.082010716
33067,0.39817488
33068,0.22429062
33069,0.08533826
33070,0.10456396
33071,0.12333814
33072,0.025289819
33073,0.0
33074,0.017462794
33075,0.03686561
33076,0.05553792
33077,0.06200074
33078,0.17211457
33079,0.21481673
33080,0.59264666
33081,0.25466365
33082,0.18080646
33083,0.35210025
33084,0.11370971
33085,0.051773578
33086,0.058942024
33087,0.11618233
33088,0.20521386
33089,0.1308219
33090,0.029920056
33091,0.07134219
33092,0.11777417
33093,0.0
33094,0.03868575
33095,0.06868672
33096,0.04709198
33097,0.01178415
33098,0.072603494
33099,0.05993035
33100,0.08640428
33101,0.25422513
33102,0.16788349
33103,0.1339122
33104,0.49403423
33105,0.42959148
33106,0.25050983
33107,0.15872484
33108,0.05456107
33109,0.04411277
33110,0.07081712
33111,0.14212787
33112,0.065208144
33113,0.63501596
33114,0.049123798
33115,0.025105823
33116,0.08205261
33117,0.06092768
33118,0.15946244
33119,0.061709926
33120,0.07088969
33121,0.036787204
33122,0.04679747
33123,0.0391745
33124,0.04295918
33125,0.05011588
33126,0.09880555
33127,0.116594374
33128,0.4518383
33129,0.24220094
33130,0.16154918
33131,0.7054282
33132,0.2693509
33133,0.3349052
33134,0.19510171
33135,0.058937818
33136,0.05599533
33137,0.06423633
33138,0.10470561
33139,0.12778942
33140,0.0870285
33141,0.08984163
33142,0.316983
33143,0.10010782
33144,0.24770454
33145,0.047560554
33146,0.15408605
33147,0.15647785
33148,0.16030596
33149,0.19621183
33150,0.06363317
33151,0.07842561
33152,0.07958951
33153,0.17827567
33154,0.68472785
33155,0.21317758
33156,0.43482342
33157,0.2289365
33158,0.2621465
33159,0.19374868
33160,0.17328511
33161,0.08193734
33162,0.08410497
33163,0.1408622
33164,0.09474025
33165,0.17212363
33166,0.163795
33167,0.105688885
33168,0.2572946
33169,0.058625374
33170,0.14664014
33171,0.25587067
33172,0.086141035
33173,0.0
33174,0.07376199
33175,0.18054514
33176,0.006526365
33177,0.11304246
33178,0.13274188
33179,0.0483123
33180,0.10840601
33181,0.0765636
33182,0.08837821
33183,0.08206189
33184,0.12072875
33185,0.11459458
33186,0.040886838
33187,0.0032468892
33188,0.09892348
33189,0.0
33190,0.08210754
33191,0.035385374
33192,0.023062214
33193,0.103512235
33194,0.097933844
33195,0.035812203
33196,0.06805213
33197,0.16549961
33198,0.23086168
33199,0.3916246
33200,0.13523714
33201,0.033977315
33202,0.05041842
33203,0.08375923
33204,0.073813766
33205,0.091439486
33206,0.15113612
33207,0.008550252
33208,0.039848585
33209,0.070753165
33210,0.041543927
33211,0.035992187
33212,0.01054543
33213,0.06292472
33214,0.077141166
33215,0.2890128
33216,0.011156905
33217,0.030284652
33218,0.0587176
33219,0.07025761
33220,0.08976166
33221,0.2785351
33222,0.14483699
33223,0.020656392
33224,0.027647272
33225,0.1339758
33226,0.06502528
33227,0.08400252
33228,0.046031237
33229,0.16044982
33230,0.16503823
33231,0.07764209
33232,0.03685041
33233,0.020879496
33234,0.25072578
33235,0.053819
33236,0.012359499
33237,0.0119308205
33238,0.09541315
33239,0.11730931
33240,0.025897527
33241,0.021658009
33242,0.044091202
33243,0.051406614
33244,0.22484191
33245,0.06461376
33246,0.028675303
33247,0.06459259
33248,0.09027939
33249,0.080607526
33250,0.2432376
33251,0.08221363
33252,0.17173372
33253,0.07588367
33254,0.021888766
33255,0.027972506
33256,0.042603523
33257,0.08602341
33258,0.050332606
33259,0.19372188
33260,0.0060537504
33261,0.15173298
33262,0.010772503
33263,0.06385826
33264,0.108055614
33265,0.26195854
33266,0.47148913
33267,0.10072505
33268,0.11649361
33269,0.056678638
33270,0.08322388
33271,0.04853045
33272,0.050226726
33273,0.088035464
33274,0.11131202
33275,0.16959547
33276,0.9157705
33277,0.08249066
33278,0.095559426
33279,0.068573244
33280,0.06686529
33281,0.031529207
33282,0.16817887
33283,0.37424415
33284,0.0761233
33285,0.14316277
33286,0.02797006
33287,0.012908551
33288,0.065707736
33289,0.010164203
33290,0.13382636
33291,0.01670199
33292,0.03827468
33293,0.04371905
33294,0.08152
33295,0.05885428
33296,0.04909784
33297,0.23061968
33298,0.07450371
33299,0.097413585
33300,0.036979314
33301,0.044248138
33302,0.06390719
33303,0.086923786
33304,0.03295695
33305,0.024404602
33306,0.088231325
33307,0.61675084
33308,0.06233741
33309,0.10485924
33310,0.03178623
33311,0.03797386
33312,0.027575059
33313,0.09838694
33314,0.0002390929
33315,0.02104469
33316,0.24149825
33317,0.015221244
33318,0.045684107
33319,0.008582991
33320,0.06867842
33321,0.17750588
33322,0.046156127
33323,0.08924623
33324,0.031060694
33325,0.033397324
33326,0.010431529
33327,0.22781721
33328,0.03182028
33329,0.02623399
33330,0.002664863
33331,0.025199542
33332,0.088027395
33333,0.0
33334,0.026206259
33335,0.11789585
33336,0.041181084
33337,0.011190762
33338,0.07303169
33339,0.19859436
33340,0.104540296
33341,0.068869315
33342,0.043423846
33343,0.014960335
33344,0.048754275
33345,0.007502727
33346,0.08488011
33347,0.18699099
33348,0.10970516
33349,0.012185612
33350,0.0
33351,0.082461
33352,0.014023731
33353,0.035993837
33354,0.05323293
33355,0.10328202
33356,0.08526368
33357,0.116205715
33358,0.16007593
33359,0.19455689
33360,0.026207095
33361,0.0
33362,0.069959864
33363,0.0
33364,0.026551092
33365,0.03576742
33366,0.033328597
33367,0.027232148
33368,0.07843998
33369,0.01908547
33370,0.043698765
33371,0.009868104
33372,0.054572135
33373,0.0477962
33374,0.018048072
33375,0.032328114
33376,0.10499944
33377,0.10620703
33378,0.059722416
33379,0.09362376
33380,0.06334276
33381,0.04986372
33382,0.13551907
33383,0.08646766
33384,0.066211246
33385,0.04490315
33386,0.25508097
33387,0.10265205
33388,0.09588332
33389,0.09848337
33390,0.039344184
33391,0.07028438
33392,0.04037426
33393,0.036932092
33394,0.07058257
33395,0.050453648
33396,0.10223471
33397,0.15578163
33398,0.040123936
33399,0.08523395
33400,0.04763193
33401,0.047710307
33402,0.0
33403,0.021564253
33404,0.0267346
33405,0.039697386
33406,0.04695801
33407,0.015000819
33408,0.07113537
33409,0.08584356
33410,0.20294772
33411,0.027725488
33412,0.03391093
33413,0.04767948
33414,0.08330998
33415,0.053569563
33416,0.023974802
33417,0.07479982
33418,0.05115254
33419,0.031411
33420,0.075687446
33421,0.1969588
33422,0.16850597
33423,0.03440894
33424,0.13692483
33425,0.047373552
33426,0.030808821
33427,0.043432172
33428,0.014145769
33429,0.008718758
33430,0.035790756
33431,0.03577178
33432,0.010138895
33433,0.006653469
33434,0.029650686
33435,0.05332126
33436,0.053827416
33437,0.12469022
33438,0.057702165
33439,0.049936324
33440,0.18235086
33441,0.0778213
33442,0.13068499
33443,0.08243547
33444,0.19747913
33445,0.18884581
33446,0.07483053
33447,0.24551262
33448,0.12087067
33449,0.31636587
33450,0.18960711
33451,0.13175592
33452,0.13229613
33453,0.05549731
33454,0.20647433
33455,0.62235373
33456,0.22258006
33457,0.13041203
33458,0.12920494
33459,0.23462212
33460,0.12602419
33461,0.057622608
33462,0.14100876
33463,0.14591908
33464,0.087459385
33465,0.0988854
33466,0.1671022
33467,0.22402473
33468,0.4257428
33469,0.44296688
33470,0.11605005
33471,0.17238964
33472,0.19731426
33473,0.24132983
33474,0.14967759
33475,0.09964545
33476,0.14240049
33477,0.18679968
33478,0.12063899
33479,0.33327326
33480,0.2285761
33481,0.24390757
33482,0.43584403
33483,0.21775824
33484,0.4410338
33485,0.21458377
33486,0.38858214
33487,0.15503302
33488,0.13481423
33489,0.13221344
33490,0.1565776
33491,0.03568873
33492,0.09571927
33493,0.12541887
33494,0.10598503
33495,0.044639252
33496,0.06640135
33497,0.10682767
33498,0.25287527
33499,0.07510821
33500,0.06209921
33501,0.10348972
33502,0.06992951
33503,0.09541426
33504,0.039136596
33505,0.03072849
33506,0.029236482
33507,0.06348506
33508,0.19569796
33509,0.061420944
33510,0.19599739
33511,0.07960198
33512,0.08801871
33513,0.06949611
33514,0.36693615
33515,0.22131102
33516,0.15944768
33517,0.368523
33518,0.4021387
33519,0.11682917
33520,0.19204977
33521,0.1752705
33522,0.13734333
33523,0.1078018
33524,0.09373071
33525,0.13142279
33526,0.09312325
33527,0.13320184
33528,0.11953564
33529,0.2521225
33530,0.329415
33531,0.08277218
33532,0.10877823
33533,0.07239882
33534,0.04436418
33535,0.06421684
33536,0.22767387
33537,0.13626999
33538,0.11534819
33539,0.06301135
33540,0.20409404
33541,0.42344958
33542,0.123203374
33543,0.0630424
33544,0.0860863
33545,0.1311166
33546,0.12047783
33547,0.075288035
33548,0.13434356
33549,0.1956395
33550,0.12928511
33551,0.19257438
33552,0.15701504
33553,0.05780746
33554,0.020770995
33555,0.017555788
33556,0.034539208
33557,0.07477093
33558,0.040277306
33559,0.1281579
33560,0.013768486
33561,0.03798333
33562,0.054356307
33563,0.01954554
33564,0.017914962
33565,0.05912879
33566,0.08020458
33567,0.025214894
33568,0.065893225
33569,0.25353438
33570,0.26067805
33571,0.056502137
33572,0.08220131
33573,0.0397854
33574,0.10172477
33575,0.04839819
33576,0.06582061
33577,0.017985009
33578,0.0589305
33579,0.02731864
33580,0.15893129
33581,0.013197157
33582,0.009244035
33583,0.027752174
33584,0.0
33585,0.044427276
33586,0.047409523
33587,0.16425769
33588,0.09925116
33589,0.11022965
33590,0.08147806
33591,0.03632623
33592,0.018587088
33593,0.08039092
33594,0.07678547
33595,0.10871537
33596,0.063534826
33597,0.43201953
33598,0.117804065
33599,0.053620227
33600,0.11002882
33601,0.032167744
33602,0.02953253
33603,0.02597447
33604,0.052705754
33605,0.03565358
33606,0.061513506
33607,0.016440118
33608,0.013417147
33609,0.07357409
33610,0.035986032
33611,0.06403
33612,0.048549544
33613,0.14403646
33614,0.12185897
33615,0.23255967
33616,0.0939005
33617,0.031966146
33618,0.07912428
33619,0.0495668
33620,0.08115242
33621,0.016407922
33622,0.078386255
33623,0.07676862
33624,0.14855476
33625,0.06568154
33626,0.14553566
33627,0.062700495
33628,0.018759562
33629,0.009712706
33630,0.032144085
33631,0.113999024
33632,0.057464473
33633,0.075026534
33634,0.04170604
33635,0.003228917
33636,0.010907725
33637,0.031449895
33638,0.040580243
33639,0.0546044
33640,0.08971442
33641,0.13323891
33642,0.14863613
33643,0.11231613
33644,0.14271738
33645,0.010221882
33646,0.08119689
33647,0.043809716
33648,0.085447356
33649,0.041940868
33650,0.09916438
33651,0.064503245
33652,0.089524075
33653,0.03856817
33654,0.033450615
33655,0.057734735
33656,0.047620114
33657,0.04852284
33658,0.036354017
33659,0.05462727
33660,0.0054082605
33661,0.037718955
33662,0.08309388
33663,0.046825767
33664,0.0999026
33665,0.4215938
33666,0.088266015
33667,0.100941524
33668,0.087362826
33669,0.06831535
33670,0.07217724
33671,0.10846202
33672,0.0898896
33673,0.00244025
33674,0.010315601
33675,0.03578784
33676,0.26737198
33677,0.06781247
33678,0.0843347
33679,0.038733553
33680,0.056986775
33681,0.02348126
33682,0.042583074
33683,0.027670337
33684,0.041551933
33685,0.22092837
33686,0.0636017
33687,0.057105318
33688,0.10150172
33689,0.5773851
33690,0.10101526
33691,0.03817031
33692,0.14448164
33693,0.07751817
33694,0.20034467
33695,0.25170037
33696,0.12081046
33697,0.06560512
33698,0.09278831
33699,0.15293577
33700,0.170279
33701,0.06613218
33702,0.16454487
33703,0.079823114
33704,0.14455639
33705,0.0058659897
33706,0.049302887
33707,0.048219386
33708,0.008132558
33709,0.09028664
33710,0.17680109
33711,0.123399094
33712,0.07114958
33713,0.06202708
33714,0.097900376
33715,0.15540582
33716,0.20634119
33717,0.09357147
33718,0.05186791
33719,0.046095178
33720,0.07303247
33721,0.44455326
33722,0.037600473
33723,0.16905755
33724,0.24563529
33725,0.13541424
33726,0.06894929
33727,0.0
33728,0.0
33729,0.029534066
33730,0.053154327
33731,0.13679218
33732,0.13512088
33733,0.12186327
33734,0.07902818
33735,0.14647369
33736,0.1608409
33737,0.123760544
33738,0.18827346
33739,0.24052826
33740,0.11551174
33741,0.04614324
33742,0.09895739
33743,0.11061969
33744,0.23111406
33745,0.6996151
33746,0.026029017
33747,0.21493843
33748,0.018106613
33749,0.091901846
33750,0.24804024
33751,0.0030821832
33752,0.032204732
33753,0.064141184
33754,0.09951865
33755,0.03443392
33756,0.06398255
33757,0.30596656
33758,0.06372394
33759,0.10718969
33760,0.22975656
33761,0.15898314
33762,0.22524439
33763,0.2760539
33764,0.24623884
33765,0.03760092
33766,0.17380993
33767,0.12366676
33768,0.15281892
33769,0.71391857
33770,0.3290238
33771,0.36743993
33772,0.024757551
33773,0.15371928
33774,0.11437845
33775,0.07028176
33776,0.043700386
33777,0.026013298
33778,0.089993805
33779,0.030888574
33780,0.02331636
33781,0.05791541
33782,0.091966726
33783,0.12570442
33784,0.15577005
33785,0.1354723
33786,0.11951712
33787,0.19273432
33788,0.16753277
33789,0.11077505
33790,0.19375598
33791,0.04672693
33792,0.09661167
33793,0.77225035
33794,0.7537213
33795,0.50390166
33796,0.042035032
33797,0.15932217
33798,0.3472156
33799,0.11629847
33800,0.07537281
33801,0.026872354
33802,0.06765536
33803,0.09367185
33804,0.06808669
33805,0.027151586
33806,0.21126764
33807,0.07056857
33808,0.044388395
33809,0.12716141
33810,0.14934316
33811,0.085788205
33812,0.070480876
33813,0.18057168
33814,0.1288603
33815,0.03675427
33816,0.112708054
33817,0.11419178
33818,0.10677811
33819,0.774282
33820,0.7457893
33821,0.49889776
33822,0.05275696
33823,0.046618275
33824,0.2979672
33825,0.13392113
33826,0.22055176
33827,0.0676749
33828,0.093812965
33829,0.04493853
33830,0.10310599
33831,0.13481791
33832,0.15583672
33833,0.18231475
33834,0.3481963
33835,0.34863034
33836,0.15522091
33837,0.16397241
33838,0.14281964
33839,0.08913903
33840,0.13678317
33841,0.10188636
33842,0.09526189
33843,0.0539021
33844,0.1421332
33845,0.14442253
33846,0.096085265
33847,0.11572529
33848,0.06606889
33849,0.7707355
33850,1.0
33851,0.7985615
33852,0.100652136
33853,0.07693697
33854,0.13387915
33855,0.30047032
33856,0.0744684
33857,0.008174572
33858,0.006392046
33859,0.06987502
33860,0.040005352
33861,0.19454417
33862,0.62872875
33863,0.06437565
33864,0.09920597
33865,0.109248415
33866,0.14286739
33867,0.068032615
33868,0.15042281
33869,0.12569399
33870,0.03603633
33871,0.07931753
33872,0.084596016
33873,0.093218885
33874,0.045234192
33875,0.055846117
33876,0.34660536
33877,0.27610266
33878,0.21179561
33879,0.07498479
33880,0.034457855
33881,0.079316966
33882,0.059586257
33883,0.23309731
33884,0.05918406
33885,0.052221335
33886,0.021430876
33887,0.010843069
33888,0.022267872
33889,0.024042947
33890,0.14074335
33891,0.4784298
33892,0.19180065
33893,0.16789389
33894,0.12960595
33895,0.15316895
33896,0.13580342
33897,0.39188358
33898,0.096208565
33899,0.02338962
33900,0.01932441
33901,0.014058375
33902,0.12144448
33903,0.14006229
33904,0.1269034
33905,0.34118918
33906,0.22654408
33907,0.18643442
33908,0.9050636
33909,0.13737053
33910,0.0
33911,0.10016486
33912,0.19386809
33913,0.045038857
33914,0.04372497
33915,0.2729313
33916,0.042226546
33917,0.029129626
33918,0.020043556
33919,0.03507098
33920,0.102345124
33921,0.2586887
33922,0.21016514
33923,0.28331912
33924,0.24588843
33925,0.13517576
33926,0.1363312
33927,0.24206102
33928,0.020519484
33929,0.012960172
33930,0.12068575
33931,0.07307775
33932,0.05039623
33933,0.28026614
33934,0.26173747
33935,0.06864116
33936,0.37028468
33937,0.21143685
33938,0.074580684
33939,0.09212882
33940,0.12071084
33941,0.05563725
33942,0.005093414
33943,0.013597834
33944,0.03381395
33945,0.057924874
33946,0.05880921
33947,0.15284522
33948,0.22250435
33949,0.58672994
33950,0.2621618
33951,0.18903835
33952,0.35984468
33953,0.11588672
33954,0.040487166
33955,0.05315281
33956,0.11053176
33957,0.19606479
33958,0.12010076
33959,0.025139604
33960,0.05204107
33961,0.1135094
33962,0.036517285
33963,0.06484068
33964,0.022147782
33965,0.006106106
33966,0.0
33967,0.008758392
33968,0.038802315
33969,0.060838584
33970,0.05360403
33971,0.074499466
33972,0.22624247
33973,0.16685791
33974,0.11928228
33975,0.492819
33976,0.42911002
33977,0.24954076
33978,0.15218858
33979,0.034561425
33980,0.029610263
33981,0.056453343
33982,0.12426571
33983,0.037193764
33984,0.62203795
33985,0.03135068
33986,0.009629253
33987,0.0711709
33988,0.04836838
33989,0.15671103
33990,0.058349293
33991,0.05904256
33992,0.023705257
33993,0.03473282
33994,0.02783157
33995,0.03580154
33996,0.08992972
33997,0.102140054
33998,0.42130646
33999,0.23862591
34000,0.14436986
34001,0.7016635
34002,0.26632005
34003,0.33138683
34004,0.18601601
34005,0.036388736
34006,0.03894341
34007,0.047323093
34008,0.0842938
34009,0.10580546
34010,0.056464635
34011,0.074314125
34012,0.29666042
34013,0.082081705
34014,0.23427339
34015,0.03245181
34016,0.1487852
34017,0.15056783
34018,0.14590944
34019,0.18058053
34020,0.049019
34021,0.059520144
34022,0.066935934
34023,0.1600437
34024,0.6504181
34025,0.20582478
34026,0.4138664
34027,0.22139402
34028,0.25533798
34029,0.18645242
34030,0.16042164
34031,0.061107576
34032,0.027492268
34033,0.059915382
34034,0.06517079
34035,0.109651834
34036,0.0603986
34037,0.15281852
34038,0.13969477
34039,0.08388502
34040,0.2400858
34041,0.039738826
34042,0.13756149
34043,0.2376968
34044,0.06673183
34045,0.0
34046,0.0
34047,0.06842221
34048,0.15912773
34049,0.012065783
34050,0.11839232
34051,0.13882567
34052,0.053908337
34053,0.1084348
34054,0.01516764
34055,0.06876482
34056,0.077080935
34057,0.06919231
34058,0.11380009
34059,0.0931452
34060,0.034473915
34061,0.0
34062,0.094606794
34063,0.0
34064,0.07682544
34065,0.029990925
34066,0.10486245
34067,0.08320632
34068,0.048041604
34069,0.080092005
34070,0.17827328
34071,0.24314764
34072,0.39834338
34073,0.1399014
34074,0.025906898
34075,0.032868557
34076,0.045811187
34077,0.077579685
34078,0.07357512
34079,0.07668011
34080,0.15141319
34081,0.0063286955
34082,0.04222188
34083,0.019276565
34084,0.08125676
34085,0.0514383
34086,0.02724183
34087,0.036165264
34088,0.07528867
34089,0.083926626
34090,0.27972066
34091,0.028821537
34092,0.034345046
34093,0.076192684
34094,0.0884665
34095,0.10748294
34096,0.29068926
34097,0.15493648
34098,0.13830237
34099,0.065853246
34100,0.08325818
34101,0.05122783
34102,0.15425697
34103,0.15571405
34104,0.083354354
34105,0.012079576
34106,0.017629435
34107,0.04465895
34108,0.027010476
34109,0.26666433
34110,0.06914857
34111,0.01979322
34112,0.008415542
34113,0.086319394
34114,0.09213781
34115,0.027682964
34116,0.009839179
34117,0.045687076
34118,0.05373631
34119,0.22668397
34120,0.060888603
34121,0.017122552
34122,0.04954137
34123,0.073655866
34124,0.06992491
34125,0.22116555
34126,0.057010353
34127,0.16156691
34128,0.060921654
34129,0.00922325
34130,0.019901851
34131,0.032855287
34132,0.08608305
34133,0.04978302
34134,0.1834511
34135,0.12676445
34136,0.019770185
34137,0.067277476
34138,0.09539707
34139,0.02043406
34140,0.27606738
34141,0.48633185
34142,0.11508011
34143,0.12528144
34144,0.06341188
34145,0.08200211
34146,0.04385482
34147,0.051048253
34148,0.08899569
34149,0.10877374
34150,0.16548498
34151,0.91760087
34152,0.07293153
34153,0.08286904
34154,0.040829167
34155,0.06612418
34156,0.06671271
34157,0.035971507
34158,0.18075152
34159,0.38620767
34160,0.07960019
34161,0.14540495
34162,0.031229435
34163,0.053252183
34164,0.014035238
34165,0.121619664
34166,0.031452164
34167,0.05283534
34168,0.05852587
34169,0.09075962
34170,0.066039294
34171,0.022641864
34172,0.04487401
34173,0.025922518
34174,0.22696096
34175,0.07678588
34176,0.08830626
34177,0.024740744
34178,0.04704602
34179,0.061909974
34180,0.08722303
34181,0.10125573
34182,0.6291659
34183,0.06626616
34184,0.10755315
34185,0.03630554
34186,0.025970068
34187,0.02787472
34188,0.08260886
34189,0.018619284
34190,0.2532207
34191,0.026456714
34192,0.0042416723
34193,0.06738922
34194,0.16482715
34195,0.03034614
34196,0.08367763
34197,0.027788548
34198,0.034720074
34199,0.09261102
34200,0.23666106
34201,0.032177605
34202,0.025356514
34203,0.009624458
34204,0.0
34205,0.077042304
34206,0.0008582363
34207,0.028573766
34208,0.13441207
34209,0.057209495
34210,0.004883711
34211,0.076535486
34212,0.19070865
34213,0.09352336
34214,0.0728888
34215,0.042648163
34216,0.016481178
34217,0.05486997
34218,0.011940864
34219,0.09912615
34220,0.20062788
34221,0.114855506
34222,0.012132074
34223,0.019392587
34224,0.03579542
34225,0.02520279
34226,0.006746836
34227,0.018406656
34228,0.014598923
34229,0.04607709
34230,0.08473668
34231,0.06358706
34232,0.10956555
34233,0.007553701
34234,0.16366233
34235,0.18904763
34236,0.005646442
34237,0.0055007674
34238,0.03574489
34239,0.013660574
34240,0.0030328631
34241,0.039640166
34242,0.03797268
34243,0.011073897
34244,0.011979223
34245,0.02414744
34246,0.06083454
34247,0.014017875
34248,0.043226022
34249,0.007717803
34250,0.04635804
34251,0.0153751215
34252,0.01826569
34253,0.07485925
34254,0.10302374
34255,0.042934887
34256,0.09025097
34257,0.04463937
34258,0.11986782
34259,0.017429782
34260,0.039157104
34261,0.03018624
34262,0.25017172
34263,0.097133785
34264,0.08187856
34265,0.083243795
34266,0.025121903
34267,0.066563986
34268,0.02304965
34269,0.03302216
34270,0.06691884
34271,0.041222695
34272,0.08299417
34273,0.13959314
34274,0.0287932
34275,0.024869865
34276,0.079787776
34277,0.033090048
34278,0.031933613
34279,0.011196136
34280,0.04072923
34281,0.053330846
34282,0.06609929
34283,0.08731345
34284,0.022729916
34285,0.2151599
34286,0.035792578
34287,0.03486348
34288,0.059121173
34289,0.0066058957
34290,0.05688193
34291,0.02679956
34292,0.07000284
34293,0.026353901
34294,0.0384005
34295,0.012461182
34296,0.020702245
34297,0.0616188
34298,0.18131807
34299,0.15880601
34300,0.025643395
34301,0.13796723
34302,0.022755435
34303,0.03414399
34304,0.006682992
34305,0.013594439
34306,0.04102705
34307,0.054817755
34308,0.025370825
34309,0.065528184
34310,0.10579826
34311,0.045877706
34312,0.15655014
34313,0.06931826
34314,0.10787984
34315,0.06669782
34316,0.17035155
34317,0.17887844
34318,0.072195366
34319,0.20175964
34320,0.09441546
34321,0.27560863
34322,0.10209486
34323,0.14452721
34324,0.103836395
34325,0.051533904
34326,0.111708805
34327,0.17461717
34328,0.59349185
34329,0.20078598
34330,0.1143883
34331,0.099416494
34332,0.2226905
34333,0.11236761
34334,0.048498407
34335,0.1005373
34336,0.09626629
34337,0.07604441
34338,0.08814329
34339,0.121625684
34340,0.19584592
34341,0.38326177
34342,0.40755352
34343,0.06924657
34344,0.14274642
34345,0.17176324
34346,0.2140538
34347,0.12019447
34348,0.08040761
34349,0.11736604
34350,0.1471981
34351,0.07215394
34352,0.30208567
34353,0.1830866
34354,0.20548545
34355,0.38603207
34356,0.18510641
34357,0.0916571
34358,0.41247427
34359,0.1574842
34360,0.35518548
34361,0.122541115
34362,0.11256781
34363,0.1041703
34364,0.12920746
34365,0.097416125
34366,0.11281361
34367,0.100447275
34368,0.027711553
34369,0.066633835
34370,0.09329559
34371,0.2572
34372,0.08135207
34373,0.07927449
34374,0.06941707
34375,0.09580676
34376,0.043977857
34377,0.019401355
34378,0.011597277
34379,0.063143484
34380,0.18105428
34381,0.05384473
34382,0.1770312
34383,0.07779603
34384,0.072448194
34385,0.07370153
34386,0.034562346
34387,0.04946268
34388,0.3421429
34389,0.1822159
34390,0.116030045
34391,0.34226567
34392,0.36211687
34393,0.17180368
34394,0.16415477
34395,0.08663816
34396,0.0817044
34397,0.110447064
34398,0.055644434
34399,0.09021494
34400,0.11599142
34401,0.09800272
34402,0.24774966
34403,0.31127778
34404,0.06306211
34405,0.08441087
34406,0.119547285
34407,0.068186164
34408,0.050396923
34409,0.22858284
34410,0.060498476
34411,0.13219593
34412,0.10275298
34413,0.046093617
34414,0.20433658
34415,0.40992758
34416,0.12357207
34417,0.07018447
34418,0.09234021
34419,0.14650089
34420,0.117419496
34421,0.13919485
34422,0.20116374
34423,0.13617629
34424,0.19311565
34425,0.15765028
34426,0.05208522
34427,0.03562242
34428,0.068414055
34429,0.023353413
34430,0.016012665
34431,0.036642905
34432,0.09044849
34433,0.0381995
34434,0.1286515
34435,0.005378553
34436,0.046891134
34437,0.048961967
34438,0.021218672
34439,0.008198119
34440,0.066572145
34441,0.073883384
34442,0.03278446
34443,0.08023609
34444,0.2669891
34445,0.28326318
34446,0.06064462
34447,0.06519695
34448,0.046483837
34449,0.10932815
34450,0.066247076
34451,0.07854564
34452,0.03207704
34453,0.060517527
34454,0.06676661
34455,0.16123925
34456,0.016060809
34457,0.030137097
34458,0.008531816
34459,0.06038616
34460,0.04561295
34461,0.16503252
34462,0.091142446
34463,0.11941863
34464,0.07636493
34465,0.03828061
34466,0.009151476
34467,0.088115536
34468,0.07074552
34469,0.1233395
34470,0.077270806
34471,0.45488596
34472,0.1222278
34473,0.036897164
34474,0.11791345
34475,0.050297797
34476,0.041865915
34477,0.038980737
34478,0.06072904
34479,0.04377094
34480,0.07860893
34481,0.019029357
34482,0.022014013
34483,0.009561907
34484,0.004301811
34485,0.06810558
34486,0.072135344
34487,0.038899496
34488,0.13695784
34489,0.105896786
34490,0.23389521
34491,0.080933906
34492,0.026067082
34493,0.061835136
34494,0.049437933
34495,0.06725899
34496,0.010261372
34497,0.023611324
34498,0.08515692
34499,0.08265114
34500,0.16356762
34501,0.062251795
34502,0.120959155
34503,0.04401857
34504,0.06273166
34505,0.029036175
34506,0.014192631
34507,0.120518826
34508,0.057728365
34509,0.084268406
34510,0.036441788
34511,0.0027236012
34512,0.006276875
34513,0.030465841
34514,0.05172644
34515,0.06719433
34516,0.084548876
34517,0.13064474
34518,0.1371584
34519,0.11813611
34520,0.13423525
34521,0.008807263
34522,0.068392284
34523,0.04816533
34524,0.076038435
34525,0.053196017
34526,0.10953139
34527,0.06943199
34528,0.04217885
34529,0.048211686
34530,0.06669917
34531,0.058624383
34532,0.05008039
34533,0.01585875
34534,0.05250876
34535,0.0
34536,0.035121698
34537,0.09262687
34538,0.057802435
34539,0.09312386
34540,0.4173864
34541,0.075175144
34542,0.105148345
34543,0.077267535
34544,0.065287575
34545,0.05775945
34546,0.11120448
34547,0.078867495
34548,0.013184202
34549,0.24566668
34550,0.06980999
34551,0.08723717
34552,0.051881433
34553,0.06433798
34554,0.03287233
34555,0.04571824
34556,0.022497088
34557,0.03225321
34558,0.21527639
34559,0.07008
34560,0.06502732
34561,0.09166829
34562,0.5701233
34563,0.08486968
34564,0.03932245
34565,0.13133162
34566,0.07143568
34567,0.18287213
34568,0.2513881
34569,0.10673365
34570,0.034202892
34571,0.072192386
34572,0.08917519
34573,0.12817569
34574,0.16922176
34575,0.06597996
34576,0.17463791
34577,0.084119655
34578,0.14454275
34579,0.053598966
34580,0.06464572
34581,0.026002571
34582,0.09040122
34583,0.17948717
34584,0.11720153
34585,0.0822497
34586,0.058825098
34587,0.10176589
34588,0.14788143
34589,0.21597703
34590,0.08944266
34591,0.068403214
34592,0.061742306
34593,0.057398964
34594,0.07936735
34595,0.42974138
34596,0.046491306
34597,0.17885336
34598,0.2656767
34599,0.14965877
34600,0.078883715
34601,0.008450034
34602,0.0
34603,0.019524902
34604,0.046791956
34605,0.14256006
34606,0.14233246
34607,0.11389088
34608,0.06217222
34609,0.14691547
34610,0.14698052
34611,0.116967686
34612,0.17009059
34613,0.23950562
34614,0.10072453
34615,0.05202006
34616,0.10394612
34617,0.12473862
34618,0.22679056
34619,0.6741449
34620,0.03541177
34621,0.21852449
34622,0.022365648
34623,0.09117787
34624,0.24741028
34625,0.0
34626,0.028150883
34627,0.055961777
34628,0.09498608
34629,0.042031545
34630,0.07302384
34631,0.29982367
34632,0.048697647
34633,0.10946117
34634,0.21772593
34635,0.15401994
34636,0.20889123
34637,0.27686086
34638,0.23328139
34639,0.17474318
34640,0.13137336
34641,0.15963733
34642,0.72986776
34643,0.32652968
34644,0.34379923
34645,0.035970047
34646,0.15913507
34647,0.11548423
34648,0.07148161
34649,0.0538782
34650,0.09861186
34651,0.053080514
34652,0.02775284
34653,0.06492339
34654,0.090091124
34655,0.14112651
34656,0.15689003
34657,0.1436598
34658,0.1163146
34659,0.20669198
34660,0.16772594
34661,0.07002717
34662,0.1320652
34663,0.20783988
34664,0.067584164
34665,0.11658076
34666,0.80135006
34667,0.7643783
34668,0.49341175
34669,0.17357853
34670,0.36156595
34671,0.139627
34672,0.059488352
34673,0.08474558
34674,0.033495434
34675,0.07015285
34676,0.099816196
34677,0.08636123
34678,0.04686983
34679,0.21323049
34680,0.075102866
34681,0.040039096
34682,0.14010988
34683,0.14798947
34684,0.091501966
34685,0.064804636
34686,0.19205567
34687,0.12657979
34688,0.050605383
34689,0.13152426
34690,0.12580188
34691,0.12516162
34692,0.8009081
34693,0.75397265
34694,0.48593402
34695,0.017784247
34696,0.067704245
34697,0.0746464
34698,0.06271099
34699,0.04334293
34700,0.30974978
34701,0.14579785
34702,0.24140644
34703,0.074023485
34704,0.100712016
34705,0.102957666
34706,0.13831654
34707,0.17146556
34708,0.19938737
34709,0.34751338
34710,0.3505188
34711,0.14822587
34712,0.17427512
34713,0.13882023
34714,0.09220697
34715,0.12846126
34716,0.11072456
34717,0.090335496
34718,0.06683247
34719,0.15333867
34720,0.16059309
34721,0.10504968
34722,0.13146316
34723,0.080918446
34724,0.7947161
34725,1.0
34726,0.78295237
34727,0.10874533
34728,0.08593517
34729,0.15312281
34730,0.050090715
34731,0.30960724
34732,0.08369932
34733,0.0
34734,0.0
34735,0.026072763
34736,0.073180445
34737,0.04475449
34738,0.18153794
34739,0.618294
34740,0.045057286
34741,0.09718523
34742,0.092925556
34743,0.13361213
34744,0.04738728
34745,0.14693771
34746,0.10844431
34747,0.07819956
34748,0.08844315
34749,0.08985994
34750,0.048648592
34751,0.0583724
34752,0.35826203
34753,0.26931646
34754,0.18386279
34755,0.07075475
34756,0.031132765
34757,0.086237274
34758,0.062749855
34759,0.22991093
34760,0.05609173
34761,0.058106996
34762,0.02518579
34763,0.014119204
34764,0.03767428
34765,0.04089304
34766,0.13983795
34767,0.4800959
34768,0.18458308
34769,0.17797406
34770,0.12538399
34771,0.15601444
34772,0.12725896
34773,0.40049952
34774,0.091059886
34775,0.036097657
34776,0.030307397
34777,0.030006448
34778,0.13018644
34779,0.1555776
34780,0.14153047
34781,0.36494687
34782,0.23185898
34783,0.17060238
34784,0.9129342
34785,0.14614625
34786,0.010708036
34787,0.11542941
34788,0.20278253
34789,0.05404745
34790,0.061711635
34791,0.30223456
34792,0.04055094
34793,0.0311008
34794,0.034145012
34795,0.0506161
34796,0.10013481
34797,0.25904974
34798,0.20164259
34799,0.29209417
34800,0.2403615
34801,0.13671629
34802,0.12648176
34803,0.24937183
34804,0.022638138
34805,0.1353287
34806,0.08051479
34807,0.064606614
34808,0.29358828
34809,0.28419003
34810,0.07265116
34811,0.3768507
34812,0.21890761
34813,0.0
34814,0.08717322
34815,0.106088355
34816,0.12832032
34817,0.06334085
34818,0.030248433
34819,0.0
34820,0.0
34821,0.011854763
34822,0.04420116
34823,0.06975571
34824,0.052884635
34825,0.14949206
34826,0.2102676
34827,0.59179085
34828,0.2529206
34829,0.18686467
34830,0.34628102
34831,0.11948333
34832,0.0047283676
34833,0.05141605
34834,0.056875605
34835,0.12102792
34836,0.2056727
34837,0.13883887
34838,0.025435347
34839,0.05489274
34840,0.11726606
34841,0.045395568
34842,0.07508598
34843,0.03511518
34844,0.043515045
34845,0.07768156
34846,0.07189067
34847,0.07503067
34848,0.22934514
34849,0.16107701
34850,0.13079919
34851,0.49003354
34852,0.43339226
34853,0.24243286
34854,0.162241
34855,0.05194611
34856,0.039788883
34857,0.07340524
34858,0.14032935
34859,0.046501234
34860,0.63224995
34861,0.05180855
34862,0.024290415
34863,0.08650497
34864,0.06506942
34865,0.16706213
34866,0.06879444
34867,0.078465715
34868,0.028622316
34869,0.040200293
34870,0.047032908
34871,0.10260477
34872,0.097059704
34873,0.41879746
34874,0.22723342
34875,0.1502751
34876,0.6932665
34877,0.26499063
34878,0.3186674
34879,0.19045685
34880,0.04816181
34881,0.043510415
34882,0.058663424
34883,0.094746
34884,0.1253879
34885,0.060160507
34886,0.078914985
34887,0.31150684
34888,0.09113132
34889,0.24399589
34890,0.043541268
34891,0.15352474
34892,0.15540136
34893,0.15972099
34894,0.17988594
34895,0.04887484
34896,0.050053474
34897,0.07104323
34898,0.14639552
34899,0.6393413
34900,0.18586439
34901,0.41120374
34902,0.20442925
34903,0.24544062
34904,0.16516517
34905,0.15629458
34906,0.030264823
34907,0.061799828
34908,0.057742946
34909,0.08107721
34910,0.055526737
34911,0.14885142
34912,0.14597304
34913,0.08436691
34914,0.2412404
34915,0.04226051
34916,0.13373314
34917,0.24294046
34918,0.057469487
34919,0.003383614
34920,0.07003207
34921,0.16330893
34922,0.007363487
34923,0.11668563
34924,0.1441864
34925,0.0478791
34926,0.11956586
34927,0.026424818
34928,0.08679539
34929,0.094223365
34930,0.095465116
34931,0.121630274
34932,0.10353132
34933,0.045764938
34934,0.0051185233
34935,0.111019515
34936,0.011053766
34937,0.09732725
34938,0.045989107
34939,0.041223805
34940,0.098339945
34941,0.07925525
34942,0.035206977
34943,0.07025293
34944,0.17550156
34945,0.22898597
34946,0.40134212
34947,0.12913547
34948,0.014911801
34949,0.04276674
34950,0.054821216
34951,0.0957201
34952,0.07327291
34953,0.07893385
34954,0.15457176
34955,0.013936114
34956,0.05050222
34957,0.028923856
34958,0.0845541
34959,0.05482972
34960,0.039611265
34961,0.03402853
34962,0.010149495
34963,0.08436519
34964,0.07524775
34965,0.27361327
34966,0.013830507
34967,0.036651738
34968,0.064197265
34969,0.083538584
34970,0.09116509
34971,0.29153177
34972,0.1420143
34973,0.14604421
34974,0.09924225
34975,0.13065153
34976,0.15581138
34977,0.084356695
34978,0.0233273
34979,0.050782897
34980,0.2678055
34981,0.070383646
34982,0.03099951
34983,0.050749555
34984,0.013751809
34985,0.073900245
34986,0.08229012
34987,0.008951672
34988,0.008405582
34989,0.029951354
34990,0.045068093
34991,0.2066257
34992,0.0579906
34993,0.0
34994,0.021124113
34995,0.052654725
34996,0.085899614
34997,0.06372605
34998,0.19381978
34999,0.05336739
35000,0.15882885
35001,0.06842908
35002,0.0109340325
35003,0.022285521
35004,0.036605913
35005,0.08348373
35006,0.047277775
35007,0.17541768
35008,0.00672195
35009,0.14455378
35010,0.033694293
35011,0.06344611
35012,0.09413717
35013,0.26891953
35014,0.48625168
35015,0.10360963
35016,0.13097125
35017,0.05533715
35018,0.09005906
35019,0.056876842
35020,0.056864247
35021,0.101585016
35022,0.12047493
35023,0.18631648
35024,0.91998965
35025,0.0541736
35026,0.08781392
35027,0.08221941
35028,0.07701131
35029,0.046943016
35030,0.18674003
35031,0.39229044
35032,0.09466076
35033,0.14595936
35034,0.03233434
35035,0.07962927
35036,0.008703765
35037,0.11885962
35038,0.019808562
35039,0.04418731
35040,0.045555357
35041,0.09494932
35042,0.056464437
35043,0.029198727
35044,0.056395974
35045,0.03701181
35046,0.24629226
35047,0.06804827
35048,0.028185483
35049,0.051395733
35050,0.07650507
35051,0.096021526
35052,0.1057441
35053,0.6337488
35054,0.07982662
35055,0.10660744
35056,0.05085919
35057,0.05084704
35058,0.02299784
35059,0.08030344
35060,0.00022892906
35061,0.024727957
35062,0.25209507
35063,0.013940818
35064,0.011253117
35065,0.01142373
35066,0.025428208
35067,0.06873264
35068,0.14502372
35069,0.03424549
35070,0.09872733
35071,0.03704163
35072,0.044646036
35073,0.097553976
35074,0.24169809
35075,0.04619264
35076,0.02486543
35077,0.0028640484
35078,0.0
35079,0.076386124
35080,0.0
35081,0.036331706
35082,0.13493527
35083,0.046342827
35084,0.02456663
35085,0.079528145
35086,0.17255446
35087,0.099071965
35088,0.07934235
35089,0.059347153
35090,0.027383499
35091,0.066445254
35092,0.024883058
35093,0.10571835
35094,0.20731412
35095,0.13051975
35096,0.062088247
35097,0.021416914
35098,0.0123666525
35099,0.010454039
35100,0.044017106
35101,0.037516676
35102,0.022300765
35103,0.026754502
35104,0.029720163
35105,0.050997876
35106,0.06851066
35107,0.07106385
35108,0.11794726
35109,0.022424024
35110,0.17218268
35111,0.046498615
35112,0.20664003
35113,0.013534952
35114,0.027620617
35115,0.0456073
35116,0.0
35117,0.023077924
35118,0.0
35119,0.039810915
35120,0.042235613
35121,0.011665903
35122,0.01137082
35123,0.060260337
35124,0.01879739
35125,0.048678428
35126,0.014537198
35127,0.06269916
35128,0.055899523
35129,0.0
35130,0.00060156995
35131,0.07904747
35132,0.036256332
35133,0.06927029
35134,0.060600657
35135,0.038863573
35136,0.108424
35137,0.027151374
35138,0.013895628
35139,0.036295813
35140,0.028691946
35141,0.24232762
35142,0.0893836
35143,0.08310637
35144,0.069965445
35145,0.057175104
35146,0.030958448
35147,0.056203097
35148,0.047667105
35149,0.091805756
35150,0.14273663
35151,0.03971084
35152,0.040519275
35153,0.086530894
35154,0.048905183
35155,0.03329037
35156,0.057846103
35157,0.08315295
35158,0.09373402
35159,0.22517994
35160,0.04037852
35161,0.065272085
35162,0.041819487
35163,0.05678431
35164,0.015311987
35165,0.054682985
35166,0.036118716
35167,0.04644028
35168,0.025466066
35169,0.07330295
35170,0.20213224
35171,0.1611777
35172,0.03796465
35173,0.14393842
35174,0.034681216
35175,0.022719592
35176,0.03662828
35177,0.058113646
35178,0.045390457
35179,0.06897211
35180,0.022555724
35181,0.061512195
35182,0.038525768
35183,0.054201778
35184,0.11206239
35185,0.04702248
35186,0.07363902
35187,0.14882548
35188,0.059465807
35189,0.09932725
35190,0.05302593
35191,0.1671112
35192,0.17443724
35193,0.03958095
35194,0.080942474
35195,0.05147595
35196,0.22036263
35197,0.11089051
35198,0.29338345
35199,0.11475049
35200,0.16761453
35201,0.12572269
35202,0.14678337
35203,0.08714583
35204,0.050058782
35205,0.16234557
35206,0.07010003
35207,0.5803924
35208,0.18256709
35209,0.08445059
35210,0.21441612
35211,0.09434045
35212,0.0430592
35213,0.09742568
35214,0.113244325
35215,0.064137995
35216,0.07961927
35217,0.1112911
35218,0.18338345
35219,0.3720992
35220,0.3912717
35221,0.063396335
35222,0.13569534
35223,0.06464668
35224,0.16542588
35225,0.19796373
35226,0.05889275
35227,0.07062708
35228,0.10532061
35229,0.063545704
35230,0.10739669
35231,0.14836253
35232,0.06465771
35233,0.29246178
35234,0.17476253
35235,0.19204205
35236,0.38302037
35237,0.18089373
35238,0.40897545
35239,0.08210983
35240,0.15914814
35241,0.353662
35242,0.11050564
35243,0.09854432
35244,0.09703938
35245,0.125459
35246,0.085323274
35247,0.10202067
35248,0.08453501
35249,0.022230916
35250,0.059952267
35251,0.0806364
35252,0.25123218
35253,0.08445151
35254,0.07846959
35255,0.06542463
35256,0.08130253
35257,0.021340007
35258,0.001460746
35259,0.04604299
35260,0.16525371
35261,0.032924846
35262,0.16654293
35263,0.06610683
35264,0.054781385
35265,0.07179333
35266,0.056339342
35267,0.0
35268,0.019301653
35269,0.3217376
35270,0.1631104
35271,0.10223688
35272,0.3272715
35273,0.3411452
35274,0.16659056
35275,0.15267792
35276,0.058887597
35277,0.05307387
35278,0.095917195
35279,0.09605951
35280,0.0833831
35281,0.2319292
35282,0.28947952
35283,0.07837133
35284,0.10724395
35285,0.044542935
35286,0.0247657
35287,0.21322657
35288,0.040304743
35289,0.10597539
35290,0.08735227
35291,0.19304733
35292,0.39266056
35293,0.11315222
35294,0.06244427
35295,0.090831876
35296,0.13872883
35297,0.119062446
35298,0.034897294
35299,0.056578536
35300,0.030161984
35301,0.12498726
35302,0.19033866
35303,0.120513685
35304,0.1714263
35305,0.13699913
35306,0.048423715
35307,0.02645771
35308,0.016939305
35309,0.03492747
35310,0.09770514
35311,0.036765058
35312,0.1388456
35313,0.0069120475
35314,0.04629681
35315,0.049667556
35316,0.016804926
35317,0.014216002
35318,0.07138912
35319,0.07272272
35320,0.0384709
35321,0.08860215
35322,0.28158692
35323,0.29159725
35324,0.07839393
35325,0.07589058
35326,0.053989917
35327,0.106322445
35328,0.061253246
35329,0.024579808
35330,0.08382687
35331,0.032520786
35332,0.062221695
35333,0.16663598
35334,0.010179418
35335,0.0
35336,0.019435938
35337,0.058657117
35338,0.035192788
35339,0.16624096
35340,0.08369023
35341,0.109838575
35342,0.0680848
35343,0.024881164
35344,0.006183641
35345,0.08394679
35346,0.060599122
35347,0.018060636
35348,0.12271982
35349,0.08288305
35350,0.45423436
35351,0.13099128
35352,0.03860505
35353,0.10592201
35354,0.036318302
35355,0.034779
35356,0.03527626
35357,0.046160277
35358,0.073811956
35359,0.0060371202
35360,0.0
35361,0.059761036
35362,0.035084922
35363,0.07276285
35364,0.03083595
35365,0.14052285
35366,0.10080117
35367,0.2266718
35368,0.07501036
35369,0.015024236
35370,0.061223935
35371,0.047625825
35372,0.05946913
35373,0.086893834
35374,0.090619974
35375,0.16527276
35376,0.07337193
35377,0.12502363
35378,0.04489556
35379,0.053096846
35380,0.009462314
35381,0.035949048
35382,0.11433341
35383,0.05268373
35384,0.04655439
35385,0.081828035
35386,0.035209373
35387,9.669349e-05
35388,0.02164357
35389,0.043685865
35390,0.06734414
35391,0.076007605
35392,0.13373202
35393,0.13158518
35394,0.11043495
35395,0.12783408
35396,0.0
35397,0.06730335
35398,0.067770936
35399,0.054455206
35400,0.11702253
35401,0.085227944
35402,0.048844613
35403,0.042578124
35404,0.03611109
35405,0.061491106
35406,0.047967054
35407,0.05196132
35408,0.047488406
35409,0.041619517
35410,0.047162335
35411,0.051826686
35412,0.0
35413,0.029619882
35414,0.08790673
35415,0.061272707
35416,0.08790304
35417,0.42379397
35418,0.07292226
35419,0.10076762
35420,0.074186735
35421,0.057087366
35422,0.059990946
35423,0.112235054
35424,0.07392043
35425,0.252574
35426,0.07352967
35427,0.080445066
35428,0.04310128
35429,0.062450375
35430,0.04755996
35431,0.029529711
35432,0.03738698
35433,0.02673059
35434,0.034309026
35435,0.21469004
35436,0.070275426
35437,0.07341313
35438,0.091363035
35439,0.5814468
35440,0.08753238
35441,0.039857283
35442,0.13316639
35443,0.06815112
35444,0.1900192
35445,0.25733426
35446,0.10670216
35447,0.08168761
35448,0.10805362
35449,0.13999851
35450,0.1778571
35451,0.06410342
35452,0.17077337
35453,0.08714763
35454,0.14008886
35455,0.0050807046
35456,0.0015671264
35457,0.04321911
35458,0.055047523
35459,0.024594793
35460,0.080302306
35461,0.18101686
35462,0.11007057
35463,0.07299091
35464,0.05086621
35465,0.08868768
35466,0.1452349
35467,0.21212962
35468,0.07961752
35469,0.06810479
35470,0.06767585
35471,0.08845214
35472,0.43177065
35473,0.045332957
35474,0.16718335
35475,0.25201842
35476,0.14289318
35477,0.06463619
35478,0.03535331
35479,0.0058962884
35480,0.024386965
35481,0.049011964
35482,0.14556172
35483,0.15352456
35484,0.12802045
35485,0.06764114
35486,0.15025656
35487,0.1516216
35488,0.11648937
35489,0.18004394
35490,0.24825807
35491,0.10349927
35492,0.012656539
35493,0.020831425
35494,0.06432143
35495,0.1224795
35496,0.13700828
35497,0.24847525
35498,0.6887735
35499,0.034353424
35500,0.22435874
35501,0.031582307
35502,0.08953023
35503,0.24680087
35504,0.059952073
35505,0.0963343
35506,0.044161417
35507,0.08334413
35508,0.0023263292
35509,0.31308144
35510,0.053294826
35511,0.111930475
35512,0.22149515
35513,0.15266988
35514,0.21797273
35515,0.28474167
35516,0.23518436
35517,0.06680919
35518,0.18349326
35519,0.14280295
35520,0.17729895
35521,0.7412656
35522,0.34734276
35523,0.3575567
35524,0.03403992
35525,0.1640975
35526,0.11296483
35527,0.07000037
35528,0.061130647
35529,0.029711222
35530,0.029736696
35531,0.08534938
35532,0.04879012
35533,0.014771327
35534,0.06357042
35535,0.08007757
35536,0.12898508
35537,0.14604858
35538,0.12769903
35539,0.11078543
35540,0.19996193
35541,0.1550182
35542,0.054258168
35543,0.13852337
35544,0.20197922
35545,0.06440315
35546,0.11963167
35547,0.7981372
35548,0.7705803
35549,0.4925584
35550,0.030640366
35551,0.05095318
35552,0.049647633
35553,0.15644841
35554,0.34547415
35555,0.13226871
35556,0.053337973
35557,0.07761065
35558,0.07072053
35559,0.09774178
35560,0.085068494
35561,0.053767476
35562,0.21143699
35563,0.08493793
35564,0.041213606
35565,0.13915649
35566,0.14833602
35567,0.086729236
35568,0.070463546
35569,0.19651364
35570,0.12506007
35571,0.04602447
35572,0.14917062
35573,0.13112926
35574,0.13316864
35575,0.8088832
35576,0.7713626
35577,0.49626872
35578,0.06433955
35579,0.06929365
35580,0.0642508
35581,0.043427665
35582,0.30380782
35583,0.14089394
35584,0.2452362
35585,0.0790612
35586,0.10476516
35587,0.046189506
35588,0.098053746
35589,0.1307704
35590,0.16470115
35591,0.20081334
35592,0.3402483
35593,0.3548821
35594,0.14392881
35595,0.16785018
35596,0.1336952
35597,0.08196264
35598,0.12864847
35599,0.10971094
35600,0.08334427
35601,0.06653266
35602,0.14328611
35603,0.1727677
35604,0.10490548
35605,0.13399856
35606,0.08968583
35607,0.79721934
35608,1.0
35609,0.78781486
35610,0.11042087
35611,0.07709888
35612,0.14229849
35613,0.29819363
35614,0.07332385
35615,0.024179654
35616,0.0018800343
35617,0.0
35618,0.023304543
35619,0.07119393
35620,0.050958376
35621,0.17905067
35622,0.6274356
35623,0.04553801
35624,0.09553814
35625,0.09257839
35626,0.12814555
35627,0.052352406
35628,0.15070191
35629,0.10623088
35630,0.04112141
35631,0.07292489
35632,0.10539568
35633,0.09449363
35634,0.055961818
35635,0.071917586
35636,0.36554337
35637,0.28601295
35638,0.1935036
35639,0.08019075
35640,0.0621408
35641,0.22327505
35642,0.05049404
35643,0.061242994
35644,0.024714932
35645,0.0
35646,0.03316535
35647,0.044574507
35648,0.13482834
35649,0.48671475
35650,0.1825415
35651,0.17380457
35652,0.122514404
35653,0.14802559
35654,0.12970169
35655,0.40174136
35656,0.08632406
35657,0.038053244
35658,0.022510326
35659,0.04443655
35660,0.13229775
35661,0.16036841
35662,0.15255328
35663,0.36970595
35664,0.24603307
35665,0.17772087
35666,0.91686505
35667,0.13956547
35668,0.002139098
35669,0.11229799
35670,0.1936243
35671,0.045927387
35672,0.06232527
35673,0.32160258
35674,0.03833762
35675,0.026245443
35676,0.03007126
35677,0.05473284
35678,0.095560454
35679,0.26610377
35680,0.20003626
35681,0.28835997
35682,0.2379272
35683,0.12916267
35684,0.12935974
35685,0.25104886
35686,0.015276331
35687,0.15019402
35688,0.08306131
35689,0.06983273
35690,0.30504626
35691,0.2893843
35692,0.087260485
35693,0.38121682
35694,0.2127621
35695,0.0
35696,0.08931452
35697,0.10339215
35698,0.1195974
35699,0.055656005
35700,0.03129725
35701,0.00013808729
35702,0.033266112
35703,0.06701104
35704,0.041448906
35705,0.14968492
35706,0.20179991
35707,0.58119524
35708,0.24362484
35709,0.17244972
35710,0.34229773
35711,0.11429898
35712,0.059420045
35713,0.052560795
35714,0.119392656
35715,0.21026942
35716,0.13717186
35717,0.03318333
35718,0.052397553
35719,0.104259044
35720,0.0
35721,0.04067555
35722,0.0655284
35723,0.041364763
35724,0.006579968
35725,0.029302673
35726,0.0049720495
35727,0.03602069
35728,0.070968874
35729,0.073368385
35730,0.067817315
35731,0.23376033
35732,0.15683164
35733,0.124425955
35734,0.4849601
35735,0.4231996
35736,0.242672
35737,0.16127908
35738,0.06417243
35739,0.039696395
35740,0.07599235
35741,0.1491484
35742,0.08158702
35743,0.04822835
35744,0.6234654
35745,0.041035827
35746,0.020410279
35747,0.08600727
35748,0.059734263
35749,0.15570018
35750,0.058470607
35751,0.076875545
35752,0.028240059
35753,0.038833495
35754,0.051587123
35755,0.11534941
35756,0.10111328
35757,0.4344794
35758,0.2342549
35759,0.15516876
35760,0.69945997
35761,0.26606485
35762,0.33017322
35763,0.20076178
35764,0.0716551
35765,0.054684844
35766,0.07251744
35767,0.114831984
35768,0.13921002
35769,0.07315457
35770,0.08139728
35771,0.31200096
35772,0.09851813
35773,0.25476515
35774,0.049473014
35775,0.15342963
35776,0.15634444
35777,0.1693977
35778,0.19077057
35779,0.05877503
35780,0.089417055
35781,0.050517663
35782,0.036639817
35783,0.08047947
35784,0.14714076
35785,0.6517151
35786,0.18957764
35787,0.41278887
35788,0.20731448
35789,0.2432066
35790,0.17336273
35791,0.16329129
35792,0.064972885
35793,0.07857744
35794,0.07767185
35795,0.093950436
35796,0.06521242
35797,0.14802551
35798,0.14315906
35799,0.088445306
35800,0.2487013
35801,0.044883855
35802,0.13032979
35803,0.24930887
35804,0.06504581
35805,0.0007327489
35806,0.067370445
35807,0.17227587
35808,0.0076698055
35809,0.11616403
35810,0.13854554
35811,0.052669793
35812,0.12315568
35813,0.030884087
35814,0.09393424
35815,0.10759413
35816,0.10257208
35817,0.13815233
35818,0.039683413
35819,0.1098102
35820,0.04153202
35821,0.007354362
35822,0.11507355
35823,0.010270336
35824,0.026358914
35825,0.10028881
35826,0.045585107
35827,0.09401011
35828,0.08655395
35829,0.033845127
35830,0.06806313
35831,0.1681925
35832,0.2321085
35833,0.40326363
35834,0.12507947
35835,0.030021682
35836,0.03182278
35837,0.048237372
35838,0.06652388
35839,0.101158865
35840,0.08812676
35841,0.08354453
35842,0.14867076
35843,0.012939556
35844,0.05288809
35845,0.07607565
35846,0.04738946
35847,0.036529835
35848,0.09061282
35849,0.0728043
35850,0.28279826
35851,0.0143550355
35852,0.06389383
35853,0.07811582
35854,0.096173905
35855,0.2953397
35856,0.13984466
35857,0.044517826
35858,0.037480976
35859,0.15340126
35860,0.10656739
35861,0.14033617
35862,0.16230859
35863,0.080341965
35864,0.02397031
35865,0.05505516
35866,0.033936203
35867,0.26121357
35868,0.026106495
35869,0.07268373
35870,0.019444123
35871,0.07090146
35872,0.090919845
35873,0.008920856
35874,0.0062469356
35875,0.029092627
35876,0.03909002
35877,0.21107927
35878,0.061243255
35879,0.027925795
35880,0.06568836
35881,0.09266943
35882,0.079910964
35883,0.20294906
35884,0.059309162
35885,0.15425888
35886,0.061870992
35887,0.011268499
35888,0.026002433
35889,0.035485327
35890,0.07633634
35891,0.04116855
35892,0.17925005
35893,0.1659325
35894,0.03183196
35895,0.05289269
35896,0.095212236
35897,0.017874965
35898,0.26050615
35899,0.47271895
35900,0.10050858
35901,0.12666923
35902,0.076718174
35903,0.065763086
35904,0.05343171
35905,0.10083208
35906,0.12595382
35907,0.18553168
35908,0.92862004
35909,0.08620102
35910,0.068106666
35911,0.06979113
35912,0.043105256
35913,0.17203791
35914,0.37862664
35915,0.08973054
35916,0.142237
35917,0.027627483
35918,0.093453385
35919,0.011979406
35920,0.13376373
35921,0.026052175
35922,0.049602993
35923,0.05628333
35924,0.10447634
35925,0.060013816
35926,0.07911125
35927,0.040134992
35928,0.050087895
35929,0.2593367
35930,0.100134
35931,0.08345193
35932,0.040401626
35933,0.053100083
35934,0.076221354
35935,0.10263037
35936,0.63391393
35937,0.088725425
35938,0.11671418
35939,0.051685292
35940,0.07850029
35941,0.017021414
35942,0.085955545
35943,0.019591669
35944,0.24313976
35945,0.0154167265
35946,0.05627163
35947,0.0024892287
35948,0.026572663
35949,0.08894837
35950,0.081939906
35951,0.15117544
35952,0.037209578
35953,0.089191586
35954,0.034398433
35955,0.045385275
35956,0.017271433
35957,0.08742895
35958,0.23261128
35959,0.0458394
35960,0.002734214
35961,0.053357083
35962,0.0
35963,0.08922455
35964,0.038381748
35965,0.13316599
35966,0.055005074
35967,0.03915913
35968,0.03289744
35969,0.09992175
35970,0.18589249
35971,0.10922239
35972,0.07898099
35973,0.056997743
35974,0.03192662
35975,0.074370846
35976,0.027971162
35977,0.10277965
35978,0.20541364
35979,0.13735285
35980,0.025300287
35981,0.00097530213
35982,0.028893838
35983,0.0028742857
35984,0.011393286
35985,0.043755442
35986,0.03796879
35987,0.012153194
35988,0.03522738
35989,0.027362276
35990,0.06366854
35991,0.07412564
35992,0.07349129
35993,0.1098629
35994,0.16152105
35995,0.03687508
35996,0.20575023
35997,0.05314176
35998,0.0
35999,0.021123849
36000,0.0009876869
36001,0.041968238
36002,0.045106716
36003,0.004784357
36004,0.008243142
36005,0.06510677
36006,0.018036522
36007,0.05130001
36008,0.05742862
36009,0.013147495
36010,0.0017335546
36011,0.017746057
36012,0.09915992
36013,0.054240923
36014,0.08855482
36015,0.08399652
36016,0.05322059
36017,0.059043825
36018,0.14475209
36019,0.034373317
36020,0.2553236
36021,0.10341765
36022,0.10587407
36023,0.09394108
36024,0.035385072
36025,0.056590717
36026,0.028246224
36027,0.06010302
36028,0.050366174
36029,0.08546595
36030,0.15836795
36031,0.048286535
36032,0.043682627
36033,0.078829944
36034,0.050976053
36035,0.029149922
36036,0.052504767
36037,0.09099992
36038,0.10132495
36039,0.20943856
36040,0.035616893
36041,0.07805697
36042,0.0
36043,0.0268101
36044,0.051390424
36045,0.020349711
36046,0.041238233
36047,0.042491164
36048,0.08692079
36049,0.20948638
36050,0.17794682
36051,0.03742824
36052,0.1373753
36053,0.039097734
36054,0.058092546
36055,0.058098074
36056,0.036993545
36057,0.056650907
36058,0.07448572
36059,0.066038884
36060,0.06561624
36061,0.025354456
36062,0.03818109
36063,0.09029485
36064,0.050884575
36065,0.15215674
36066,0.05994771
36067,0.09406229
36068,0.04583733
36069,0.1557412
36070,0.16818531
36071,0.043413952
36072,0.079416215
36073,0.049174245
36074,0.2051394
36075,0.09281794
36076,0.26956412
36077,0.08900747
36078,0.1376901
36079,0.100916415
36080,0.12670273
36081,0.061340224
36082,0.18225981
36083,0.5917101
36084,0.19196153
36085,0.11573112
36086,0.09773067
36087,0.21434729
36088,0.10640492
36089,0.047159728
36090,0.10120609
36091,0.0704634
36092,0.07835404
36093,0.131308
36094,0.20055102
36095,0.3835198
36096,0.4007686
36097,0.06871196
36098,0.14612912
36099,0.16545975
36100,0.21013093
36101,0.07726635
36102,0.11475502
36103,0.077341475
36104,0.121715434
36105,0.1343025
36106,0.2710015
36107,0.14755544
36108,0.1629113
36109,0.34970832
36110,0.15269965
36111,0.05622161
36112,0.37038156
36113,0.06449118
36114,0.124403425
36115,0.32167366
36116,0.08131225
36117,0.073712304
36118,0.07273032
36119,0.103770524
36120,0.10598491
36121,0.11693551
36122,0.0975262
36123,0.031040648
36124,0.07388017
36125,0.097513296
36126,0.25476012
36127,0.08856781
36128,0.0897849
36129,0.08584682
36130,0.07555805
36131,0.0942311
36132,0.052191053
36133,0.13437144
36134,0.0684999
36135,0.18196379
36136,0.047711305
36137,0.17714795
36138,0.07345354
36139,0.07770491
36140,0.062104046
36141,0.3132606
36142,0.14888664
36143,0.08190808
36144,0.3120608
36145,0.32888338
36146,0.14156824
36147,0.13463937
36148,0.055759378
36149,0.042677633
36150,0.08721209
36151,0.08559317
36152,0.10692276
36153,0.088141315
36154,0.24180554
36155,0.30230486
36156,0.07843608
36157,0.114292465
36158,0.022891372
36159,0.038004078
36160,0.0594756
36161,0.2296086
36162,0.051614016
36163,0.109678574
36164,0.039288554
36165,0.08527007
36166,0.02781802
36167,0.18997824
36168,0.39254043
36169,0.108864926
36170,0.053144608
36171,0.07795118
36172,0.1328319
36173,0.12656878
36174,0.042023014
36175,0.052510187
36176,0.030454928
36177,0.12580326
36178,0.19377524
36179,0.1188775
36180,0.1621841
36181,0.13451153
36182,0.04885802
36183,0.03723389
36184,0.03553901
36185,0.036730465
36186,0.10539237
36187,0.050703477
36188,0.15731047
36189,0.020826044
36190,0.057361394
36191,0.054985326
36192,0.020199092
36193,0.013428749
36194,0.07571999
36195,0.08000259
36196,0.04158361
36197,0.08670242
36198,0.2761063
36199,0.29310048
36200,0.09330021
36201,0.07367079
36202,0.054526325
36203,0.10965399
36204,0.06894621
36205,0.032795712
36206,0.09466335
36207,0.053092226
36208,0.06713409
36209,0.17791735
36210,0.01202503
36211,0.009592222
36212,0.012308355
36213,0.057413697
36214,0.04020065
36215,0.17577526
36216,0.08867367
36217,0.11197262
36218,0.06447201
36219,0.019344732
36220,0.0
36221,0.07934709
36222,0.058948357
36223,0.11188952
36224,0.06847176
36225,0.44680703
36226,0.13696706
36227,0.10032299
36228,0.03508065
36229,0.037182182
36230,0.06704078
36231,0.02123837
36232,0.005556473
36233,0.049921446
36234,0.02016042
36235,0.06880752
36236,0.033131827
36237,0.14734516
36238,0.10307263
36239,0.22609381
36240,0.06868559
36241,0.0067757927
36242,0.048794106
36243,0.0403141
36244,0.055106487
36245,0.07335155
36246,0.07349669
36247,0.15513317
36248,0.07663566
36249,0.11116129
36250,0.033789407
36251,0.044785853
36252,0.006035638
36253,0.10845466
36254,0.0391989
36255,0.039824206
36256,0.07234487
36257,0.03484823
36258,0.013040786
36259,0.01779096
36260,0.03474835
36261,0.069375746
36262,0.084290475
36263,0.1465413
36264,0.13984355
36265,0.11584398
36266,0.12749624
36267,0.0
36268,0.060860448
36269,0.06939522
36270,0.046899892
36271,0.10588621
36272,0.08107537
36273,0.058095343
36274,0.0651434
36275,0.037458915
36276,0.038148403
36277,0.064051405
36278,0.05206953
36279,0.0554516
36280,0.007752898
36281,0.024271596
36282,0.077473514
36283,0.061808616
36284,0.09469021
36285,0.43510768
36286,0.079684995
36287,0.10468096
36288,0.072353244
36289,0.053330235
36290,0.05205242
36291,0.109414645
36292,0.074049026
36293,0.011045685
36294,0.056947324
36295,0.2432029
36296,0.066914804
36297,0.07662534
36298,0.04364293
36299,0.06351499
36300,0.051245186
36301,0.028142255
36302,0.035148073
36303,0.037496887
36304,0.20108113
36305,0.051581647
36306,0.065688565
36307,0.0898897
36308,0.5845
36309,0.086034596
36310,0.035510086
36311,0.12307244
36312,0.05613339
36313,0.1738201
36314,0.24625328
36315,0.09857024
36316,0.028719371
36317,0.064376086
36318,0.10754811
36319,0.12236696
36320,0.1629816
36321,0.052023116
36322,0.16305439
36323,0.07995171
36324,0.12283487
36325,0.02595334
36326,0.010063444
36327,0.034918677
36328,0.041662186
36329,0.022178587
36330,0.08413742
36331,0.18937838
36332,0.11388123
36333,0.073952176
36334,0.046080567
36335,0.0819785
36336,0.1343443
36337,0.20635709
36338,0.07679405
36339,0.056101657
36340,0.052091736
36341,0.093255065
36342,0.41944757
36343,0.03576593
36344,0.16041146
36345,0.24960785
36346,0.14100567
36347,0.05269052
36348,0.030162264
36349,0.0029637842
36350,0.037028328
36351,0.044856615
36352,0.13632144
36353,0.15525347
36354,0.14052705
36355,0.075596884
36356,0.1553629
36357,0.15098113
36358,0.113925256
36359,0.1732984
36360,0.24663065
36361,0.104820885
36362,0.056463458
36363,0.11104051
36364,0.13255298
36365,0.25742334
36366,0.6805957
36367,0.036088012
36368,0.22661635
36369,0.036460448
36370,0.08172967
36371,0.24575491
36372,0.060899016
36373,0.080484554
36374,0.02322673
36375,0.073378645
36376,0.0
36377,0.3138935
36378,0.049556084
36379,0.10534237
36380,0.20916025
36381,0.13841128
36382,0.19953278
36383,0.2714195
36384,0.2248114
36385,0.058212914
36386,0.16895317
36387,0.123250626
36388,0.1541655
36389,0.72511595
36390,0.34459618
36391,0.3376839
36392,0.02408008
36393,0.15466067
36394,0.09346982
36395,0.057260018
36396,0.045637235
36397,0.024786936
36398,0.024434159
36399,0.07107361
36400,0.012631041
36401,0.06595655
36402,0.077912845
36403,0.123971015
36404,0.13528767
36405,0.11501448
36406,0.09391945
36407,0.18821405
36408,0.14621927
36409,0.044243705
36410,0.1315012
36411,0.18901315
36412,0.098072216
36413,0.78356147
36414,0.7694081
36415,0.4742597
36416,0.02225457
36417,0.043090343
36418,0.13852738
36419,0.33430767
36420,0.11834932
36421,0.04854066
36422,0.07426041
36423,0.048405655
36424,0.029329093
36425,0.07163241
36426,0.08185694
36427,0.06409876
36428,0.20768762
36429,0.08571499
36430,0.03743982
36431,0.13253336
36432,0.13596612
36433,0.07243561
36434,0.051988475
36435,0.18315676
36436,0.1146522
36437,0.14053944
36438,0.11655422
36439,0.11358116
36440,0.79269856
36441,0.7685814
36442,0.47636095
36443,0.04998334
36444,0.059298757
36445,0.0547789
36446,0.031503662
36447,0.28427762
36448,0.12811853
36449,0.22970788
36450,0.07265482
36451,0.09980586
36452,0.0487437
36453,0.10843146
36454,0.12435145
36455,0.15319723
36456,0.20027862
36457,0.34596467
36458,0.36512512
36459,0.14962086
36460,0.17069282
36461,0.13079111
36462,0.077134825
36463,0.11963925
36464,0.10581986
36465,0.08240216
36466,0.14112836
36467,0.17360231
36468,0.099796236
36469,0.12387676
36470,0.07598314
36471,0.79050016
36472,1.0
36473,0.77737314
36474,0.10273532
36475,0.07220845
36476,0.14176938
36477,0.28812945
36478,0.070014246
36479,0.013540796
36480,0.013278571
36481,0.06879659
36482,0.05953011
36483,0.19387361
36484,0.6467851
36485,0.060336564
36486,0.10748734
36487,0.09878077
36488,0.13242431
36489,0.052449692
36490,0.15591736
36491,0.11439535
36492,0.035936933
36493,0.079873756
36494,0.11533676
36495,0.09849091
36496,0.054946683
36497,0.36793107
36498,0.30180377
36499,0.19216835
36500,0.07862906
36501,0.08876825
36502,0.06878918
36503,0.22231732
36504,0.056290973
36505,0.06428697
36506,0.028731568
36507,0.0063819066
36508,0.023123873
36509,0.045502163
36510,0.14200716
36511,0.49842018
36512,0.18969594
36513,0.1781096
36514,0.121072724
36515,0.1446602
36516,0.12215492
36517,0.39931256
36518,0.0868444
36519,0.021815058
36520,0.04673348
36521,0.12865093
36522,0.15170912
36523,0.14031304
36524,0.36444953
36525,0.25418004
36526,0.16874154
36527,0.9106416
36528,0.13613741
36529,0.003072467
36530,0.11130225
36531,0.18502247
36532,0.044080235
36533,0.057725027
36534,0.33059925
36535,0.044871364
36536,0.015982471
36537,0.014723404
36538,0.05035404
36539,0.09743297
36540,0.27250284
36541,0.20188427
36542,0.2873586
36543,0.23117907
36544,0.12049094
36545,0.11650653
36546,0.24331379
36547,0.009274644
36548,0.14718461
36549,0.07410806
36550,0.05586702
36551,0.28749967
36552,0.27882147
36553,0.09010083
36554,0.36968732
36555,0.20402764
36556,0.0
36557,0.08808506
36558,0.09709001
36559,0.105689175
36560,0.048502415
36561,0.02139071
36562,0.0028143309
36563,0.030857429
36564,0.07557156
36565,0.056260582
36566,0.16902316
36567,0.21658723
36568,0.59313273
36569,0.24981579
36570,0.1767172
36571,0.3423835
36572,0.11950311
36573,0.0
36574,0.069349796
36575,0.056546677
36576,0.11836622
36577,0.20566204
36578,0.13954823
36579,0.048962932
36580,0.053807177
36581,0.10846388
36582,0.0
36583,0.05238529
36584,0.0721655
36585,0.0123655815
36586,0.03233531
36587,0.01686684
36588,0.031118784
36589,0.0609821
36590,0.074350744
36591,0.07505092
36592,0.24552026
36593,0.16404067
36594,0.12878571
36595,0.48357296
36596,0.4198887
36597,0.23517984
36598,0.15890498
36599,0.06652408
36600,0.036104176
36601,0.06738777
36602,0.13696277
36603,0.07638516
36604,0.042059872
36605,0.62009215
36606,0.042023867
36607,0.021921309
36608,0.09013889
36609,0.05879318
36610,0.14715289
36611,0.056678075
36612,0.07233007
36613,0.032816555
36614,0.0448571
36615,0.034345925
36616,0.022773383
36617,0.038570363
36618,0.11330179
36619,0.10531688
36620,0.44320953
36621,0.23843409
36622,0.1564986
36623,0.69504315
36624,0.25972408
36625,0.319651
36626,0.19535784
36627,0.07097674
36628,0.048062682
36629,0.060882844
36630,0.09961642
36631,0.13097824
36632,0.06395613
36633,0.074993975
36634,0.30995893
36635,0.09699917
36636,0.2558668
36637,0.04550199
36638,0.14185254
36639,0.15152198
36640,0.16182232
36641,0.1923172
36642,0.061768692
36643,0.048952922
36644,0.029990213
36645,0.08479901
36646,0.15771142
36647,0.6668123
36648,0.20012394
36649,0.42048565
36650,0.20926452
36651,0.24323307
36652,0.16920781
36653,0.16425444
36654,0.06471788
36655,0.06972902
36656,0.088362955
36657,0.062381126
36658,0.14798927
36659,0.14748423
36660,0.09329348
36661,0.25616997
36662,0.04727995
36663,0.12511976
36664,0.24810064
36665,0.072959535
36666,0.0
36667,0.0
36668,0.07458453
36669,0.18401639
36670,0.014859445
36671,0.11475745
36672,0.13521531
36673,0.045158174
36674,0.12076213
36675,0.027272396
36676,0.085310146
36677,0.095389046
36678,0.09735073
36679,0.14633432
36680,0.10362224
36681,0.03813928
36682,0.119185664
36683,0.00930979
36684,0.024546903
36685,0.09572383
36686,0.033788174
36687,0.08846446
36688,0.08553472
36689,0.028274989
36690,0.053896803
36691,0.15210257
36692,0.21183717
36693,0.38811022
36694,0.1128752
36695,0.019594083
36696,0.015451376
36697,0.02685356
36698,0.041559026
36699,0.08317778
36700,0.08354895
36701,0.06459683
36702,0.13251819
36703,0.0016713458
36704,0.044240482
36705,0.012751956
36706,0.054749303
36707,0.032817725
36708,0.02357993
36709,0.028327163
36710,0.08723902
36711,0.07568174
36712,0.29020214
36713,0.017208
36714,0.035051998
36715,0.058150616
36716,0.07044897
36717,0.08432562
36718,0.28860936
36719,0.13606338
36720,0.04251329
36721,0.02953263
36722,0.14044045
36723,0.09700939
36724,0.12705539
36725,0.15178388
36726,0.054830633
36727,0.24831027
36728,0.022879755
36729,0.07737906
36730,0.033534393
36731,0.09124301
36732,0.115787834
36733,0.0292379
36734,0.023714604
36735,0.04081348
36736,0.04888722
36737,0.21669509
36738,0.07197721
36739,0.03242917
36740,0.066610746
36741,0.10057555
36742,0.10122034
36743,0.20713231
36744,0.06624862
36745,0.16399342
36746,0.07596699
36747,0.04324202
36748,0.047652237
36749,0.080897145
36750,0.17019159
36751,0.19693449
36752,0.18809196
36753,0.033543617
36754,0.06085568
36755,0.10770169
36756,0.2598484
36757,0.4701375
36758,0.09374583
36759,0.12502462
36760,0.046361852
36761,0.07680696
36762,0.068844095
36763,0.050568864
36764,0.09295687
36765,0.11449771
36766,0.18105921
36767,0.9375511
36768,0.04755298
36769,0.08076194
36770,0.06982409
36771,0.07203152
36772,0.04796626
36773,0.16422014
36774,0.3775635
36775,0.08591443
36776,0.14754294
36777,0.034380473
36778,0.10323426
36779,0.02208195
36780,0.14839274
36781,0.036130283
36782,0.05108488
36783,0.05166014
36784,0.10497132
36785,0.06345782
36786,0.031915285
36787,0.08433186
36788,0.044352293
36789,0.25700378
36790,0.07739626
36791,0.03710213
36792,0.05259579
36793,0.080078386
36794,0.107010365
36795,0.06431439
36796,0.04554128
36797,0.099192925
36798,0.63499016
36799,0.087048925
36800,0.124159716
36801,0.055683676
36802,0.090420775
36803,0.027494032
36804,0.10095462
36805,0.027190464
36806,0.24306819
36807,0.011163655
36808,0.05713669
36809,0.019021668
36810,0.005087683
36811,0.09338041
36812,0.14548986
36813,0.09341872
36814,0.03914856
36815,0.08212088
36816,0.23405784
36817,0.044533
36818,0.033535775
36819,0.06564765
36820,0.08795834
36821,0.029715288
36822,0.11682895
36823,0.034486696
36824,0.028484507
36825,0.016279012
36826,0.09509695
36827,0.16394153
36828,0.09002772
36829,0.0625814
36830,0.04495958
36831,0.02041145
36832,0.06547619
36833,0.08120629
36834,0.19059478
36835,0.11978121
36836,0.01685062
36837,0.07893465
36838,0.00815539
36839,0.02007462
36840,0.0038720842
36841,0.025165832
36842,0.023741078
36843,0.07184094
36844,0.065171964
36845,0.06729381
36846,0.10646057
36847,0.038368206
36848,0.15294477
36849,0.035053536
36850,0.20117563
36851,0.06870553
36852,0.02354053
36853,0.0014807192
36854,0.0
36855,0.043397974
36856,0.036136564
36857,0.014609185
36858,0.0031222883
36859,0.06274206
36860,0.023351317
36861,0.059235394
36862,0.015183987
36863,0.056686908
36864,0.021527812
36865,0.10955331
36866,0.061784923
36867,0.09035198
36868,0.08480676
36869,0.055764183
36870,0.053481832
36871,0.05362346
36872,0.15613787
36873,0.24996075
36874,0.10480939
36875,0.104512826
36876,0.10170186
36877,0.061897304
36878,0.03070334
36879,0.050708316
36880,0.046089526
36881,0.082922764
36882,0.16466688
36883,0.03745928
36884,0.045911625
36885,0.0683802
36886,0.013440247
36887,0.029970502
36888,0.030559778
36889,0.0064677494
36890,0.030861093
36891,0.04774692
36892,0.10255483
36893,0.11872964
36894,0.02585957
36895,0.2100946
36896,0.049396735
36897,0.035511542
36898,0.0073307194
36899,0.034292854
36900,0.051202673
36901,0.01598061
36902,0.06346818
36903,0.043720633
36904,0.077858195
36905,0.2074076
36906,0.1892714
36907,0.03961023
36908,0.13195112
36909,0.046797328
36910,0.009922594
36911,0.026995366
36912,0.028127084
36913,0.03215812
36914,0.0586787
36915,0.03621281
36916,0.0070012775
36917,0.01725499
36918,0.078054436
36919,0.012217128
36920,0.037380364
36921,0.17919096
36922,0.08440895
36923,0.12720942
36924,0.08011054
36925,0.18192133
36926,0.20006847
36927,0.0732608
36928,0.109342225
36929,0.07271568
36930,0.18357235
36931,0.06867803
36932,0.25411028
36933,0.07467948
36934,0.115269125
36935,0.08419836
36936,0.108027525
36937,0.0
36938,0.024320299
36939,0.16521144
36940,0.06754378
36941,0.58077496
36942,0.1821522
36943,0.07319901
36944,0.20011164
36945,0.084995
36946,0.02324778
36947,0.0976135
36948,0.052116778
36949,0.12473389
36950,0.19140394
36951,0.38305873
36952,0.4014336
36953,0.061283763
36954,0.16169824
36955,0.19919488
36956,0.10963764
36957,0.068710595
36958,0.10595225
36959,0.14991628
36960,0.07266236
36961,0.29504418
36962,0.18028374
36963,0.1967658
36964,0.37546968
36965,0.18416406
36966,0.3998099
36967,0.16447449
36968,0.3433929
36969,0.10938443
36970,0.09827101
36971,0.09015672
36972,0.11045644
36973,0.037955012
36974,0.10773307
36975,0.12736942
36976,0.10908625
36977,0.03450757
36978,0.08305021
36979,0.094350845
36980,0.2618939
36981,0.08032756
36982,0.08588102
36983,0.10362342
36984,0.1000088
36985,0.047322895
36986,0.021592291
36987,0.06558833
36988,0.18773796
36989,0.054611616
36990,0.17595519
36991,0.06563137
36992,0.064804934
36993,0.07120794
36994,0.011516041
36995,0.3091563
36996,0.15346822
36997,0.03842326
36998,0.0795227
36999,0.31537837
37000,0.31986836
37001,0.056190077
37002,0.12747584
37003,0.13542014
37004,0.06768361
37005,0.04260303
37006,0.06575122
37007,0.11133399
37008,0.14134943
37009,0.11560091
37010,0.2749681
37011,0.32313487
37012,0.09418849
37013,0.1449181
37014,0.08319032
37015,0.078600146
37016,0.2379927
37017,0.1273838
37018,0.05817502
37019,0.0947374
37020,0.19818152
37021,0.38841134
37022,0.114083104
37023,0.049635366
37024,0.06874436
37025,0.13849825
37026,0.12169828
37027,0.05732129
37028,0.031752527
37029,0.119968474
37030,0.17720002
37031,0.112144545
37032,0.15492997
37033,0.13354719
37034,0.040958848
37035,0.059241667
37036,0.034930248
37037,0.038421273
37038,0.043668337
37039,0.097245485
37040,0.055239815
37041,0.14797282
37042,0.022490202
37043,0.056452617
37044,0.06276235
37045,0.014238777
37046,0.0822331
37047,0.074183226
37048,0.045111433
37049,0.08150288
37050,0.265209
37051,0.29707626
37052,0.086739406
37053,0.08879047
37054,0.051294256
37055,0.11277478
37056,0.06855353
37057,0.025270687
37058,0.07639786
37059,0.029861309
37060,0.044147898
37061,0.06447953
37062,0.045462787
37063,0.17693485
37064,0.013329574
37065,0.016082639
37066,0.022854451
37067,0.052875064
37068,0.04834518
37069,0.17004578
37070,0.093946025
37071,0.114672065
37072,0.0758572
37073,0.031856075
37074,0.0008840336
37075,0.0894684
37076,0.05673718
37077,0.110298194
37078,0.061182797
37079,0.45439106
37080,0.13401432
37081,0.10705198
37082,0.038296178
37083,0.030147472
37084,0.022524916
37085,0.030051319
37086,0.065630876
37087,0.020417059
37088,0.0021765807
37089,0.007748216
37090,0.05616883
37091,0.029139915
37092,0.059970193
37093,0.036977652
37094,0.13731708
37095,0.104046285
37096,0.22449455
37097,0.075772084
37098,0.014988443
37099,0.048913635
37100,0.048596602
37101,0.06746152
37102,0.06190903
37103,0.15841877
37104,0.06938436
37105,0.1255904
37106,0.029866844
37107,0.012380475
37108,0.016187008
37109,0.09934086
37110,0.06663628
37111,0.03317542
37112,0.010016488
37113,0.018822333
37114,0.038511783
37115,0.05532232
37116,0.08292023
37117,0.13129726
37118,0.13560118
37119,0.10902868
37120,0.12936667
37121,0.0
37122,0.055763923
37123,0.045157347
37124,0.057669308
37125,0.03579382
37126,0.0890825
37127,0.079144895
37128,0.074356526
37129,0.028320367
37130,0.031849205
37131,0.05061982
37132,0.02897596
37133,0.037739713
37134,0.02513968
37135,0.05698611
37136,0.014473292
37137,0.035047658
37138,0.09098164
37139,0.057499938
37140,0.103064716
37141,0.4296084
37142,0.08518731
37143,0.107610375
37144,0.08396839
37145,0.06607163
37146,0.056700565
37147,0.119765915
37148,0.07206782
37149,0.03703315
37150,0.018411713
37151,0.054224685
37152,0.26216078
37153,0.06752089
37154,0.08358429
37155,0.047088407
37156,0.059828117
37157,0.023557145
37158,0.036331646
37159,0.016989177
37160,0.03757704
37161,0.205217
37162,0.05844953
37163,0.054739565
37164,0.09162391
37165,0.5723602
37166,0.084896624
37167,0.12804726
37168,0.062234435
37169,0.17182805
37170,0.24996425
37171,0.08994876
37172,0.02944511
37173,0.056374468
37174,0.098185204
37175,0.13468446
37176,0.15694739
37177,0.052341815
37178,0.15985972
37179,0.0696246
37180,0.111088425
37181,0.03316296
37182,0.017187068
37183,0.046097994
37184,0.055573564
37185,0.01827315
37186,0.09291515
37187,0.18428215
37188,0.11978679
37189,0.07728482
37190,0.058098994
37191,0.095123045
37192,0.1393957
37193,0.21711154
37194,0.07521609
37195,0.05514354
37196,0.045435987
37197,0.09093568
37198,0.43880865
37199,0.036775302
37200,0.16777365
37201,0.25345686
37202,0.13772202
37203,0.031749114
37204,0.01656194
37205,0.0
37206,0.03373498
37207,0.045618895
37208,0.13981585
37209,0.14093107
37210,0.1250138
37211,0.071085416
37212,0.14827852
37213,0.15258244
37214,0.11665277
37215,0.1679328
37216,0.24696806
37217,0.0928259
37218,0.015338002
37219,0.045088366
37220,0.09396772
37221,0.13035348
37222,0.24468686
37223,0.6895402
37224,0.029519733
37225,0.21291569
37226,0.012019377
37227,0.066609725
37228,0.23692468
37229,0.024532078
37230,0.0631748
37231,0.08681591
37232,0.032290187
37233,0.06462523
37234,0.3039496
37235,0.05061376
37236,0.103827104
37237,0.21633068
37238,0.14670794
37239,0.19973628
37240,0.27732614
37241,0.21838553
37242,0.062162362
37243,0.17187455
37244,0.117444575
37245,0.14266175
37246,0.7284856
37247,0.33742902
37248,0.3521972
37249,0.023080923
37250,0.14652914
37251,0.08391896
37252,0.05399893
37253,0.040012628
37254,0.07414879
37255,0.028389005
37256,0.013304685
37257,0.05275634
37258,0.0757143
37259,0.11919957
37260,0.13920191
37261,0.120054916
37262,0.09086675
37263,0.19086441
37264,0.13653718
37265,0.037683364
37266,0.13219436
37267,0.18867832
37268,0.08331235
37269,0.78367484
37270,0.7589845
37271,0.48551676
37272,0.017999204
37273,0.031702638
37274,0.027046716
37275,0.12572037
37276,0.3277905
37277,0.109468505
37278,0.080409445
37279,0.040425796
37280,0.0227712
37281,0.07026039
37282,0.0845406
37283,0.06951449
37284,0.031365775
37285,0.20796977
37286,0.07212329
37287,0.03484979
37288,0.1273704
37289,0.13948886
37290,0.07708453
37291,0.048544306
37292,0.18541561
37293,0.10457861
37294,0.14084116
37295,0.11582785
37296,0.10412741
37297,0.79242027
37298,0.75776625
37299,0.48722652
37300,0.04884993
37301,0.054651886
37302,0.042999648
37303,0.018826148
37304,0.27107918
37305,0.12120956
37306,0.22043547
37307,0.067418315
37308,0.10556337
37309,0.03226718
37310,0.09714078
37311,0.117116444
37312,0.14869438
37313,0.17795897
37314,0.33632794
37315,0.34161463
37316,0.13711211
37317,0.15561122
37318,0.12439513
37319,0.071865074
37320,0.10627637
37321,0.09816004
37322,0.062409922
37323,0.12425771
37324,0.16398537
37325,0.089151144
37326,0.104504324
37327,0.050913148
37328,0.7803037
37329,1.0
37330,0.77832055
37331,0.061156396
37332,0.12720376
37333,0.2650122
37334,0.053186905
37335,0.024524966
37336,0.000806056
37337,0.00572974
37338,0.022498887
37339,0.06803546
37340,0.04095219
37341,0.1879789
37342,0.62701637
37343,0.05156966
37344,0.09614749
37345,0.09612666
37346,0.13089639
37347,0.042828634
37348,0.15199937
37349,0.09814489
37350,0.02998275
37351,0.06674502
37352,0.10946159
37353,0.091587655
37354,0.039316073
37355,0.3614757
37356,0.28481194
37357,0.196857
37358,0.023980122
37359,0.077944465
37360,0.04993479
37361,0.20294192
37362,0.04320533
37363,0.048837714
37364,0.021030547
37365,0.0038667955
37366,0.005412588
37367,0.02739648
37368,0.031957977
37369,0.14114615
37370,0.48368528
37371,0.18596268
37372,0.1718035
37373,0.123452306
37374,0.14816599
37375,0.117567554
37376,0.40042827
37377,0.0756277
37378,0.045892112
37379,0.1267815
37380,0.14111225
37381,0.12401859
37382,0.36302793
37383,0.24222167
37384,0.17846386
37385,0.9020122
37386,0.13386084
37387,0.097481616
37388,0.17068076
37389,0.036028337
37390,0.04730956
37391,0.32108474
37392,0.034428526
37393,0.009595242
37394,0.01106829
37395,0.028882056
37396,0.08864419
37397,0.24983999
37398,0.19022328
37399,0.27312475
37400,0.22563086
37401,0.11606901
37402,0.103991464
37403,0.23650172
37404,0.0073300917
37405,0.0
37406,0.13841547
37407,0.0643108
37408,0.037342425
37409,0.26327735
37410,0.26947218
37411,0.07021492
37412,0.35312998
37413,0.19382334
37414,0.0
37415,0.05649448
37416,0.075341605
37417,0.08341974
37418,0.0
37419,0.028441923
37420,0.05533921
37421,0.048711438
37422,0.14760007
37423,0.20616587
37424,0.58013856
37425,0.24550751
37426,0.1735349
37427,0.33110815
37428,0.113930814
37429,0.0
37430,0.06182027
37431,0.047989104
37432,0.10108122
37433,0.18267938
37434,0.13143887
37435,0.030316677
37436,0.038489673
37437,0.099499196
37438,0.022034317
37439,0.051656753
37440,0.019365983
37441,0.015231735
37442,0.0
37443,0.010309961
37444,0.028617546
37445,0.06121288
37446,0.056764737
37447,0.07014807
37448,0.22674353
37449,0.15626563
37450,0.118437745
37451,0.48191094
37452,0.41935274
37453,0.22655064
37454,0.1559789
37455,0.06164086
37456,0.052749164
37457,0.11662663
37458,0.07092207
37459,0.029388696
37460,0.61377376
37461,0.032192077
37462,0.062434245
37463,0.040930793
37464,0.1287693
37465,0.0445844
37466,0.05787278
37467,0.045429695
37468,0.02668443
37469,0.019167546
37470,0.037696585
37471,0.09461117
37472,0.09930946
37473,0.4233283
37474,0.22955441
37475,0.14504604
37476,0.6922764
37477,0.2580835
37478,0.30991736
37479,0.19132711
37480,0.06498892
37481,0.0410468
37482,0.04513964
37483,0.078175485
37484,0.12441074
37485,0.05018036
37486,0.06757102
37487,0.2990226
37488,0.07893041
37489,0.22705746
37490,0.026534943
37491,0.12236432
37492,0.13832362
37493,0.14626032
37494,0.18079098
37495,0.061236676
37496,0.053480133
37497,0.07424139
37498,0.15983707
37499,0.655064
37500,0.19937734
37501,0.4171663
37502,0.21463083
37503,0.24972554
37504,0.16760713
37505,0.16835679
37506,0.065835014
37507,0.027932813
37508,0.056421146
37509,0.13809305
37510,0.056738377
37511,0.1486994
37512,0.14468093
37513,0.083357744
37514,0.23549393
37515,0.036445983
37516,0.11376473
37517,0.24067174
37518,0.06956652
37519,0.0
37520,0.078006245
37521,0.1735642
37522,0.015409055
37523,0.121419825
37524,0.14300385
37525,0.044853617
37526,0.12616062
37527,0.078996
37528,0.08337728
37529,0.100212194
37530,0.13865882
37531,0.09927555
37532,0.040145498
37533,0.0
37534,0.09980556
37535,0.08959111
37536,0.021273104
37537,0.08863255
37538,0.07182898
37539,0.02557095
37540,0.057305563
37541,0.15663755
37542,0.20827903
37543,0.39025524
37544,0.10268759
37545,0.01978179
37546,0.014610997
37547,0.026293578
37548,0.08278558
37549,0.072619915
37550,0.033266693
37551,0.056996595
37552,0.13127083
37553,0.0
37554,0.02160675
37555,0.0
37556,0.014193566
37557,0.022976616
37558,0.082154706
37559,0.083280616
37560,0.2839272
37561,0.021934787
37562,0.037205815
37563,0.06899014
37564,0.08241467
37565,0.08819824
37566,0.29818508
37567,0.13330668
37568,0.05013183
37569,0.036123075
37570,0.1383036
37571,0.06585661
37572,0.14523765
37573,0.15161443
37574,0.07879585
37575,0.01666277
37576,0.023278266
37577,0.24242863
37578,0.07632446
37579,0.021812268
37580,0.09220402
37581,0.10287501
37582,0.027326804
37583,0.04501521
37584,0.05421509
37585,0.21392986
37586,0.07491502
37587,0.023654342
37588,0.05213832
37589,0.100976326
37590,0.091084234
37591,0.21867676
37592,0.05944132
37593,0.163539
37594,0.07199897
37595,0.014787158
37596,0.021401275
37597,0.035653677
37598,0.0683775
37599,0.04625415
37600,0.19237684
37601,0.18039949
37602,0.02331399
37603,0.0633092
37604,0.096281335
37605,0.01997251
37606,0.26554266
37607,0.4769579
37608,0.09247305
37609,0.12945485
37610,0.072026506
37611,0.0713172
37612,0.05201395
37613,0.085674524
37614,0.10151773
37615,0.18295257
37616,0.9289076
37617,0.075447045
37618,0.032948405
37619,0.067348585
37620,0.062423747
37621,0.033983767
37622,0.15319304
37623,0.3728262
37624,0.07881351
37625,0.14447771
37626,0.042309422
37627,0.02849621
37628,0.09703428
37629,0.021236217
37630,0.13367316
37631,0.03241241
37632,0.053479824
37633,0.047088128
37634,0.10610239
37635,0.052256405
37636,0.08350575
37637,0.25559762
37638,0.09926157
37639,0.08713389
37640,0.050334547
37641,0.07430365
37642,0.09410332
37643,0.040666837
37644,0.03173594
37645,0.08486655
37646,0.6269538
37647,0.07664877
37648,0.11779539
37649,0.058995005
37650,0.08092157
37651,0.023406353
37652,0.082993105
37653,0.0007088123
37654,0.24334726
37655,0.0033496825
37656,0.0045782933
37657,0.0
37658,0.07819558
37659,0.15198544
37660,0.020401612
37661,0.08440199
37662,0.025866507
37663,0.0025221698
37664,0.06455251
37665,0.22277918
37666,0.030890893
37667,0.02392946
37668,0.052906513
37669,0.07888883
37670,0.029074512
37671,0.12600018
37672,0.035564717
37673,0.033308443
37674,0.08880414
37675,0.17932919
37676,0.08706362
37677,0.065970235
37678,0.044834882
37679,0.013154416
37680,0.047478713
37681,0.072529934
37682,0.18820816
37683,0.11503108
37684,0.016136318
37685,0.06863274
37686,0.008855152
37687,0.01820149
37688,0.0037177396
37689,0.04114151
37690,0.06431571
37691,0.07932721
37692,0.06309727
37693,0.108616926
37694,0.14303596
37695,0.03143455
37696,0.19519304
37697,0.02546813
37698,0.02748731
37699,0.06301623
37700,0.0051830267
37701,0.03496574
37702,0.014032111
37703,0.0
37704,0.05355936
37705,0.044261694
37706,0.008898062
37707,0.02178526
37708,0.021890149
37709,0.06315823
37710,0.01947453
37711,0.04461817
37712,0.05531704
37713,0.02522087
37714,0.034437094
37715,0.10687895
37716,0.056537643
37717,0.09379046
37718,0.04872805
37719,0.04495336
37720,0.044085465
37721,0.14523853
37722,0.23667784
37723,0.0978163
37724,0.09515621
37725,0.096381076
37726,0.070729695
37727,0.036962844
37728,0.058686618
37729,0.05977094
37730,0.08739339
37731,0.16527434
37732,0.05974729
37733,0.012656678
37734,0.06660417
37735,0.04667812
37736,0.04538131
37737,0.0063232514
37738,0.022889901
37739,0.09832957
37740,0.10338766
37741,0.008655118
37742,0.19236913
37743,0.034822997
37744,0.039633237
37745,0.03674204
37746,0.083413355
37747,0.05885443
37748,0.056397367
37749,0.039771542
37750,0.051270362
37751,0.03301464
37752,0.2101323
37753,0.18145911
37754,0.029935557
37755,0.121755384
37756,0.044563614
37757,0.006642296
37758,0.0092684515
37759,0.024325661
37760,0.053651292
37761,0.0029589885
37762,0.04194707
37763,0.052293777
37764,0.014038572
37765,0.016240237
37766,0.07984482
37767,0.015501918
37768,0.037177153
37769,0.014910539
37770,0.18036261
37771,0.07752868
37772,0.12313403
37773,0.18664226
37774,0.19399975
37775,0.082550086
37776,0.08898183
37777,0.17607696
37778,0.05313064
37779,0.24136774
37780,0.063431635
37781,0.11132292
37782,0.06946256
37783,0.079000056
37784,0.17390613
37785,0.06818645
37786,0.5842227
37787,0.18709439
37788,0.10498611
37789,0.21692389
37790,0.08763122
37791,0.039831508
37792,0.0969866
37793,0.10556126
37794,0.14118075
37795,0.19979881
37796,0.3942589
37797,0.41412818
37798,0.08127994
37799,0.18626277
37800,0.2095834
37801,0.07967997
37802,0.11596668
37803,0.08171514
37804,0.11425435
37805,0.08388693
37806,0.15455848
37807,0.061580174
37808,0.2759097
37809,0.16395456
37810,0.18193111
37811,0.3679365
37812,0.16584148
37813,0.08013292
37814,0.39684498
37815,0.051924244
37816,0.14407079
37817,0.32327068
37818,0.088184275
37819,0.08374634
37820,0.07092961
37821,0.092643626
37822,0.021248154
37823,0.08297428
37824,0.10541567
37825,0.088626966
37826,0.09350546
37827,0.25330445
37828,0.058773987
37829,0.04929885
37830,0.07759507
37831,0.04923606
37832,0.07318401
37833,0.022471145
37834,0.035823606
37835,0.071767665
37836,0.1967223
37837,0.06509049
37838,0.19373573
37839,0.0957241
37840,0.074189395
37841,0.070029564
37842,0.31948686
37843,0.16660357
37844,0.10145424
37845,0.32652023
37846,0.35411212
37847,0.08246133
37848,0.1410113
37849,0.13839269
37850,0.077402964
37851,0.082455404
37852,0.115275785
37853,0.098323435
37854,0.2469011
37855,0.3181696
37856,0.06851502
37857,0.10868173
37858,0.05224575
37859,0.0496286
37860,0.2104353
37861,0.046534114
37862,0.1055218
37863,0.03380976
37864,0.09716579
37865,0.06619506
37866,0.19861642
37867,0.41194782
37868,0.10848396
37869,0.07157279
37870,0.13076377
37871,0.10949821
37872,0.05487859
37873,0.119498834
37874,0.1781446
37875,0.11734026
37876,0.16156982
37877,0.14819585
37878,0.06108895
37879,0.032534633
37880,0.029561408
37881,0.04801213
37882,0.0969853
37883,0.04353706
37884,0.16143386
37885,0.020226775
37886,0.046137135
37887,0.055251922
37888,0.023086287
37889,0.015524448
37890,0.07272917
37891,0.08778117
37892,0.029573558
37893,0.08712836
37894,0.25809875
37895,0.27940312
37896,0.06460058
37897,0.07720545
37898,0.10039332
37899,0.062847555
37900,0.014862292
37901,0.067403756
37902,0.025118278
37903,0.16842256
37904,0.02017748
37905,0.016466353
37906,0.036441825
37907,0.061858453
37908,0.04588599
37909,0.19275035
37910,0.10092618
37911,0.11360018
37912,0.077590406
37913,0.03508368
37914,0.011413261
37915,0.089208044
37916,0.07957879
37917,0.008656348
37918,0.12516725
37919,0.06331604
37920,0.44596142
37921,0.12111919
37922,0.043841142
37923,0.1039141
37924,0.041833825
37925,0.028982652
37926,0.022774348
37927,0.03599599
37928,0.041129224
37929,0.06808616
37930,0.028248357
37931,0.009818902
37932,0.008926331
37933,0.07055054
37934,0.03680484
37935,0.06974795
37936,0.03531284
37937,0.16081595
37938,0.11182083
37939,0.22421698
37940,0.07829967
37941,0.019010434
37942,0.06023725
37943,0.04667079
37944,0.07223257
37945,0.0
37946,0.08312497
37947,0.06483667
37948,0.15078352
37949,0.057283472
37950,0.12404343
37951,0.028601348
37952,0.044872653
37953,0.016712485
37954,0.10463578
37955,0.03630313
37956,0.06988597
37957,0.03470095
37958,0.012912296
37959,0.03492177
37960,0.047894407
37961,0.06681787
37962,0.08297317
37963,0.1565138
37964,0.14509337
37965,0.11046888
37966,0.13361192
37967,0.0037615697
37968,0.068805315
37969,0.04740906
37970,0.08302293
37971,0.053174987
37972,0.09372785
37973,0.07322739
37974,0.035244815
37975,0.0745272
37976,0.028772559
37977,0.03789893
37978,0.051967077
37979,0.031737447
37980,0.04475233
37981,0.012104092
37982,0.05910036
37983,0.010123317
37984,0.043901306
37985,0.09311858
37986,0.061749585
37987,0.09587186
37988,0.44757932
37989,0.0874338
37990,0.101804815
37991,0.080967925
37992,0.06456557
37993,0.06249617
37994,0.114771895
37995,0.09017568
37996,0.017747419
37997,0.036595713
37998,0.2550858
37999,0.060727302
38000,0.07571274
38001,0.04589236
38002,0.053929582
38003,0.032333605
38004,0.023323987
38005,0.04555141
38006,0.025054524
38007,0.03917815
38008,0.2200218
38009,0.06653754
38010,0.06494037
38011,0.09038212
38012,0.59628195
38013,0.093094185
38014,0.031944696
38015,0.13099782
38016,0.06667954
38017,0.18357481
38018,0.25092146
38019,0.11400768
38020,0.024368204
38021,0.0724609
38022,0.08650733
38023,0.1335605
38024,0.15610495
38025,0.05042133
38026,0.16461472
38027,0.06967717
38028,0.11825051
38029,0.027770463
38030,0.010127785
38031,0.052242313
38032,0.05500111
38033,0.019813515
38034,0.08301294
38035,0.19954364
38036,0.11932392
38037,0.0687699
38038,0.052389126
38039,0.09090763
38040,0.14248198
38041,0.20940821
38042,0.09061458
38043,0.06256962
38044,0.04012624
38045,0.07059738
38046,0.4290242
38047,0.02727241
38048,0.15719272
38049,0.24955116
38050,0.12911415
38051,0.038259547
38052,0.010270973
38053,0.0
38054,0.02976384
38055,0.054851368
38056,0.14233144
38057,0.14555943
38058,0.14336333
38059,0.07371068
38060,0.14285155
38061,0.14996058
38062,0.115525514
38063,0.17410712
38064,0.24235275
38065,0.11131253
38066,0.05560258
38067,0.091746084
38068,0.11756913
38069,0.22743657
38070,0.6828441
38071,0.028702494
38072,0.20739582
38073,0.06819953
38074,0.24652319
38075,0.028755553
38076,0.060934052
38077,0.0977788
38078,0.036536276
38079,0.07098418
38080,0.3240297
38081,0.054969408
38082,0.1001308
38083,0.21543932
38084,0.14731106
38085,0.20764114
38086,0.27444124
38087,0.23860261
38088,0.04498588
38089,0.1629558
38090,0.12968914
38091,0.14217065
38092,0.7174314
38093,0.32190922
38094,0.3472312
38095,0.023994064
38096,0.14273974
38097,0.08723921
38098,0.049822014
38099,0.08751229
38100,0.037148558
38101,0.010621671
38102,0.07523706
38103,0.08247064
38104,0.117903866
38105,0.14071117
38106,0.123058714
38107,0.10117217
38108,0.19038026
38109,0.15915486
38110,0.038381174
38111,0.117418334
38112,0.1821602
38113,0.052007686
38114,0.08522177
38115,0.7750212
38116,0.74586546
38117,0.48295143
38118,0.021312997
38119,0.030313969
38120,0.031323437
38121,0.1314411
38122,0.34152013
38123,0.1117
38124,0.07357572
38125,0.043744277
38126,0.039691333
38127,0.080716304
38128,0.10820009
38129,0.08645726
38130,0.05042132
38131,0.2155828
38132,0.104899965
38133,0.051902052
38134,0.13637057
38135,0.15129413
38136,0.090384305
38137,0.06914568
38138,0.19522744
38139,0.13749227
38140,0.1363612
38141,0.11960583
38142,0.1290686
38143,0.79406285
38144,0.7549434
38145,0.49495718
38146,0.0682616
38147,0.05190698
38148,0.28709608
38149,0.14523539
38150,0.23296295
38151,0.0782216
38152,0.10902562
38153,0.043825477
38154,0.10223492
38155,0.13541408
38156,0.1602753
38157,0.19165264
38158,0.33857924
38159,0.36902958
38160,0.14880249
38161,0.1592495
38162,0.1308386
38163,0.079803094
38164,0.121516
38165,0.102610104
38166,0.089961834
38167,0.062353674
38168,0.12988974
38169,0.15414362
38170,0.0875672
38171,0.1240838
38172,0.057756737
38173,0.7765843
38174,1.0
38175,0.78068924
38176,0.062728874
38177,0.13545181
38178,0.27566722
38179,0.07185067
38180,0.022625435
38181,0.0341715
38182,0.072991356
38183,0.048020817
38184,0.18360503
38185,0.64780605
38186,0.05663506
38187,0.09316092
38188,0.09594516
38189,0.13220926
38190,0.05144317
38191,0.14982434
38192,0.119071715
38193,0.043165606
38194,0.06575198
38195,0.09299487
38196,0.08337863
38197,0.052270412
38198,0.046211716
38199,0.35113144
38200,0.27000192
38201,0.19260085
38202,0.060991257
38203,0.018927474
38204,0.079567365
38205,0.05252058
38206,0.20697182
38207,0.05524402
38208,0.049378246
38209,0.018387705
38210,0.0
38211,0.009509158
38212,0.024776254
38213,0.031450577
38214,0.12919629
38215,0.496899
38216,0.18345204
38217,0.16124076
38218,0.115694694
38219,0.14190285
38220,0.11860609
38221,0.39067698
38222,0.08897846
38223,0.021849293
38224,0.11099639
38225,0.14649065
38226,0.116661154
38227,0.34510756
38228,0.21983565
38229,0.16663171
38230,0.8904617
38231,0.12123224
38232,0.09249139
38233,0.16713464
38234,0.040491037
38235,0.040274072
38236,0.31513622
38237,0.035593722
38238,0.023964092
38239,0.018720333
38240,0.03864695
38241,0.08696651
38242,0.2733263
38243,0.19798492
38244,0.27283442
38245,0.22814554
38246,0.12007817
38247,0.115302235
38248,0.23702298
38249,0.023209238
38250,0.12464508
38251,0.058797937
38252,0.052992985
38253,0.26619223
38254,0.26182416
38255,0.058101166
38256,0.3518518
38257,0.191467
38258,0.05752546
38259,0.08062365
38260,0.09014593
38261,0.047257707
38262,0.01055658
38263,0.034614984
38264,0.06362516
38265,0.045554772
38266,0.16960706
38267,0.21244842
38268,0.5783691
38269,0.24654324
38270,0.17606495
38271,0.34093982
38272,0.11297293
38273,0.0
38274,0.046570703
38275,0.040997285
38276,0.11525279
38277,0.18411519
38278,0.12231174
38279,0.01672385
38280,0.035732295
38281,0.09566384
38282,0.0
38283,0.021586245
38284,0.055459816
38285,0.024613135
38286,0.01088148
38287,0.01698952
38288,0.00419395
38289,0.03570516
38290,0.06158372
38291,0.059248365
38292,0.061189163
38293,0.24294832
38294,0.15674599
38295,0.110866
38296,0.47714448
38297,0.4160807
38298,0.23058027
38299,0.14921889
38300,0.040589068
38301,0.01739882
38302,0.061118465
38303,0.112260155
38304,0.020829093
38305,0.60413593
38306,0.02922998
38307,0.0
38308,0.056184016
38309,0.03893161
38310,0.12821425
38311,0.052038126
38312,0.05382836
38313,0.016626569
38314,0.03232007
38315,0.032471992
38316,0.044284277
38317,0.1033117
38318,0.096567415
38319,0.44575006
38320,0.23625149
38321,0.14369102
38322,0.69372666
38323,0.2610282
38324,0.32016367
38325,0.19078381
38326,0.050153993
38327,0.034469612
38328,0.05972579
38329,0.08002588
38330,0.115698166
38331,0.047837637
38332,0.064150274
38333,0.30227745
38334,0.07748271
38335,0.22702384
38336,0.030752633
38337,0.12802602
38338,0.15199408
38339,0.14843267
38340,0.18123922
38341,0.054343875
38342,0.06771536
38343,0.08387269
38344,0.15802588
38345,0.6784162
38346,0.20700534
38347,0.4167423
38348,0.21701205
38349,0.25360098
38350,0.17878436
38351,0.16874442
38352,0.04344981
38353,0.059202287
38354,0.13031128
38355,0.067991555
38356,0.14620943
38357,0.1488664
38358,0.082840815
38359,0.23639123
38360,0.041594423
38361,0.120357335
38362,0.243775
38363,0.070945546
38364,0.0
38365,0.0
38366,0.06888257
38367,0.18960422
38368,0.015724668
38369,0.116488524
38370,0.139567
38371,0.048718363
38372,0.119235784
38373,0.01672686
38374,0.08720057
38375,0.078846015
38376,0.085118085
38377,0.11909908
38378,0.09055115
38379,0.030343108
38380,0.0
38381,0.09339053
38382,0.0
38383,0.08538189
38384,0.06838315
38385,0.031394757
38386,0.087311655
38387,0.09567178
38388,0.033689342
38389,0.060176946
38390,0.16100341
38391,0.21994661
38392,0.39113298
38393,0.12666744
38394,0.009454938
38395,0.029565124
38396,0.07549428
38397,0.06086291
38398,0.032063454
38399,0.056074925
38400,0.12927122
38401,0.0
38402,0.022994468
38403,0.040886637
38404,0.024846038
38405,0.08855195
38406,0.0782353
38407,0.3040455
38408,0.02632875
38409,0.03354772
38410,0.06813719
38411,0.083056144
38412,0.09614132
38413,0.2953383
38414,0.15356207
38415,0.0272426
38416,0.15058659
38417,0.1403101
38418,0.14696838
38419,0.073071815
38420,0.012911785
38421,0.24578708
38422,0.018607568
38423,0.07755676
38424,0.11339142
38425,0.022118839
38426,0.0059705502
38427,0.034560233
38428,0.045254596
38429,0.21227106
38430,0.062466577
38431,0.026335333
38432,0.04208345
38433,0.08035863
38434,0.06600089
38435,0.20414726
38436,0.04519331
38437,0.148213
38438,0.063348554
38439,0.0014342248
38440,0.027966129
38441,0.04801949
38442,0.18091992
38443,0.17175366
38444,0.038918614
38445,0.06747124
38446,0.12560704
38447,0.025521845
38448,0.27389684
38449,0.48680663
38450,0.109623544
38451,0.13581574
38452,0.06792245
38453,0.0795694
38454,0.06338644
38455,0.05234083
38456,0.10716484
38457,0.11027223
38458,0.18114403
38459,0.9226336
38460,0.08000841
38461,0.036431752
38462,0.07750743
38463,0.067880124
38464,0.034488667
38465,0.04510555
38466,0.16575882
38467,0.39340073
38468,0.08789004
38469,0.15183014
38470,0.042320743
38471,0.10719788
38472,0.02282721
38473,0.0064836284
38474,0.14408414
38475,0.027099065
38476,0.042919517
38477,0.045323923
38478,0.09354859
38479,0.06280445
38480,0.056660287
38481,0.018969774
38482,0.036346346
38483,0.23487473
38484,0.07407286
38485,0.07249902
38486,0.0655478
38487,0.08064505
38488,0.023943027
38489,0.078517795
38490,0.62861395
38491,0.0668106
38492,0.10623307
38493,0.047853593
38494,0.072170496
38495,0.028489826
38496,0.11324027
38497,0.015231573
38498,0.25411716
38499,0.021421548
38500,0.0022303078
38501,0.022371732
38502,0.07284296
38503,0.1571867
38504,0.027906911
38505,0.095482245
38506,0.029377325
38507,0.078039855
38508,0.24427533
38509,0.04088882
38510,0.032203253
38511,0.063991465
38512,0.096619725
38513,0.023028977
38514,0.12425405
38515,0.04112035
38516,0.008806919
38517,0.070935264
38518,0.1720141
38519,0.08003011
38520,0.05785866
38521,0.043398917
38522,0.0070159463
38523,0.04275452
38524,0.0053755
38525,0.07350102
38526,0.19718799
38527,0.112512745
38528,0.011893843
38529,0.093102925
38530,0.017600914
38531,0.018895203
38532,0.01601261
38533,0.028355088
38534,0.021775857
38535,0.05318609
38536,0.078751445
38537,0.06280307
38538,0.107244715
38539,0.15074624
38540,0.19941394
38541,0.07780439
38542,0.004246755
38543,0.028782532
38544,0.009343327
38545,0.0
38546,0.007574574
38547,0.053181995
38548,0.010393308
38549,0.03695122
38550,0.04985594
38551,0.017008482
38552,0.099141344
38553,0.040747933
38554,0.08080589
38555,0.07200325
38556,0.03493192
38557,0.04423677
38558,0.11762552
38559,0.22790465
38560,0.097052
38561,0.082893714
38562,0.082394436
38563,0.06415216
38564,0.022333268
38565,0.055658177
38566,0.045952894
38567,0.07475736
38568,0.13882133
38569,0.043848135
38570,0.023132976
38571,0.058991168
38572,0.035575755
38573,0.032554794
38574,0.016979368
38575,0.031189874
38576,0.081548244
38577,0.088263094
38578,0.047956076
38579,0.19608454
38580,0.0381351
38581,0.056497287
38582,0.07365418
38583,0.03510843
38584,0.062258024
38585,0.19611782
38586,0.16297902
38587,0.028851306
38588,0.12211528
38589,0.030185938
38590,0.039709967
38591,0.0035075007
38592,0.0010942685
38593,0.02327765
38594,0.05194165
38595,0.0
38596,0.036288235
38597,0.026927829
38598,0.014621375
38599,0.022397777
38600,0.08837195
38601,0.04175507
38602,0.0
38603,0.17982295
38604,0.08256357
38605,0.1305386
38606,0.18332604
38607,0.19745517
38608,0.06529233
38609,0.08616036
38610,0.20819746
38611,0.09082575
38612,0.28143248
38613,0.09359265
38614,0.14066677
38615,0.10557807
38616,0.0043257256
38617,0.019401236
38618,0.013683358
38619,0.17265417
38620,0.5909151
38621,0.18388312
38622,0.10772924
38623,0.19895394
38624,0.0920431
38625,0.07615463
38626,0.048558936
38627,0.13660271
38628,0.20079546
38629,0.39762503
38630,0.40759084
38631,0.07392533
38632,0.15302746
38633,0.16496676
38634,0.21066917
38635,0.11199715
38636,0.070365086
38637,0.10682062
38638,0.07443795
38639,0.14305568
38640,0.26871178
38641,0.15912616
38642,0.16719909
38643,0.3523874
38644,0.15706384
38645,0.051648013
38646,0.36735448
38647,0.11171789
38648,0.30507264
38649,0.076020025
38650,0.064201556
38651,0.055301197
38652,0.074999936
38653,0.09810482
38654,0.12291578
38655,0.09622352
38656,0.02812926
38657,0.08734931
38658,0.24614237
38659,0.062282164
38660,0.06757091
38661,0.05336631
38662,0.08334845
38663,0.029171407
38664,0.080918066
38665,0.20824239
38666,0.194535
38667,0.083587795
38668,0.023584412
38669,0.07171741
38670,0.08278801
38671,0.30170655
38672,0.15119302
38673,0.07532277
38674,0.30716047
38675,0.31504533
38676,0.11160873
38677,0.12422073
38678,0.033809472
38679,0.022450056
38680,0.049177155
38681,0.13458425
38682,0.10691099
38683,0.26226026
38684,0.3138219
38685,0.07383144
38686,0.1292285
38687,0.026296498
38688,0.05813706
38689,0.21692851
38690,0.046572454
38691,0.12217472
38692,0.080575176
38693,0.039700896
38694,0.0142314015
38695,0.17807682
38696,0.37170124
38697,0.08609566
38698,0.0409903
38699,0.11541187
38700,0.08184984
38701,0.0
38702,0.009156121
38703,0.03095228
38704,0.092108324
38705,0.14873897
38706,0.08147966
38707,0.14232384
38708,0.12266663
38709,0.041621417
38710,0.060731642
38711,0.09235735
38712,0.054392103
38713,0.16686134
38714,0.024384152
38715,0.055869274
38716,0.06735364
38717,0.025284396
38718,0.01690534
38719,0.080881685
38720,0.07622656
38721,0.035877477
38722,0.0876486
38723,0.2562087
38724,0.29274324
38725,0.065644495
38726,0.061782774
38727,0.038722616
38728,0.1051593
38729,0.060232975
38730,0.06669028
38731,0.01794994
38732,0.07235253
38733,0.16428944
38734,0.024256906
38735,0.016961435
38736,0.04415395
38737,0.052223027
38738,0.05173364
38739,0.19317041
38740,0.10007615
38741,0.11832485
38742,0.084684655
38743,0.032274395
38744,0.007786751
38745,0.09235314
38746,0.063016765
38747,0.009952877
38748,0.12068008
38749,0.056418393
38750,0.4542942
38751,0.117155686
38752,0.10367266
38753,0.034211848
38754,0.02527704
38755,0.051454928
38756,0.024606531
38757,0.01378264
38758,0.010229447
38759,0.0057525337
38760,0.074593835
38761,0.026220443
38762,0.056443658
38763,0.03749162
38764,0.15756716
38765,0.10730193
38766,0.22527291
38767,0.08172505
38768,0.01253229
38769,0.052941862
38770,0.046146993
38771,0.052001644
38772,0.074968934
38773,0.054270122
38774,0.15544753
38775,0.049651098
38776,0.09994453
38777,0.04096235
38778,0.0054216464
38779,0.007841093
38780,0.088791184
38781,0.037073083
38782,0.045713775
38783,0.049585834
38784,0.021891415
38785,0.00869497
38786,0.037921485
38787,0.03626643
38788,0.052469954
38789,0.08410837
38790,0.15222146
38791,0.13953097
38792,0.11048118
38793,0.13599393
38794,0.0
38795,0.060466323
38796,0.061748516
38797,0.043975312
38798,0.08211774
38799,0.049384754
38800,0.01778456
38801,0.025564529
38802,0.04354907
38803,0.021304207
38804,0.027864186
38805,0.068138115
38806,0.015576701
38807,0.056571744
38808,0.09116125
38809,0.057072498
38810,0.106677786
38811,0.45295742
38812,0.09154207
38813,0.11148782
38814,0.09302049
38815,0.06671458
38816,0.06382796
38817,0.12287532
38818,0.078571975
38819,0.019574003
38820,0.03759056
38821,0.23961397
38822,0.059410043
38823,0.08042962
38824,0.04322868
38825,0.05518229
38826,0.016106538
38827,0.048665408
38828,0.0442889
38829,0.23234953
38830,0.064237595
38831,0.059920583
38832,0.10084543
38833,0.6013178
38834,0.09685984
38835,0.041285127
38836,0.14270781
38837,0.068485916
38838,0.18456396
38839,0.2586822
38840,0.102061346
38841,0.0302804
38842,0.07258941
38843,0.087159514
38844,0.11774617
38845,0.15444498
38846,0.054795545
38847,0.16160837
38848,0.07058721
38849,0.12730502
38850,0.02874429
38851,0.002417254
38852,0.05174883
38853,0.039879926
38854,0.001972518
38855,0.080654964
38856,0.19175802
38857,0.110268295
38858,0.06528901
38859,0.05127787
38860,0.07989274
38861,0.13064985
38862,0.20434771
38863,0.06584698
38864,0.049876746
38865,0.025022894
38866,0.04094036
38867,0.058428273
38868,0.40038872
38869,0.012791205
38870,0.14874563
38871,0.23372357
38872,0.11720293
38873,0.02820967
38874,0.0
38875,0.021567196
38876,0.05387178
38877,0.12672424
38878,0.12723237
38879,0.1350917
38880,0.06416893
38881,0.13888468
38882,0.1483633
38883,0.10402449
38884,0.161789
38885,0.23680629
38886,0.0860588
38887,0.04242362
38888,0.07615669
38889,0.11721019
38890,0.21478143
38891,0.6537225
38892,0.19499853
38893,0.0
38894,0.063946664
38895,0.23598725
38896,0.0
38897,0.0370504
38898,0.065644525
38899,0.10970637
38900,0.03383616
38901,0.06556422
38902,0.32866496
38903,0.058334816
38904,0.10907087
38905,0.22674914
38906,0.14871727
38907,0.20823011
38908,0.2818019
38909,0.2262561
38910,0.046069585
38911,0.16846779
38912,0.12941734
38913,0.13948838
38914,0.7299799
38915,0.32216114
38916,0.33101675
38917,0.020587502
38918,0.14324953
38919,0.09589344
38920,0.027427725
38921,0.025531372
38922,0.09996991
38923,0.03225857
38924,0.02121474
38925,0.08040248
38926,0.08636605
38927,0.12737386
38928,0.15255085
38929,0.12499485
38930,0.10229111
38931,0.19827075
38932,0.14733823
38933,0.1190321
38934,0.18820208
38935,0.05226596
38936,0.08306953
38937,0.7880996
38938,0.7466476
38939,0.46726704
38940,0.023893097
38941,0.14062527
38942,0.3444212
38943,0.0998142
38944,0.074679285
38945,0.07873486
38946,0.11343573
38947,0.077065095
38948,0.038309366
38949,0.21895388
38950,0.10284344
38951,0.048575487
38952,0.13861875
38953,0.15591191
38954,0.08509847
38955,0.06304263
38956,0.19589603
38957,0.11845374
38958,0.13075283
38959,0.11842576
38960,0.12210492
38961,0.79991895
38962,0.74850327
38963,0.4720508
38964,0.058163147
38965,0.04572483
38966,0.28905848
38967,0.14091451
38968,0.21385525
38969,0.06660433
38970,0.10290721
38971,0.054340158
38972,0.10916532
38973,0.14956157
38974,0.15979508
38975,0.18845254
38976,0.35086212
38977,0.37588468
38978,0.15438783
38979,0.1704096
38980,0.14436829
38981,0.08342911
38982,0.124324836
38983,0.1121905
38984,0.079835124
38985,0.14113896
38986,0.15744719
38987,0.095299184
38988,0.12603195
38989,0.05729433
38990,0.7913525
38991,1.0
38992,0.76669455
38993,0.08814061
38994,0.06892274
38995,0.13426511
38996,0.023119953
38997,0.28654146
38998,0.076441735
38999,0.014398128
39000,0.04646309
39001,0.07065518
39002,0.04296486
39003,0.19403215
39004,0.6528059
39005,0.06036452
39006,0.10246504
39007,0.10761886
39008,0.13397951
39009,0.052396134
39010,0.15754896
39011,0.10708915
39012,0.030177161
39013,0.07514529
39014,0.094442636
39015,0.08925465
39016,0.052362632
39017,0.04389347
39018,0.36404365
39019,0.2706178
39020,0.17675026
39021,0.07652487
39022,0.044924304
39023,0.21599011
39024,0.05797922
39025,0.037326586
39026,0.030510528
39027,0.031149935
39028,0.035104398
39029,0.14833315
39030,0.51060784
39031,0.1958913
39032,0.17925476
39033,0.13607825
39034,0.15238282
39035,0.12826888
39036,0.40711147
39037,0.08570566
39038,0.023253974
39039,0.03200681
39040,0.12558219
39041,0.15529265
39042,0.12305266
39043,0.36672953
39044,0.22916137
39045,0.15949087
39046,0.8974754
39047,0.13428
39048,0.09360488
39049,0.1848627
39050,0.05193595
39051,0.03693216
39052,0.31799224
39053,0.03237655
39054,0.027963972
39055,0.00809249
39056,0.025299242
39057,0.08910187
39058,0.2700338
39059,0.19342272
39060,0.2738469
39061,0.23152764
39062,0.11355656
39063,0.10796347
39064,0.23645587
39065,0.0
39066,0.11780112
39067,0.056382213
39068,0.0447935
39069,0.25558245
39070,0.26644465
39071,0.0504254
39072,0.341864
39073,0.18751328
39074,0.048092365
39075,0.064735666
39076,0.090872504
39077,0.04170114
39078,0.02316849
39079,0.032599203
39080,0.058889553
39081,0.056302235
39082,0.17492679
39083,0.2164982
39084,0.587994
39085,0.25853714
39086,0.17815542
39087,0.34221315
39088,0.121017784
39089,0.0
39090,0.048338775
39091,0.04719359
39092,0.1156654
39093,0.18211722
39094,0.13554421
39095,0.017660143
39096,0.034356453
39097,0.10032218
39098,0.020765172
39099,0.048183847
39100,0.03395174
39101,0.0052581364
39102,0.0
39103,0.008716617
39104,0.04744488
39105,0.05869575
39106,0.053640578
39107,0.07106438
39108,0.24739583
39109,0.15992355
39110,0.11961831
39111,0.48826626
39112,0.41729903
39113,0.2309813
39114,0.15639153
39115,0.041484937
39116,0.02272296
39117,0.06065885
39118,0.10939005
39119,0.018581081
39120,0.6079222
39121,0.025635567
39122,0.0
39123,0.054490782
39124,0.030783435
39125,0.13668056
39126,0.054221455
39127,0.041224815
39128,0.011513473
39129,0.032705836
39130,0.026464038
39131,0.03936782
39132,0.036552407
39133,0.09286004
39134,0.10159874
39135,0.44535348
39136,0.23458524
39137,0.14759952
39138,0.70000476
39139,0.25740263
39140,0.3157209
39141,0.19311267
39142,0.03494983
39143,0.05442229
39144,0.0723119
39145,0.1232146
39146,0.040745713
39147,0.06309255
39148,0.29383916
39149,0.07296079
39150,0.22048666
39151,0.017760552
39152,0.13164854
39153,0.14933348
39154,0.13098526
39155,0.17128229
39156,0.049885713
39157,0.08476631
39158,0.047191124
39159,0.0835761
39160,0.17321219
39161,0.6881751
39162,0.21549407
39163,0.43080574
39164,0.23344503
39165,0.2601305
39166,0.18449654
39167,0.18122824
39168,0.048301317
39169,0.06164337
39170,0.14798278
39171,0.08828712
39172,0.15530665
39173,0.15058312
39174,0.08847397
39175,0.24000902
39176,0.038757436
39177,0.13413477
39178,0.23648253
39179,0.07114358
39180,0.074214764
39181,0.18950874
39182,0.12306735
39183,0.13624226
39184,0.04457645
39185,0.121865466
39186,0.08219798
39187,0.07143291
39188,0.092935406
39189,0.114620164
39190,0.08376013
39191,0.0
39192,0.087154254
39193,0.0
39194,0.06823529
39195,0.057434745
39196,0.03525932
39197,0.10665928
39198,0.10959173
39199,0.046339285
39200,0.080771305
39201,0.17169411
39202,0.22982007
39203,0.40777823
39204,0.12360543
39205,0.024251482
39206,0.042305913
39207,0.036167383
39208,0.097327046
39209,0.07039946
39210,0.063299336
39211,0.14252976
39212,0.030773582
39213,0.06645851
39214,0.052542333
39215,0.014655981
39216,0.029205333
39217,0.08078529
39218,0.0859516
39219,0.30633402
39220,0.027347403
39221,0.040141176
39222,0.077100165
39223,0.08211553
39224,0.09438347
39225,0.30035233
39226,0.13886882
39227,0.03173059
39228,0.14796807
39229,0.10323373
39230,0.04828039
39231,0.121748745
39232,0.14256144
39233,0.014885641
39234,0.2520947
39235,0.011693967
39236,0.0861262
39237,0.11653323
39238,0.023990635
39239,0.013417107
39240,0.044376384
39241,0.045167133
39242,0.2113664
39243,0.0683335
39244,0.024569916
39245,0.037907556
39246,0.0914132
39247,0.06475921
39248,0.186439
39249,0.041639496
39250,0.15069336
39251,0.05844839
39252,0.00045043332
39253,0.018512193
39254,0.06929477
39255,0.048897035
39256,0.17450114
39257,0.1640426
39258,0.07997238
39259,0.13268061
39260,0.28764468
39261,0.49065095
39262,0.11265055
39263,0.14561446
39264,0.058013953
39265,0.09103679
39266,0.06690826
39267,0.06029085
39268,0.10933118
39269,0.11002806
39270,0.19613044
39271,0.92532367
39272,0.0803863
39273,0.076538995
39274,0.070828
39275,0.039583296
39276,0.17685123
39277,0.3982099
39278,0.0779124
39279,0.14934306
39280,0.045332413
39281,0.103418365
39282,0.018598283
39283,0.15077123
39284,0.03251608
39285,0.021712841
39286,0.056280874
39287,0.04796448
39288,0.10296074
39289,0.052509572
39290,0.059795614
39291,0.026533335
39292,0.038126126
39293,0.24947463
39294,0.0763764
39295,0.058335945
39296,0.040928807
39297,0.06419291
39298,0.083206445
39299,0.08922368
39300,0.6330365
39301,0.05644643
39302,0.10335938
39303,0.046026185
39304,0.06800449
39305,0.035418205
39306,0.11474105
39307,0.015462306
39308,0.02993392
39309,0.2523885
39310,0.018875798
39311,0.008124919
39312,0.09086421
39313,0.13783735
39314,0.022712052
39315,0.08894107
39316,0.026752476
39317,0.08355946
39318,0.24351172
39319,0.025338458
39320,0.024143314
39321,0.054639205
39322,0.09080305
39323,0.02151702
39324,0.115208074
39325,0.031257153
39326,0.0
39327,0.0060616173
39328,0.060735084
39329,0.14534733
39330,0.06751782
39331,0.05138053
39332,0.029540239
39333,0.0
39334,0.030796997
39335,0.07170316
39336,0.189107
39337,0.08964489
39338,0.0107818125
39339,0.038914327
39340,0.003688149
39341,0.045582395
39342,0.022004606
39343,0.01925431
39344,0.017103316
39345,0.043253545
39346,0.052352294
39347,0.05055841
39348,0.10103419
39349,0.14921586
39350,0.1768137
39351,0.016341478
39352,0.08022986
39353,0.005402197
39354,0.037882287
39355,0.008539512
39356,0.050533164
39357,0.035880484
39358,0.008722634
39359,0.010876569
39360,0.022429893
39361,0.04891185
39362,0.033235844
39363,0.04888954
39364,0.035230275
39365,0.087549
39366,0.07715783
39367,0.029003443
39368,0.029007165
39369,0.10291971
39370,0.004060722
39371,0.2216011
39372,0.08446542
39373,0.055520255
39374,0.06251139
39375,0.014554363
39376,0.074908644
39377,0.03866448
39378,0.04374838
39379,0.063638166
39380,0.060704496
39381,0.09117773
39382,0.14646429
39383,0.022563722
39384,0.07503648
39385,0.030551096
39386,0.018972605
39387,0.01597607
39388,0.03331538
39389,0.017468957
39390,0.08416862
39391,0.090051666
39392,0.20627533
39393,0.034746423
39394,0.08004546
39395,0.053155944
39396,0.05656005
39397,0.025656812
39398,0.039390218
39399,0.05482823
39400,0.20391867
39401,0.15848352
39402,0.016143518
39403,0.12602201
39404,0.013022768
39405,0.030037232
39406,0.010959181
39407,0.013157248
39408,0.022436546
39409,0.0084762955
39410,0.02901972
39411,0.0
39412,0.003786975
39413,0.02323597
39414,0.03562367
39415,0.09044592
39416,0.021724673
39417,0.05993789
39418,0.016585989
39419,0.17768978
39420,0.08504154
39421,0.121864825
39422,0.07188201
39423,0.1935015
39424,0.20489022
39425,0.061741978
39426,0.08328744
39427,0.19512892
39428,0.08236841
39429,0.26182342
39430,0.13990687
39431,0.102077715
39432,0.02171246
39433,0.006899575
39434,0.014799279
39435,0.0013272591
39436,0.17739582
39437,0.08186195
39438,0.589116
39439,0.18760936
39440,0.122038975
39441,0.20227844
39442,0.09758673
39443,0.037299458
39444,0.088720314
39445,0.1243211
39446,0.1931252
39447,0.37880287
39448,0.3942938
39449,0.07395228
39450,0.1503141
39451,0.15126805
39452,0.19918972
39453,0.059297606
39454,0.09798546
39455,0.05307793
39456,0.09936469
39457,0.1498698
39458,0.2717482
39459,0.15101075
39460,0.16460888
39461,0.3631213
39462,0.16505726
39463,0.04331377
39464,0.36436254
39465,0.117967226
39466,0.30117768
39467,0.07271523
39468,0.057621337
39469,0.058552194
39470,0.07959112
39471,0.10262024
39472,0.11627939
39473,0.0951123
39474,0.08049407
39475,0.24462956
39476,0.066316836
39477,0.055236403
39478,0.07529928
39479,0.050950725
39480,0.08152267
39481,0.03390146
39482,0.057758193
39483,0.047936037
39484,0.09406604
39485,0.2102386
39486,0.21538045
39487,0.0843847
39488,0.021074409
39489,0.30762902
39490,0.14596379
39491,0.08894274
39492,0.31804
39493,0.30959716
39494,0.05439621
39495,0.11705056
39496,0.12589933
39497,0.018755974
39498,0.05665446
39499,0.10467936
39500,0.12871766
39501,0.119893625
39502,0.2725025
39503,0.30773658
39504,0.068965286
39505,0.078635916
39506,0.13026991
39507,0.06363687
39508,0.22376858
39509,0.10739636
39510,0.08721254
39511,0.05186348
39512,0.200823
39513,0.3781198
39514,0.09630095
39515,0.047821216
39516,0.058298733
39517,0.12895717
39518,0.094618805
39519,0.020014293
39520,0.042400323
39521,0.110112086
39522,0.16808298
39523,0.09898836
39524,0.14004947
39525,0.11300678
39526,0.044464894
39527,0.031763174
39528,0.038465247
39529,0.054216325
39530,0.09205388
39531,0.058534864
39532,0.17456186
39533,0.023695821
39534,0.059792202
39535,0.060124744
39536,0.028525712
39537,0.08976156
39538,0.06877881
39539,0.03221652
39540,0.08457598
39541,0.25965074
39542,0.2924225
39543,0.06454716
39544,0.06891869
39545,0.10274101
39546,0.054539286
39547,0.020301584
39548,0.07216797
39549,0.04882644
39550,0.16957495
39551,0.011441342
39552,0.017405493
39553,0.034681324
39554,0.005609993
39555,0.048962366
39556,0.052919094
39557,0.19791363
39558,0.09643052
39559,0.11929046
39560,0.074498445
39561,0.0276134
39562,0.016449805
39563,0.098275736
39564,0.05261165
39565,0.0033346133
39566,0.11465016
39567,0.056903273
39568,0.451016
39569,0.113101065
39570,0.0
39571,0.09829708
39572,0.025560822
39573,0.026457254
39574,0.021336872
39575,0.056259498
39576,0.019972745
39577,0.012114327
39578,0.0033856696
39579,0.01216836
39580,0.07109293
39581,0.038169138
39582,0.05915477
39583,0.044648867
39584,0.16828221
39585,0.109628074
39586,0.2322104
39587,0.07751062
39588,0.06757669
39589,0.058041357
39590,0.047568366
39591,0.07491079
39592,0.06072676
39593,0.15814106
39594,0.051568218
39595,0.110094875
39596,0.018663246
39597,0.0
39598,0.016333293
39599,0.095448084
39600,0.023946919
39601,0.06036218
39602,0.03019161
39603,0.0053062895
39604,0.024616107
39605,0.038410656
39606,0.04537657
39607,0.0814611
39608,0.15313198
39609,0.13205263
39610,0.107614025
39611,0.121974915
39612,0.0
39613,0.065296635
39614,0.047931608
39615,0.04751072
39616,0.034112703
39617,0.078769885
39618,0.06973677
39619,0.01868158
39620,0.04973053
39621,0.007986375
39622,0.0
39623,0.040896554
39624,0.024716595
39625,0.06332478
39626,0.055101372
39627,0.10514047
39628,0.06181409
39629,0.11586551
39630,0.46570313
39631,0.09589869
39632,0.12045565
39633,0.090836525
39634,0.07005579
39635,0.08049324
39636,0.13680023
39637,0.07616917
39638,0.041538183
39639,0.25179476
39640,0.06144688
39641,0.08305628
39642,0.042579938
39643,0.06436475
39644,0.024793927
39645,0.039236996
39646,0.063035935
39647,0.24117981
39648,0.088517494
39649,0.07496287
39650,0.12033384
39651,0.62436384
39652,0.11151715
39653,0.060553703
39654,0.15082453
39655,0.08212781
39656,0.21152997
39657,0.2829077
39658,0.10995923
39659,0.041965034
39660,0.08486243
39661,0.101407826
39662,0.14022757
39663,0.16678257
39664,0.067722976
39665,0.17126028
39666,0.09007033
39667,0.12650993
39668,0.01637595
39669,0.055790856
39670,0.05937154
39671,0.012226481
39672,0.09535507
39673,0.21001595
39674,0.12013729
39675,0.07976923
39676,0.05460629
39677,0.08874633
39678,0.15282755
39679,0.22378497
39680,0.068956554
39681,0.039022453
39682,0.05117682
39683,0.067888305
39684,0.41808167
39685,0.02034042
39686,0.15688466
39687,0.23858719
39688,0.13189773
39689,0.0058172354
39690,0.0
39691,0.029149322
39692,0.05153722
39693,0.13983917
39694,0.13110964
39695,0.14697304
39696,0.06766132
39697,0.14698842
39698,0.14531516
39699,0.10650147
39700,0.17759009
39701,0.24986692
39702,0.08279176
39703,0.043531775
39704,0.08377959
39705,0.12106999
39706,0.21786487
39707,0.6650384
39708,0.010875862
39709,0.20331682
39710,0.051986735
39711,0.21664187
39712,0.021872353
39713,0.06372615
39714,0.097871214
39715,0.037450623
39716,0.059940975
39717,0.33104596
39718,0.05232671
39719,0.107673995
39720,0.21420045
39721,0.14169374
39722,0.21453066
39723,0.285362
39724,0.21348855
39725,0.039321873
39726,0.15948704
39727,0.12102502
39728,0.13761075
39729,0.7243393
39730,0.31574407
39731,0.33283257
39732,0.009574
39733,0.14206725
39734,0.07443302
39735,0.03885317
39736,0.02986977
39737,0.0440408
39738,0.09602457
39739,0.03452525
39740,0.02792751
39741,0.090673074
39742,0.08824775
39743,0.13386683
39744,0.14789203
39745,0.12586112
39746,0.11648148
39747,0.2097207
39748,0.14246051
39749,0.12017419
39750,0.18711115
39751,0.051763374
39752,0.089081764
39753,0.7903487
39754,0.7481201
39755,0.47697282
39756,0.038061336
39757,0.03010559
39758,0.12705466
39759,0.32346538
39760,0.11014611
39761,0.046382938
39762,0.08699472
39763,0.11177883
39764,0.09085784
39765,0.22795504
39766,0.11540252
39767,0.052745633
39768,0.1474002
39769,0.1535415
39770,0.08825321
39771,0.07952144
39772,0.20963445
39773,0.11586446
39774,0.13418348
39775,0.11962329
39776,0.12389077
39777,0.8044566
39778,0.75226426
39779,0.4840448
39780,0.057327885
39781,0.05472078
39782,0.027247446
39783,0.277776
39784,0.122246884
39785,0.22647555
39786,0.07674853
39787,0.10608922
39788,0.046725497
39789,0.11481026
39790,0.14528976
39791,0.17097284
39792,0.19039266
39793,0.3572484
39794,0.3858291
39795,0.15594316
39796,0.1765762
39797,0.139383
39798,0.083968945
39799,0.138189
39800,0.12331389
39801,0.07463092
39802,0.051359136
39803,0.14349636
39804,0.15826288
39805,0.12520286
39806,0.0629801
39807,0.7932754
39808,1.0
39809,0.7760739
39810,0.06874802
39811,0.13081498
39812,0.02900599
39813,0.27264428
39814,0.055159166
39815,0.0
39816,0.005014104
39817,0.032287274
39818,0.07192894
39819,0.035000987
39820,0.19051439
39821,0.6528455
39822,0.0520157
39823,0.098727435
39824,0.09272945
39825,0.12461522
39826,0.056355964
39827,0.15876842
39828,0.09198089
39829,0.02041122
39830,0.067598544
39831,0.085354164
39832,0.07793315
39833,0.35606232
39834,0.26186013
39835,0.17622565
39836,0.04862653
39837,0.063170694
39838,0.04090625
39839,0.19218907
39840,0.02679262
39841,0.037427925
39842,0.027469888
39843,0.013517206
39844,0.025567004
39845,0.04165598
39846,0.03637282
39847,0.15404765
39848,0.5198801
39849,0.19677483
39850,0.1847496
39851,0.13042119
39852,0.15225093
39853,0.14146104
39854,0.41756317
39855,0.07982972
39856,0.02493957
39857,0.12349301
39858,0.1537918
39859,0.1280666
39860,0.36798042
39861,0.2296359
39862,0.16819854
39863,0.896039
39864,0.13343349
39865,0.0
39866,0.0988191
39867,0.17029393
39868,0.02998164
39869,0.3253203
39870,0.035588287
39871,0.021259032
39872,0.01683715
39873,0.024806276
39874,0.09305503
39875,0.27754495
39876,0.19254492
39877,0.27758008
39878,0.22410923
39879,0.1116633
39880,0.11939429
39881,0.24514627
39882,0.0
39883,0.11618355
39884,0.05253164
39885,0.041531306
39886,0.2588349
39887,0.26593417
39888,0.338666
39889,0.18490544
39890,0.05338045
39891,0.068188444
39892,0.07454225
39893,0.017985443
39894,0.0
39895,0.021299982
39896,0.04618026
39897,0.06323288
39898,0.06509178
39899,0.1872743
39900,0.2204568
39901,0.5965635
39902,0.2559551
39903,0.18109861
39904,0.35848033
39905,0.13454458
39906,0.05155767
39907,0.048179477
39908,0.1172396
39909,0.19020629
39910,0.13987018
39911,0.021209652
39912,0.035995137
39913,0.102550715
39914,0.030889709
39915,0.0564731
39916,0.022457913
39917,0.0153034665
39918,0.044115026
39919,0.07081545
39920,0.056522686
39921,0.078392625
39922,0.2582821
39923,0.1624208
39924,0.12672685
39925,0.48422277
39926,0.4187807
39927,0.2457872
39928,0.16845702
39929,0.04324249
39930,0.022247465
39931,0.060771752
39932,0.1160177
39933,0.018758439
39934,0.6086898
39935,0.02312734
39936,0.0049375757
39937,0.063153915
39938,0.037611373
39939,0.12372549
39940,0.033880837
39941,0.052172154
39942,0.019984683
39943,0.03421483
39944,0.03164664
39945,0.034633722
39946,0.047267895
39947,0.09433777
39948,0.10752272
39949,0.4548354
39950,0.23567829
39951,0.1533038
39952,0.6945571
39953,0.2574801
39954,0.3291224
39955,0.20377392
39956,0.03307008
39957,0.053130906
39958,0.077535294
39959,0.124674834
39960,0.03951881
39961,0.062455475
39962,0.28992653
39963,0.07887946
39964,0.22774576
39965,0.023184216
39966,0.11728926
39967,0.1275887
39968,0.14052838
39969,0.17834921
39970,0.049990486
39971,0.074485295
39972,0.079507
39973,0.17358926
39974,0.6921101
39975,0.21104017
39976,0.4309629
39977,0.22245044
39978,0.2546612
39979,0.1923513
39980,0.18634255
39981,0.061319884
39982,0.09165731
39983,0.051615752
39984,0.14912273
39985,0.14112376
39986,0.24172118
39987,0.038634244
39988,0.11422864
39989,0.24047872
39990,0.07266368
39991,0.082437366
39992,0.20128918
39993,0.017750703
39994,0.11991827
39995,0.13861838
39996,0.060276605
39997,0.13482529
39998,0.017926814
39999,0.08320518
40000,0.078954935
40001,0.09669435
40002,0.117602676
40003,0.08483181
40004,0.09671176
40005,0.0
40006,0.08007696
40007,0.06727073
40008,0.036125015
40009,0.11197112
40010,0.1184614
40011,0.046820022
40012,0.07471147
40013,0.17115946
40014,0.24260947
40015,0.41782725
40016,0.11732671
40017,0.040402398
40018,0.04077866
40019,0.0981752
40020,0.0704712
40021,0.061460253
40022,0.1412805
40023,0.0048524584
40024,0.05148692
40025,0.035660103
40026,0.07207036
40027,0.08168293
40028,0.30562353
40029,0.018247655
40030,0.035652675
40031,0.061459795
40032,0.07200034
40033,0.09759239
40034,0.3008209
40035,0.123009555
40036,0.13648397
40037,0.094501354
40038,0.038771607
40039,0.12047313
40040,0.1311419
40041,0.06386934
40042,0.22754255
40043,0.038543295
40044,0.020859877
40045,0.09973824
40046,0.13370311
40047,0.03277159
40048,0.046616793
40049,0.052932706
40050,0.23245597
40051,0.086682655
40052,0.030966597
40053,0.050819032
40054,0.10056156
40055,0.07313115
40056,0.20304401
40057,0.048100665
40058,0.15774424
40059,0.062224034
40060,0.014057206
40061,0.021410536
40062,0.031623896
40063,0.062623374
40064,0.034840204
40065,0.1892559
40066,0.17926802
40067,0.039606158
40068,0.088088006
40069,0.144354
40070,0.04479585
40071,0.2843888
40072,0.49292025
40073,0.12824383
40074,0.15846714
40075,0.054539014
40076,0.095123395
40077,0.069453135
40078,0.06060275
40079,0.11023141
40080,0.11744309
40081,0.1997823
40082,0.92819893
40083,0.081351005
40084,0.074818134
40085,0.07893832
40086,0.044871863
40087,0.047198553
40088,0.16468339
40089,0.37865683
40090,0.08964707
40091,0.15860142
40092,0.047628738
40093,0.11314746
40094,0.021644391
40095,0.1573751
40096,0.03073108
40097,0.024539137
40098,0.047955353
40099,0.058488153
40100,0.11074403
40101,0.04396511
40102,0.022561802
40103,0.05727102
40104,0.021775717
40105,0.24805695
40106,0.07418248
40107,0.064375296
40108,0.010021409
40109,0.037413847
40110,0.057402566
40111,0.08624733
40112,0.033550065
40113,0.07198643
40114,0.60841364
40115,0.0631117
40116,0.10754851
40117,0.072664134
40118,0.035643574
40119,0.010856577
40120,0.24676786
40121,0.026578747
40122,0.07149643
40123,0.008116094
40124,0.004321308
40125,0.14105582
40126,0.07932994
40127,0.21606822
40128,0.029182915
40129,0.05647801
40130,0.0
40131,0.09814726
40132,0.025083613
40133,0.11314799
40134,0.0425212
40135,0.03749656
40136,0.0
40137,0.059281334
40138,0.15212692
40139,0.06415329
40140,0.048605938
40141,0.023490181
40142,0.0008548453
40143,0.035918403
40144,0.05520613
40145,0.16522461
40146,0.09705038
40147,0.0022290829
40148,0.013709404
40149,0.0
40150,0.010172977
40151,0.012034766
40152,0.0016029506
40153,0.009961996
40154,0.0055779507
40155,0.034291834
40156,0.05162375
40157,0.039685886
40158,0.09075156
40159,0.007076829
40160,0.12521115
40161,0.1767112
40162,0.0039142966
40163,0.07497935
40164,0.0
40165,0.0
40166,0.04646196
40167,0.020823976
40168,0.0
40169,0.025762426
40170,0.0
40171,0.030041015
40172,0.07845656
40173,0.030249175
40174,0.061524812
40175,0.06488181
40176,0.020713141
40177,0.017530441
40178,0.093418285
40179,0.1970564
40180,0.05253516
40181,0.05487799
40182,0.059393078
40183,0.06382456
40184,0.03219169
40185,0.02612378
40186,0.06486274
40187,0.059188668
40188,0.080895744
40189,0.13497135
40190,0.031764694
40191,0.022473807
40192,0.01581044
40193,0.048500113
40194,0.02791721
40195,0.016628731
40196,0.04627673
40197,0.018923743
40198,0.08408164
40199,0.09029533
40200,0.1914757
40201,0.01767581
40202,0.04137314
40203,0.08714267
40204,0.044292554
40205,0.05045659
40206,0.048116636
40207,0.03850837
40208,0.20260207
40209,0.15639056
40210,0.10888576
40211,0.053952187
40212,0.0068979533
40213,0.0055668727
40214,0.019321008
40215,0.02272323
40216,0.011420651
40217,0.0117350435
40218,0.03500102
40219,0.0
40220,0.03274051
40221,0.01812105
40222,0.014144538
40223,0.023003072
40224,0.08054795
40225,0.016981153
40226,0.04732404
40227,0.011553679
40228,0.13279325
40229,0.036616176
40230,0.07616199
40231,0.15198833
40232,0.15647128
40233,0.04202387
40234,0.17712188
40235,0.24300984
40236,0.065849766
40237,0.12528327
40238,0.08054842
40239,0.007764671
40240,0.023617905
40241,0.0
40242,0.14798808
40243,0.55890155
40244,0.16254963
40245,0.08910898
40246,0.056911852
40247,0.17692992
40248,0.074873745
40249,0.061042402
40250,0.084430166
40251,0.11176262
40252,0.17703757
40253,0.3654376
40254,0.38608283
40255,0.06477708
40256,0.1342331
40257,0.14276868
40258,0.19332592
40259,0.09133528
40260,0.08435551
40261,0.16657507
40262,0.06291082
40263,0.28389722
40264,0.16588235
40265,0.184635
40266,0.3821826
40267,0.17721298
40268,0.06653832
40269,0.38409972
40270,0.13537525
40271,0.31144813
40272,0.074851066
40273,0.071779765
40274,0.088610955
40275,0.096478544
40276,0.11286028
40277,0.09684768
40278,0.041112874
40279,0.08542771
40280,0.2460761
40281,0.06786357
40282,0.07441642
40283,0.08481847
40284,0.02883823
40285,0.06421566
40286,0.10681644
40287,0.22571154
40288,0.23504326
40289,0.10482358
40290,0.313035
40291,0.154092
40292,0.101261005
40293,0.3234525
40294,0.32607865
40295,0.0614195
40296,0.13014464
40297,0.12587035
40298,0.042545702
40299,0.029242422
40300,0.020500656
40301,0.05893104
40302,0.09098085
40303,0.117741585
40304,0.113107555
40305,0.2588105
40306,0.30511352
40307,0.07262582
40308,0.11113687
40309,0.051016767
40310,0.20694064
40311,0.09373064
40312,0.081523925
40313,0.051329255
40314,0.038219217
40315,0.19241838
40316,0.380784
40317,0.09149716
40318,0.04102734
40319,0.05757595
40320,0.11511141
40321,0.08063469
40322,0.009724453
40323,0.10277938
40324,0.15654236
40325,0.097186595
40326,0.1316711
40327,0.113862686
40328,0.032389402
40329,0.039763667
40330,0.044550348
40331,0.09600136
40332,0.059870835
40333,0.17597914
40334,0.024086064
40335,0.05665334
40336,0.059708428
40337,0.028318832
40338,0.032299243
40339,0.086629406
40340,0.07671525
40341,0.08305447
40342,0.26420024
40343,0.283849
40344,0.05583534
40345,0.07103863
40346,0.030697044
40347,0.10903961
40348,0.056480967
40349,0.018241161
40350,0.06589977
40351,0.05495466
40352,0.17676505
40353,0.010850105
40354,0.017486453
40355,0.023797838
40356,0.051692363
40357,0.053037636
40358,0.19811349
40359,0.095603265
40360,0.11493408
40361,0.07286464
40362,0.03113408
40363,0.01900588
40364,0.09392608
40365,0.05933066
40366,0.111911155
40367,0.06023536
40368,0.441225
40369,0.10317176
40370,0.10337819
40371,0.026285047
40372,0.051557783
40373,0.008160555
40374,0.05612073
40375,0.057796028
40376,0.04067868
40377,0.16439326
40378,0.104712054
40379,0.22376525
40380,0.071788065
40381,0.013274985
40382,0.06604405
40383,0.04960299
40384,0.068083026
40385,0.059970148
40386,0.1442613
40387,0.037550244
40388,0.10690856
40389,0.008339556
40390,0.04255094
40391,0.0
40392,0.004758848
40393,0.09361237
40394,0.015534639
40395,0.051571716
40396,0.032075483
40397,0.011803116
40398,0.020148551
40399,0.04620083
40400,0.054522436
40401,0.08799551
40402,0.1597477
40403,0.13764124
40404,0.10967352
40405,0.12675697
40406,0.0
40407,0.07426861
40408,0.060645565
40409,0.037789594
40410,0.08851782
40411,0.066361666
40412,0.057048917
40413,0.0081673
40414,0.02022091
40415,0.044034544
40416,0.018922063
40417,0.033385556
40418,0.061968166
40419,0.043452546
40420,0.105749354
40421,0.063778736
40422,0.115218684
40423,0.46513748
40424,0.09430608
40425,0.115333915
40426,0.08843736
40427,0.07281112
40428,0.08228396
40429,0.1316851
40430,0.082122765
40431,0.030843535
40432,0.2519317
40433,0.05444657
40434,0.087372035
40435,0.042538762
40436,0.06032147
40437,0.026281642
40438,0.04693541
40439,0.214115
40440,0.07371029
40441,0.06151135
40442,0.10427091
40443,0.6083824
40444,0.094508424
40445,0.040015887
40446,0.13300924
40447,0.06946705
40448,0.19790456
40449,0.26237643
40450,0.10049673
40451,0.025034642
40452,0.065941975
40453,0.07529707
40454,0.12494869
40455,0.1443662
40456,0.0566226
40457,0.15580313
40458,0.07061098
40459,0.10600498
40460,0.02370037
40461,0.009521629
40462,0.022900727
40463,0.051351223
40464,0.06718963
40465,0.021400291
40466,0.101917446
40467,0.21665955
40468,0.12575383
40469,0.08185669
40470,0.059416328
40471,0.09871087
40472,0.16182739
40473,0.22587904
40474,0.08211935
40475,0.061066326
40476,0.04782967
40477,0.06440285
40478,0.42542788
40479,0.020549316
40480,0.16840965
40481,0.24575524
40482,0.13506363
40483,0.020797497
40484,0.03222101
40485,0.13278063
40486,0.1254069
40487,0.13874
40488,0.058401283
40489,0.13419917
40490,0.13524842
40491,0.10158942
40492,0.1717133
40493,0.23708433
40494,0.08107797
40495,0.032360017
40496,0.078678906
40497,0.10284627
40498,0.19950274
40499,0.657508
40500,0.0031672954
40501,0.19160606
40502,0.0
40503,0.03923047
40504,0.21311978
40505,0.07002644
40506,0.09320712
40507,0.045044288
40508,0.06889037
40509,0.33746487
40510,0.05771887
40511,0.10953702
40512,0.218786
40513,0.15143381
40514,0.22330612
40515,0.28723136
40516,0.22642687
40517,0.04834668
40518,0.16495742
40519,0.12450538
40520,0.14716224
40521,0.7207676
40522,0.31203386
40523,0.3399544
40524,0.016517611
40525,0.14500882
40526,0.0124283545
40527,0.07632884
40528,0.07540036
40529,0.089654505
40530,0.041768637
40531,0.032559432
40532,0.09538632
40533,0.091933936
40534,0.13402385
40535,0.15077159
40536,0.13389513
40537,0.123550914
40538,0.2098844
40539,0.15369286
40540,0.061005138
40541,0.12749308
40542,0.19087552
40543,0.096927255
40544,0.7850712
40545,0.7427046
40546,0.4823887
40547,0.03929686
40548,0.12724462
40549,0.33288956
40550,0.10995776
40551,0.07755459
40552,0.076036565
40553,0.08743239
40554,0.10125214
40555,0.09258888
40556,0.045951188
40557,0.22843036
40558,0.11595909
40559,0.05227515
40560,0.14340062
40561,0.15226442
40562,0.09213069
40563,0.08243431
40564,0.20564146
40565,0.12294021
40566,0.1373457
40567,0.11923115
40568,0.12150857
40569,0.79502225
40570,0.74269193
40571,0.4853042
40572,0.058408856
40573,0.051799666
40574,0.029857285
40575,0.2738092
40576,0.12751438
40577,0.22213054
40578,0.08307792
40579,0.10391431
40580,0.11347716
40581,0.13299228
40582,0.17093304
40583,0.19170856
40584,0.35595304
40585,0.38461465
40586,0.1537017
40587,0.1708057
40588,0.13633502
40589,0.08607561
40590,0.1393309
40591,0.11755016
40592,0.07993591
40593,0.053177025
40594,0.14794971
40595,0.15965419
40596,0.091718756
40597,0.121049926
40598,0.064898156
40599,0.78207016
40600,1.0
40601,0.77556217
40602,0.07241514
40603,0.13012514
40604,0.029845001
40605,0.26690656
40606,0.05865589
40607,0.0
40608,0.014221887
40609,0.06612131
40610,0.030549075
40611,0.18345092
40612,0.6458639
40613,0.04400654
40614,0.087189175
40615,0.08391375
40616,0.12095403
40617,0.051730115
40618,0.14723668
40619,0.091517955
40620,0.016461184
40621,0.066284046
40622,0.08097769
40623,0.07000228
40624,0.03170861
40625,0.3390895
40626,0.24474865
40627,0.16994613
40628,0.035209645
40629,0.01108597
40630,0.056712963
40631,0.035977397
40632,0.18068355
40633,0.02452148
40634,0.025544276
40635,0.034040596
40636,0.020760106
40637,0.021845495
40638,0.05019219
40639,0.046264738
40640,0.16132815
40641,0.52724206
40642,0.20310941
40643,0.18755513
40644,0.13594924
40645,0.1629335
40646,0.15117902
40647,0.42037544
40648,0.09371065
40649,0.037968926
40650,0.04211805
40651,0.1299059
40652,0.15821475
40653,0.13856056
40654,0.3653516
40655,0.22686854
40656,0.17626296
40657,0.89696574
40658,0.14567661
40659,0.0007608063
40660,0.10823412
40661,0.17313235
40662,0.042054377
40663,0.048726007
40664,0.35762262
40665,0.031820267
40666,0.006526598
40667,0.014362482
40668,0.023687309
40669,0.08932463
40670,0.2738957
40671,0.1878685
40672,0.26937476
40673,0.2186263
40674,0.11133502
40675,0.1181013
40676,0.23694748
40677,0.11514002
40678,0.047933657
40679,0.034943335
40680,0.25831783
40681,0.2522941
40682,0.035360195
40683,0.32858223
40684,0.18613757
40685,0.04204577
40686,0.06659257
40687,0.06636973
40688,0.019047247
40689,0.0
40690,0.009481389
40691,0.046619404
40692,0.065027766
40693,0.0642752
40694,0.18653888
40695,0.21869422
40696,0.5912721
40697,0.2533863
40698,0.18368404
40699,0.36010122
40700,0.12925963
40701,0.0022902784
40702,0.053427964
40703,0.04649532
40704,0.1135655
40705,0.19260313
40706,0.12914391
40707,0.010345226
40708,0.028825054
40709,0.106696725
40710,0.022468867
40711,0.05779104
40712,0.017199272
40713,0.012029943
40714,0.0098124165
40715,0.0
40716,0.014221151
40717,0.03206832
40718,0.07102652
40719,0.058089405
40720,0.07734799
40721,0.25731835
40722,0.16043012
40723,0.121207125
40724,0.48142588
40725,0.42113805
40726,0.2471798
40727,0.16294394
40728,0.04488468
40729,0.020335214
40730,0.05686948
40731,0.11818658
40732,0.6126075
40733,0.022688318
40734,0.00049640005
40735,0.054505
40736,0.038701177
40737,0.11823874
40738,0.037628356
40739,0.046307143
40740,0.024794037
40741,0.030519925
40742,0.03804743
40743,0.08647305
40744,0.09704654
40745,0.44444034
40746,0.22425613
40747,0.13835257
40748,0.6823284
40749,0.250406
40750,0.32108372
40751,0.18882936
40752,0.021726334
40753,0.07027265
40754,0.10428931
40755,0.022689136
40756,0.056941867
40757,0.28005594
40758,0.06500686
40759,0.20966524
40760,0.01484256
40761,0.10237093
40762,0.121904574
40763,0.12523186
40764,0.17372702
40765,0.03686409
40766,0.05857301
40767,0.077208176
40768,0.16867909
40769,0.68728113
40770,0.20518409
40771,0.42157775
40772,0.21578799
40773,0.25315285
40774,0.18987861
40775,0.17696407
40776,0.057619493
40777,0.0336953
40778,0.059623163
40779,0.05354583
40780,0.08753095
40781,0.14917518
40782,0.13681927
40783,0.08053913
40784,0.22920674
40785,0.035858516
40786,0.10487629
40787,0.23074825
40788,0.07360748
40789,0.073544614
40790,0.19247773
40791,0.007912169
40792,0.0
40793,0.10927319
40794,0.13312778
40795,0.053821396
40796,0.121464245
40797,0.0714549
40798,0.07327569
40799,0.07789208
40800,0.09866208
40801,0.06958556
40802,0.027317649
40803,0.0
40804,0.080214776
40805,0.0
40806,0.06636389
40807,0.045896403
40808,0.11913109
40809,0.12570257
40810,0.05303421
40811,0.08011909
40812,0.18172151
40813,0.25220692
40814,0.42051858
40815,0.13108702
40816,0.09542566
40817,0.06758333
40818,0.041382298
40819,0.062266704
40820,0.15340309
40821,0.00861597
40822,0.036976095
40823,0.04213747
40824,0.02592656
40825,0.04867413
40826,0.0669607
40827,0.07396181
40828,0.29798332
40829,0.009580703
40830,0.02345659
40831,0.051986314
40832,0.06768139
40833,0.09230878
40834,0.28863108
40835,0.1218888
40836,0.016856942
40837,0.12590525
40838,0.07687071
40839,0.02100263
40840,0.11353596
40841,0.11706719
40842,0.06111081
40843,0.21537933
40844,0.0156244235
40845,0.09189137
40846,0.12593749
40847,0.023978904
40848,0.014487496
40849,0.03701755
40850,0.048487928
40851,0.2270466
40852,0.07436762
40853,0.020262178
40854,0.046185657
40855,0.08280516
40856,0.055236496
40857,0.1959811
40858,0.033900283
40859,0.15486003
40860,0.05498274
40861,0.0028138594
40862,0.05033446
40863,0.03178555
40864,0.18726313
40865,0.0
40866,0.1964427
40867,0.045745622
40868,0.09161599
40869,0.14796329
40870,0.04384897
40871,0.2861644
40872,0.49985054
40873,0.13420936
40874,0.1575269
40875,0.064667486
40876,0.104400255
40877,0.075668015
40878,0.06326323
40879,0.11090187
40880,0.1241846
40881,0.19340079
40882,0.92167926
40883,0.07852552
40884,0.05288896
40885,0.07895179
40886,0.0790699
40887,0.04079566
40888,0.05286113
40889,0.16376933
40890,0.386977
40891,0.088354744
40892,0.16798353
40893,0.14169702
40894,0.01950762
40895,0.15531957
40896,0.027648525
40897,0.0440662
40898,0.058788855
40899,0.10413901
40900,0.048428755
40901,0.05782113
40902,0.018771378
40903,0.2360106
40904,0.061997768
40905,0.06302236
40906,0.0015311049
40907,0.04023965
40908,0.055871423
40909,0.08071406
40910,0.023809018
40911,0.065407485
40912,0.61106914
40913,0.05615454
40914,0.111265734
40915,0.048427235
40916,0.09554885
40917,0.022719711
40918,0.10568153
40919,0.0
40920,0.012540644
40921,0.23724613
40922,0.0160924
40923,0.05410437
40924,0.0
40925,0.12891586
40926,0.0
40927,0.06701172
40928,0.010652248
40929,0.04613543
40930,0.20793658
40931,0.011438735
40932,0.018441813
40933,0.0685757
40934,0.09251521
40935,0.014895422
40936,0.110836886
40937,0.039245423
40938,0.0
40939,0.0
40940,0.043520246
40941,0.14719759
40942,0.052086506
40943,0.047855224
40944,0.018382588
40945,0.0
40946,0.022600861
40947,0.0
40948,0.045050774
40949,0.16430356
40950,0.08651681
40951,0.01478448
40952,0.031676676
40953,0.05984046
40954,0.040765088
40955,0.10314684
40956,0.0069052624
40957,0.12820172
40958,0.17932361
40959,0.021544281
40960,0.073242694
40961,0.0
40962,0.022119408
40963,0.024781268
40964,0.0
40965,0.016340297
40966,0.0
40967,0.02340284
40968,0.07752986
40969,0.025793342
40970,0.059791565
40971,0.0
40972,0.026481068
40973,0.083389536
40974,0.19263345
40975,0.0573465
40976,0.050076813
40977,0.06526617
40978,0.06672142
40979,0.031559464
40980,0.028214116
40981,0.07114293
40982,0.058563136
40983,0.09048724
40984,0.018329246
40985,0.12876624
40986,0.036391325
40987,0.04790072
40988,0.010580881
40989,0.008468119
40990,0.0436122
40991,0.081666425
40992,0.07514541
40993,0.1819316
40994,0.04212517
40995,0.065266475
40996,0.06612484
40997,0.05566499
40998,0.20410028
40999,0.1577505
41000,0.11585139
41001,0.0019721242
41002,0.0043800324
41003,0.012764537
41004,0.045106795
41005,0.0022377844
41006,0.026594453
41007,0.016254641
41008,0.16186681
41009,0.058384724
41010,0.10700684
41011,0.17833826
41012,0.17813489
41013,0.04365805
41014,0.0738397
41015,0.15745845
41016,0.22511783
41017,0.044144116
41018,0.10289626
41019,0.05347491
41020,0.0
41021,0.1443281
41022,0.037960388
41023,0.55701274
41024,0.15684742
41025,0.16694973
41026,0.07852499
41027,0.082984805
41028,0.049023047
41029,0.025359027
41030,0.12608361
41031,0.32355994
41032,0.3403919
41033,0.018404566
41034,0.08317429
41035,0.0084267035
41036,0.09279943
41037,0.15698805
41038,0.04990084
41039,0.009941244
41040,0.0434575
41041,0.10357625
41042,0.2059929
41043,0.09705461
41044,0.11199356
41045,0.3088598
41046,0.09920399
41047,0.30718037
41048,0.08802116
41049,0.23260103
41050,0.025917236
41051,0.003931396
41052,0.03345315
41053,0.058371443
41054,0.08382943
41055,0.064003274
41056,0.007587021
41057,0.037779152
41058,0.05476447
41059,0.20895363
41060,0.055793118
41061,0.021898456
41062,0.06685941
41063,0.05623076
41064,0.0007869127
41065,0.09731485
41066,0.22528629
41067,0.2301229
41068,0.12135861
41069,0.047042374
41070,0.25195384
41071,0.10208723
41072,0.04476121
41073,0.26226643
41074,0.27244112
41075,0.09510033
41076,0.08660993
41077,0.0
41078,0.02059618
41079,0.08909876
41080,0.07996975
41081,0.22098657
41082,0.27483806
41083,0.06094333
41084,0.09523819
41085,0.030701712
41086,0.012739745
41087,0.023353474
41088,0.19196808
41089,0.08495234
41090,0.06996389
41091,0.035955653
41092,0.17167695
41093,0.3675914
41094,0.07904603
41095,0.031513546
41096,0.062976226
41097,0.11629552
41098,0.07648215
41099,0.092198886
41100,0.1586524
41101,0.09027256
41102,0.13997544
41103,0.1101641
41104,0.037198298
41105,0.041927073
41106,0.043434188
41107,0.05813707
41108,0.09094349
41109,0.062828474
41110,0.18624924
41111,0.0267556
41112,0.052018065
41113,0.06414947
41114,0.028946323
41115,0.032245312
41116,0.08188909
41117,0.07952383
41118,0.036234953
41119,0.08954174
41120,0.28560174
41121,0.3010341
41122,0.06768388
41123,0.096953504
41124,0.11392386
41125,0.07066998
41126,0.023661757
41127,0.08401086
41128,0.03414998
41129,0.067257136
41130,0.18636009
41131,0.011685614
41132,0.012454805
41133,0.028682383
41134,0.03793232
41135,0.04729309
41136,0.1996814
41137,0.08957064
41138,0.10159668
41139,0.06860351
41140,0.023059377
41141,0.010249769
41142,0.0804836
41143,0.05343711
41144,0.10969626
41145,0.0729345
41146,0.44970787
41147,0.10631813
41148,0.099560276
41149,0.03177187
41150,0.01989776
41151,0.05784373
41152,0.01620153
41153,0.008533925
41154,0.066410325
41155,0.021682475
41156,0.049441
41157,0.040339127
41158,0.17136618
41159,0.10408446
41160,0.2158328
41161,0.07293196
41162,0.01060531
41163,0.062692925
41164,0.041565485
41165,0.04971004
41166,0.07127316
41167,0.078074306
41168,0.15814936
41169,0.046101574
41170,0.12952617
41171,0.0
41172,0.04413798
41173,0.019572806
41174,0.099402264
41175,0.0632627
41176,0.03837332
41177,0.0063817813
41178,0.024643434
41179,0.026633956
41180,0.040372744
41181,0.08186131
41182,0.16092591
41183,0.13121898
41184,0.09594647
41185,0.12210621
41186,0.0
41187,0.065122835
41188,0.054362345
41189,0.035185028
41190,0.10082738
41191,0.074455045
41192,0.017924841
41193,0.073871955
41194,0.025318043
41195,0.027941348
41196,0.033380747
41197,0.027698167
41198,0.062452883
41199,0.0479863
41200,0.08622141
41201,0.049667936
41202,0.10912338
41203,0.46635455
41204,0.0879227
41205,0.10164576
41206,0.08382548
41207,0.0643857
41208,0.07317709
41209,0.1178919
41210,0.07587842
41211,0.008005162
41212,0.26879352
41213,0.039815545
41214,0.08320336
41215,0.04767481
41216,0.056689125
41217,0.026315741
41218,0.059935212
41219,0.2370312
41220,0.07256464
41221,0.0657829
41222,0.116557896
41223,0.6279816
41224,0.10650736
41225,0.044709958
41226,0.14677969
41227,0.07942391
41228,0.20717992
41229,0.26696545
41230,0.11263467
41231,0.037913892
41232,0.08175861
41233,0.09647496
41234,0.1601928
41235,0.14811745
41236,0.07083624
41237,0.17932144
41238,0.085360944
41239,0.13963988
41240,0.014582318
41241,0.02209427
41242,0.06046094
41243,0.052237622
41244,0.011865464
41245,0.1003981
41246,0.22245272
41247,0.123946466
41248,0.072744496
41249,0.05938036
41250,0.0948614
41251,0.15729639
41252,0.21666174
41253,0.08045097
41254,0.06307664
41255,0.060537837
41256,0.07177441
41257,0.4468657
41258,0.1688169
41259,0.25546753
41260,0.13600715
41261,0.059088025
41262,0.020573445
41263,0.013329725
41264,0.034669384
41265,0.11116737
41266,0.10921073
41267,0.13787186
41268,0.04993254
41269,0.118425675
41270,0.12855126
41271,0.091078624
41272,0.160521
41273,0.22120577
41274,0.07274826
41275,0.02770899
41276,0.088942
41277,0.108893156
41278,0.20021303
41279,0.6722848
41280,0.0062179994
41281,0.18588834
41282,0.05239771
41283,0.2142839
41284,0.027565025
41285,0.064223796
41286,0.09732071
41287,0.025096115
41288,0.054359354
41289,0.338262
41290,0.050915226
41291,0.095428616
41292,0.21375386
41293,0.14258802
41294,0.21377887
41295,0.27301818
41296,0.21976234
41297,0.044285525
41298,0.15903416
41299,0.12151952
41300,0.15909043
41301,0.7284798
41302,0.3144094
41303,0.35639605
41304,0.021233436
41305,0.14095613
41306,0.091161236
41307,0.05281263
41308,0.08609396
41309,0.08850906
41310,0.07745616
41311,0.11224144
41312,0.13806531
41313,0.11737547
41314,0.10634973
41315,0.18799672
41316,0.13935421
41317,0.053838655
41318,0.11575787
41319,0.17727812
41320,0.042877767
41321,0.1011813
41322,0.785109
41323,0.7374058
41324,0.4911561
41325,0.13440272
41326,0.32804453
41327,0.10779861
41328,0.06462264
41329,0.088409975
41330,0.11214596
41331,0.07942093
41332,0.03820044
41333,0.22869506
41334,0.12353624
41335,0.052251764
41336,0.13607241
41337,0.15401253
41338,0.090065256
41339,0.07968743
41340,0.1982082
41341,0.12305584
41342,0.059264522
41343,0.14006478
41344,0.12008812
41345,0.12530284
41346,0.8095146
41347,0.7518477
41348,0.5085259
41349,0.06990493
41350,0.054527324
41351,0.036251444
41352,0.29542184
41353,0.13712382
41354,0.23442574
41355,0.089979984
41356,0.10543674
41357,0.04880626
41358,0.111696005
41359,0.14112748
41360,0.15500642
41361,0.18119909
41362,0.35345894
41363,0.38943323
41364,0.1509197
41365,0.1607188
41366,0.13532443
41367,0.08125145
41368,0.1338252
41369,0.107358195
41370,0.07729283
41371,0.044074826
41372,0.15247895
41373,0.15961447
41374,0.08981702
41375,0.12208555
41376,0.08084786
41377,0.79380363
41378,1.0
41379,0.7960254
41380,0.071847714
41381,0.13886248
41382,0.28576052
41383,0.0
41384,0.00022281898
41385,0.026447779
41386,0.054285444
41387,0.024130382
41388,0.18504775
41389,0.6547726
41390,0.045315247
41391,0.081193075
41392,0.08699393
41393,0.12022066
41394,0.050315324
41395,0.14113553
41396,0.09296567
41397,0.011449765
41398,0.07490404
41399,0.08502886
41400,0.07219137
41401,0.036835082
41402,0.35491383
41403,0.25523654
41404,0.19450012
41405,0.02827067
41406,0.0695411
41407,0.043703612
41408,0.20362817
41409,0.035463113
41410,0.03917158
41411,0.043055803
41412,0.023908136
41413,0.034909707
41414,0.039194707
41415,0.04068445
41416,0.1637633
41417,0.5369895
41418,0.20525655
41419,0.18239734
41420,0.13986781
41421,0.1630384
41422,0.15060247
41423,0.4151128
41424,0.095996715
41425,0.047007576
41426,0.1329333
41427,0.16417949
41428,0.15943943
41429,0.38201421
41430,0.23819457
41431,0.20165527
41432,0.8908653
41433,0.15003833
41434,0.014427295
41435,0.116798654
41436,0.1969153
41437,0.053834382
41438,0.06319169
41439,0.38730025
41440,0.037328064
41441,0.021950586
41442,0.005724692
41443,0.020466734
41444,0.09411948
41445,0.28600314
41446,0.19237545
41447,0.26657677
41448,0.22490467
41449,0.11379972
41450,0.11988468
41451,0.23404446
41452,0.009817353
41453,0.12238929
41454,0.053320892
41455,0.043267865
41456,0.28155673
41457,0.2713167
41458,0.049046
41459,0.32484144
41460,0.19285908
41461,0.061994098
41462,0.077516854
41463,0.09251253
41464,0.0
41465,0.013964982
41466,0.027041225
41467,0.050866783
41468,0.05812967
41469,0.18770584
41470,0.21226075
41471,0.5775337
41472,0.24872434
41473,0.17520832
41474,0.35094428
41475,0.11541631
41476,0.0031679824
41477,0.049736816
41478,0.04094211
41479,0.1109496
41480,0.20490137
41481,0.13722603
41482,0.0130905965
41483,0.014143805
41484,0.102477804
41485,0.03147688
41486,0.057774942
41487,0.03240161
41488,0.002232612
41489,0.017914923
41490,0.010304294
41491,0.0
41492,0.008024163
41493,0.035787515
41494,0.05068398
41495,0.043164097
41496,0.070438065
41497,0.2577211
41498,0.15323234
41499,0.106704354
41500,0.47599927
41501,0.41189814
41502,0.23725846
41503,0.14833614
41504,0.05348926
41505,0.1297203
41506,0.067581154
41507,0.0
41508,0.6076244
41509,0.027009778
41510,0.062748566
41511,0.037920732
41512,0.1326767
41513,0.051427785
41514,0.02452156
41515,0.024867753
41516,0.029611683
41517,0.032380722
41518,0.08622348
41519,0.10481246
41520,0.45951888
41521,0.23173408
41522,0.13852565
41523,0.69157773
41524,0.25584194
41525,0.32583824
41526,0.18889736
41527,0.048990306
41528,0.030084603
41529,0.051092803
41530,0.09648232
41531,0.12628268
41532,0.06663442
41533,0.29905334
41534,0.075235754
41535,0.23258471
41536,0.028737895
41537,0.13148473
41538,0.13901535
41539,0.1450283
41540,0.18813041
41541,0.045887727
41542,0.07746702
41543,0.1769534
41544,0.70286787
41545,0.2131704
41546,0.42225915
41547,0.22554539
41548,0.25909725
41549,0.19514124
41550,0.17754042
41551,0.0664862
41552,0.08634127
41553,0.070710994
41554,0.118762575
41555,0.15937606
41556,0.15632494
41557,0.0912764
41558,0.25263438
41559,0.13449849
41560,0.25105304
41561,0.08851918
41562,0.0
41563,0.075000174
41564,0.20124573
41565,0.009079672
41566,0.0
41567,0.11221217
41568,0.13225316
41569,0.052265383
41570,0.11522188
41571,0.07644012
41572,0.09317502
41573,0.0935752
41574,0.10900856
41575,0.062505454
41576,0.030699808
41577,0.0
41578,0.09682381
41579,0.0
41580,0.079849966
41581,0.028286293
41582,0.10953645
41583,0.123420365
41584,0.04315149
41585,0.008359311
41586,0.07200787
41587,0.16979668
41588,0.23960061
41589,0.40322626
41590,0.12134341
41591,0.060001276
41592,0.10005856
41593,0.06687959
41594,0.054744907
41595,0.044136394
41596,0.14573504
41597,0.0014842739
41598,0.042534955
41599,0.04188768
41600,0.028362414
41601,0.0457169
41602,0.058767363
41603,0.073783875
41604,0.30511796
41605,0.009114723
41606,0.015685784
41607,0.053291794
41608,0.06517333
41609,0.08911934
41610,0.2807555
41611,0.121561855
41612,0.019133411
41613,0.12925692
41614,0.09092035
41615,0.02971559
41616,0.13631517
41617,0.108353585
41618,0.0628595
41619,0.23654926
41620,0.02166751
41621,0.11042593
41622,0.004609972
41623,0.08889238
41624,0.130251
41625,0.020691836
41626,0.0038956401
41627,0.035501983
41628,0.04315885
41629,0.22103594
41630,0.0636707
41631,0.0
41632,0.02079286
41633,0.061630484
41634,0.061128415
41635,0.2159393
41636,0.02236557
41637,0.1537876
41638,0.063215114
41639,0.01811395
41640,0.029041972
41641,0.06868337
41642,0.03813143
41643,0.19090153
41644,0.22068603
41645,0.03338495
41646,0.08727075
41647,0.1509305
41648,0.03191083
41649,0.28330255
41650,0.49317488
41651,0.12685241
41652,0.14548366
41653,0.06017317
41654,0.10707824
41655,0.07377719
41656,0.059510328
41657,0.11008628
41658,0.13828297
41659,0.20328309
41660,0.92622507
41661,0.06564461
41662,0.08583793
41663,0.07718763
41664,0.18077192
41665,0.3919766
41666,0.096039996
41667,0.17027567
41668,0.16459404
41669,0.01003063
41670,0.15315522
41671,0.01788346
41672,0.036072608
41673,0.046300333
41674,0.08696411
41675,0.03880278
41676,0.050798558
41677,0.009886756
41678,0.24076138
41679,0.06141171
41680,0.07650264
41681,0.0
41682,0.032689285
41683,0.057625804
41684,0.073700055
41685,0.07727845
41686,0.610937
41687,0.05870805
41688,0.10842613
41689,0.044317972
41690,0.113314174
41691,0.009658429
41692,0.09993268
41693,0.0
41694,0.0
41695,0.22185469
41696,1.9551611e-05
41697,0.06495873
41698,0.13881181
41699,0.0651818
41700,5.3905147e-05
41701,0.05442202
41702,0.20422012
41703,0.105583936
41704,0.013058799
41705,0.114263006
41706,0.04199017
41707,0.0078143515
41708,0.0
41709,0.05816744
41710,0.17591107
41711,0.04930707
41712,0.05553811
41713,0.03537026
41714,0.04351067
41715,0.17940462
41716,0.10430355
41717,0.0
41718,0.0
41719,0.0
41720,0.00426899
41721,0.0032099534
41722,0.009045079
41723,0.0
41724,0.02780492
41725,0.07003509
41726,0.019466732
41727,0.09231085
41728,0.13678694
41729,0.17859161
41730,0.0141493175
41731,0.0
41732,0.013635407
41733,0.0
41734,0.030497868
41735,0.013531128
41736,0.0
41737,0.0
41738,0.0034265744
41739,0.014265465
41740,0.0
41741,0.033453334
41742,0.010901385
41743,0.09859238
41744,0.08262556
41745,0.054854922
41746,0.11363102
41747,0.028932646
41748,0.23533192
41749,0.08804195
41750,0.083457835
41751,0.09325413
41752,0.053835113
41753,0.0113683585
41754,0.055533223
41755,0.038266998
41756,0.08491226
41757,0.12505895
41758,0.046750333
41759,0.0
41760,0.015318809
41761,0.056650396
41762,0.015998544
41763,0.02637188
41764,0.033646524
41765,0.08357648
41766,0.08349196
41767,0.05984971
41768,0.20273511
41769,0.048218235
41770,0.13376014
41771,0.03957216
41772,0.039324064
41773,0.19496378
41774,0.14327726
41775,0.015097812
41776,0.113835186
41777,0.03486239
